--
-- PostgreSQL database dump
--

-- Dumped from database version 10.4
-- Dumped by pg_dump version 14.4

-- Started on 2022-09-14 13:59:41

SET statement_timeout = 0;
SET lock_timeout = 0;
SET idle_in_transaction_session_timeout = 0;
SET client_encoding = 'UTF8';
SET standard_conforming_strings = on;
SELECT pg_catalog.set_config('search_path', '', false);
SET check_function_bodies = false;
SET xmloption = content;
SET client_min_messages = warning;
SET row_security = off;

SET default_tablespace = '';

--
-- TOC entry 205 (class 1259 OID 92639)
-- Name: bookmarks; Type: TABLE; Schema: public; Owner: postgres
--

CREATE TABLE public.bookmarks (
    user_id integer NOT NULL,
    publication_id integer NOT NULL
);


ALTER TABLE public.bookmarks OWNER TO postgres;

--
-- TOC entry 202 (class 1259 OID 92620)
-- Name: comment_statuses; Type: TABLE; Schema: public; Owner: postgres
--

CREATE TABLE public.comment_statuses (
    id integer NOT NULL,
    name character varying(20) NOT NULL
);


ALTER TABLE public.comment_statuses OWNER TO postgres;

--
-- TOC entry 200 (class 1259 OID 92514)
-- Name: comments; Type: TABLE; Schema: public; Owner: postgres
--

CREATE TABLE public.comments (
    id integer NOT NULL,
    publication_id integer NOT NULL,
    user_id integer NOT NULL,
    status_id integer NOT NULL,
    created_at timestamp without time zone NOT NULL,
    text text NOT NULL
);


ALTER TABLE public.comments OWNER TO postgres;

--
-- TOC entry 198 (class 1259 OID 92502)
-- Name: hubs; Type: TABLE; Schema: public; Owner: postgres
--

CREATE TABLE public.hubs (
    id integer NOT NULL,
    name character varying(200) NOT NULL,
    description character varying(500)
);


ALTER TABLE public.hubs OWNER TO postgres;

--
-- TOC entry 199 (class 1259 OID 92509)
-- Name: hubs_publications; Type: TABLE; Schema: public; Owner: postgres
--

CREATE TABLE public.hubs_publications (
    hub_id integer NOT NULL,
    publication_id integer NOT NULL
);


ALTER TABLE public.hubs_publications OWNER TO postgres;

--
-- TOC entry 209 (class 1259 OID 93783)
-- Name: images; Type: TABLE; Schema: public; Owner: postgres
--

CREATE TABLE public.images (
    id integer NOT NULL,
    url character varying(250) NOT NULL,
    owner_id integer NOT NULL,
    description character varying(250) NOT NULL,
    uploaded_at timestamp without time zone NOT NULL,
    size integer NOT NULL
);


ALTER TABLE public.images OWNER TO postgres;

--
-- TOC entry 208 (class 1259 OID 93781)
-- Name: images_id_seq; Type: SEQUENCE; Schema: public; Owner: postgres
--

CREATE SEQUENCE public.images_id_seq
    AS integer
    START WITH 1
    INCREMENT BY 1
    NO MINVALUE
    NO MAXVALUE
    CACHE 1;


ALTER TABLE public.images_id_seq OWNER TO postgres;

--
-- TOC entry 2904 (class 0 OID 0)
-- Dependencies: 208
-- Name: images_id_seq; Type: SEQUENCE OWNED BY; Schema: public; Owner: postgres
--

ALTER SEQUENCE public.images_id_seq OWNED BY public.images.id;


--
-- TOC entry 207 (class 1259 OID 92659)
-- Name: notification_types; Type: TABLE; Schema: public; Owner: postgres
--

CREATE TABLE public.notification_types (
    id integer NOT NULL,
    name character varying(250) NOT NULL
);


ALTER TABLE public.notification_types OWNER TO postgres;

--
-- TOC entry 206 (class 1259 OID 92654)
-- Name: notifications; Type: TABLE; Schema: public; Owner: postgres
--

CREATE TABLE public.notifications (
    user_id integer NOT NULL,
    notification_type_id integer NOT NULL
);


ALTER TABLE public.notifications OWNER TO postgres;

--
-- TOC entry 204 (class 1259 OID 92634)
-- Name: profiles; Type: TABLE; Schema: public; Owner: postgres
--

CREATE TABLE public.profiles (
    user_id integer NOT NULL,
    avatar_image_id integer,
    gender character varying(1),
    birthday date
);


ALTER TABLE public.profiles OWNER TO postgres;

--
-- TOC entry 201 (class 1259 OID 92610)
-- Name: publications; Type: TABLE; Schema: public; Owner: postgres
--

CREATE TABLE public.publications (
    id integer NOT NULL,
    title character varying(400) NOT NULL,
    cover_image_id integer,
    body text NOT NULL,
    author_id integer NOT NULL,
    created_at timestamp without time zone NOT NULL
);


ALTER TABLE public.publications OWNER TO postgres;

--
-- TOC entry 203 (class 1259 OID 92625)
-- Name: users; Type: TABLE; Schema: public; Owner: postgres
--

CREATE TABLE public.users (
    id integer NOT NULL,
    name character varying(50) NOT NULL,
    email character varying(120) NOT NULL,
    phone character varying(15),
    created_at timestamp without time zone
);


ALTER TABLE public.users OWNER TO postgres;

--
-- TOC entry 2716 (class 2604 OID 93786)
-- Name: images id; Type: DEFAULT; Schema: public; Owner: postgres
--

ALTER TABLE ONLY public.images ALTER COLUMN id SET DEFAULT nextval('public.images_id_seq'::regclass);


--
-- TOC entry 2894 (class 0 OID 92639)
-- Dependencies: 205
-- Data for Name: bookmarks; Type: TABLE DATA; Schema: public; Owner: postgres
--

COPY public.bookmarks (user_id, publication_id) FROM stdin;
6	1
94	8
95	44
34	79
41	74
14	82
10	99
77	5
50	83
95	81
72	59
27	53
85	56
92	75
22	22
66	78
44	43
90	24
48	20
73	56
28	86
26	38
12	73
37	16
73	48
75	61
94	34
53	73
73	62
59	65
12	10
84	17
8	38
18	47
45	41
20	12
74	32
62	63
26	6
28	15
74	28
46	21
66	93
1	37
41	95
43	54
50	14
12	43
67	80
46	81
33	45
92	20
51	7
89	57
13	47
45	32
94	57
10	31
12	48
85	80
56	77
74	88
23	6
16	46
52	30
43	28
42	84
52	61
54	66
68	71
11	25
89	25
99	56
31	81
54	77
29	78
27	82
31	65
43	95
33	77
65	95
98	82
93	10
72	64
81	70
53	7
76	12
93	44
74	29
34	72
96	57
98	70
54	63
24	48
21	37
37	86
18	30
78	40
16	29
6	19
\.


--
-- TOC entry 2891 (class 0 OID 92620)
-- Dependencies: 202
-- Data for Name: comment_statuses; Type: TABLE DATA; Schema: public; Owner: postgres
--

COPY public.comment_statuses (id, name) FROM stdin;
1	На модерации
2	Подтвержден
3	Отклонен
\.


--
-- TOC entry 2889 (class 0 OID 92514)
-- Dependencies: 200
-- Data for Name: comments; Type: TABLE DATA; Schema: public; Owner: postgres
--

COPY public.comments (id, publication_id, user_id, status_id, created_at, text) FROM stdin;
1	98	62	3	2021-12-12 05:58:00	feugiat. Sed nec metus facilisis lorem tristique aliquet. Phasellus fermentum convallis ligula. Donec luctus aliquet odio. Etiam ligula tortor,
2	9	49	1	2022-04-08 11:36:00	felis orci, adipiscing non, luctus sit amet, faucibus ut, nulla. Cras eu tellus eu augue porttitor interdum. Sed auctor
3	63	96	2	2022-03-25 11:42:00	nunc nulla vulputate dui, nec tempus mauris erat eget ipsum. Suspendisse
4	88	59	2	2022-02-10 01:14:00	vitae mauris sit amet lorem semper auctor. Mauris vel turpis. Aliquam adipiscing lobortis risus. In mi pede, nonummy
5	86	61	1	2022-07-19 05:14:00	mauris, aliquam eu, accumsan sed, facilisis vitae, orci. Phasellus dapibus quam quis diam. Pellentesque habitant
6	83	11	3	2022-06-22 06:36:00	turpis. In condimentum. Donec at arcu. Vestibulum ante ipsum primis in faucibus orci luctus et
7	35	31	2	2022-03-05 08:11:00	non lorem vitae odio sagittis semper. Nam tempor diam dictum sapien. Aenean
8	89	3	1	2022-07-16 10:19:00	dictum. Proin eget odio. Aliquam vulputate ullamcorper magna. Sed eu eros. Nam
9	44	60	3	2021-11-15 05:23:00	porttitor scelerisque neque. Nullam nisl. Maecenas malesuada fringilla est. Mauris eu turpis. Nulla aliquet. Proin velit. Sed malesuada augue
10	39	91	2	2022-01-13 11:47:00	primis in faucibus orci luctus et ultrices posuere cubilia Curae Phasellus ornare. Fusce mollis. Duis
11	9	96	1	2022-06-22 10:31:00	arcu. Nunc mauris. Morbi non sapien molestie orci tincidunt adipiscing. Mauris molestie pharetra nibh. Aliquam ornare, libero at auctor ullamcorper,
12	43	78	2	2021-12-18 04:59:00	quam dignissim pharetra. Nam ac nulla. In tincidunt congue turpis. In condimentum. Donec at arcu. Vestibulum ante ipsum primis
64	12	8	1	2021-12-24 01:51:00	metus. Vivamus euismod urna. Nullam lobortis quam a felis ullamcorper viverra.
13	7	5	2	2022-05-01 09:54:00	quam dignissim pharetra. Nam ac nulla. In tincidunt congue turpis. In condimentum. Donec at arcu. Vestibulum ante ipsum primis
14	25	7	3	2022-06-16 04:18:00	nunc sed libero. Proin sed turpis nec mauris blandit mattis. Cras eget nisi dictum augue
15	59	96	2	2022-08-01 10:55:00	est, mollis non, cursus non, egestas a, dui. Cras pellentesque. Sed dictum. Proin eget odio.
16	53	93	2	2021-09-27 09:22:00	lacinia mattis. Integer eu lacus. Quisque imperdiet, erat nonummy ultricies ornare, elit elit fermentum risus, at fringilla purus mauris a
17	26	74	2	2022-04-25 10:44:00	Fusce mollis. Duis sit amet diam eu dolor egestas rhoncus. Proin nisl sem, consequat nec, mollis vitae,
18	34	16	2	2021-11-05 12:19:00	aliquet lobortis, nisi nibh lacinia orci, consectetuer euismod est arcu ac orci. Ut semper pretium
19	75	57	2	2021-09-22 03:20:00	parturient montes, nascetur ridiculus mus. Proin vel arcu eu odio tristique pharetra. Quisque ac libero nec
20	85	61	1	2022-01-17 01:19:00	ante. Nunc mauris sapien, cursus in, hendrerit consectetuer, cursus et,
21	86	64	1	2021-12-29 09:42:00	orci, consectetuer euismod est arcu ac orci. Ut semper pretium neque. Morbi quis urna. Nunc quis arcu vel quam
22	54	23	1	2022-07-31 09:07:00	accumsan laoreet ipsum. Curabitur consequat, lectus sit amet luctus vulputate, nisi sem semper
23	35	98	2	2022-03-07 06:06:00	sociis natoque penatibus et magnis dis parturient montes, nascetur ridiculus mus. Aenean eget magna. Suspendisse tristique
24	10	39	3	2021-10-14 05:52:00	ipsum ac mi eleifend egestas. Sed pharetra, felis eget varius ultrices, mauris ipsum porta
25	59	56	3	2022-06-13 12:54:00	nisl. Quisque fringilla euismod enim. Etiam gravida molestie arcu. Sed eu nibh
26	41	37	3	2021-11-06 10:25:00	elit, pellentesque a, facilisis non, bibendum sed, est. Nunc laoreet lectus
27	72	45	2	2022-05-18 09:17:00	pharetra nibh. Aliquam ornare, libero at auctor ullamcorper, nisl arcu iaculis enim, sit amet ornare lectus justo eu arcu.
28	91	20	2	2021-09-15 04:52:00	congue a, aliquet vel, vulputate eu, odio. Phasellus at augue id ante dictum cursus. Nunc mauris elit,
29	24	20	1	2022-03-23 02:16:00	Morbi accumsan laoreet ipsum. Curabitur consequat, lectus sit amet luctus vulputate, nisi sem semper erat, in consectetuer ipsum
30	32	5	2	2021-11-10 02:09:00	convallis in, cursus et, eros. Proin ultrices. Duis volutpat nunc sit amet metus.
31	58	94	3	2022-09-07 01:03:00	erat. Vivamus nisi. Mauris nulla. Integer urna. Vivamus molestie dapibus ligula. Aliquam erat volutpat. Nulla dignissim. Maecenas ornare
32	79	8	1	2022-04-29 03:37:00	placerat. Cras dictum ultricies ligula. Nullam enim. Sed nulla ante, iaculis nec,
33	78	23	2	2022-03-19 01:43:00	montes, nascetur ridiculus mus. Proin vel nisl. Quisque fringilla euismod enim. Etiam gravida molestie arcu. Sed eu
34	41	95	2	2022-03-28 03:52:00	sociis natoque penatibus et magnis dis parturient montes, nascetur ridiculus mus. Proin vel
35	80	34	3	2022-08-23 10:41:00	sed consequat auctor, nunc nulla vulputate dui, nec tempus mauris erat eget ipsum. Suspendisse sagittis. Nullam vitae diam. Proin dolor.
36	77	19	3	2021-12-15 06:38:00	congue a, aliquet vel, vulputate eu, odio. Phasellus at augue id ante dictum cursus.
37	35	63	1	2022-02-21 11:09:00	mauris. Integer sem elit, pharetra ut, pharetra sed, hendrerit a, arcu. Sed et libero. Proin mi.
38	24	4	3	2021-11-15 02:08:00	dis parturient montes, nascetur ridiculus mus. Proin vel arcu eu odio tristique pharetra. Quisque
39	14	23	2	2022-07-07 09:39:00	fringilla. Donec feugiat metus sit amet ante. Vivamus non lorem vitae odio sagittis semper. Nam tempor diam
40	69	35	1	2021-09-28 07:52:00	justo nec ante. Maecenas mi felis, adipiscing fringilla, porttitor vulputate, posuere vulputate, lacus. Cras interdum. Nunc sollicitudin commodo
41	94	61	2	2022-08-30 05:17:00	enim commodo hendrerit. Donec porttitor tellus non magna. Nam ligula elit,
42	17	76	1	2022-05-07 07:14:00	luctus felis purus ac tellus. Suspendisse sed dolor. Fusce mi lorem, vehicula et, rutrum eu, ultrices sit
43	65	96	2	2022-06-06 04:24:00	elit erat vitae risus. Duis a mi fringilla mi lacinia mattis. Integer eu lacus. Quisque imperdiet, erat nonummy
44	59	72	3	2022-02-28 08:09:00	dictum. Phasellus in felis. Nulla tempor augue ac ipsum. Phasellus vitae mauris
45	60	13	3	2022-03-14 09:36:00	egestas a, dui. Cras pellentesque. Sed dictum. Proin eget odio. Aliquam vulputate ullamcorper magna. Sed eu eros.
46	14	1	2	2022-04-20 09:44:00	eros. Proin ultrices. Duis volutpat nunc sit amet metus. Aliquam erat volutpat. Nulla facilisis. Suspendisse commodo tincidunt nibh. Phasellus
47	6	24	1	2022-01-25 02:34:00	lobortis, nisi nibh lacinia orci, consectetuer euismod est arcu ac orci. Ut semper pretium neque. Morbi quis
48	18	63	3	2022-02-17 03:06:00	risus. Quisque libero lacus, varius et, euismod et, commodo at,
49	83	99	3	2022-05-13 08:04:00	tempor bibendum. Donec felis orci, adipiscing non, luctus sit amet, faucibus ut, nulla. Cras eu tellus eu
50	84	96	2	2022-07-11 12:12:00	fermentum vel, mauris. Integer sem elit, pharetra ut, pharetra sed, hendrerit a, arcu. Sed et libero. Proin
51	82	91	3	2022-03-23 01:13:00	Proin sed turpis nec mauris blandit mattis. Cras eget nisi dictum augue malesuada
52	45	90	3	2022-01-23 05:38:00	pellentesque. Sed dictum. Proin eget odio. Aliquam vulputate ullamcorper magna. Sed eu eros.
53	56	75	2	2022-04-17 08:47:00	hendrerit neque. In ornare sagittis felis. Donec tempor, est ac mattis semper, dui
54	39	79	1	2022-02-05 08:24:00	taciti sociosqu ad litora torquent per conubia nostra, per inceptos hymenaeos. Mauris ut quam
55	1	1	2	2022-04-11 11:04:00	volutpat. Nulla dignissim. Maecenas ornare egestas ligula. Nullam feugiat placerat velit. Quisque
56	11	69	3	2022-08-17 09:24:00	arcu. Vivamus sit amet risus. Donec egestas. Aliquam nec enim. Nunc ut
57	77	63	3	2022-07-10 09:52:00	sagittis semper. Nam tempor diam dictum sapien. Aenean massa. Integer vitae nibh. Donec est mauris, rhoncus
58	40	14	1	2022-06-02 07:32:00	facilisis non, bibendum sed, est. Nunc laoreet lectus quis massa. Mauris vestibulum, neque
59	11	31	1	2022-03-27 02:25:00	Aliquam erat volutpat. Nulla facilisis. Suspendisse commodo tincidunt nibh. Phasellus nulla. Integer vulputate, risus a ultricies adipiscing, enim mi tempor
60	17	85	2	2022-04-28 10:23:00	aliquet, sem ut cursus luctus, ipsum leo elementum sem, vitae aliquam eros turpis non enim. Mauris quis
61	32	48	3	2022-08-11 06:58:00	vehicula. Pellentesque tincidunt tempus risus. Donec egestas. Duis ac arcu. Nunc
62	83	72	1	2022-05-06 03:33:00	hymenaeos. Mauris ut quam vel sapien imperdiet ornare. In faucibus. Morbi vehicula. Pellentesque tincidunt tempus risus. Donec egestas. Duis ac
63	59	71	3	2021-11-18 10:52:00	porttitor tellus non magna. Nam ligula elit, pretium et, rutrum non, hendrerit id, ante. Nunc mauris sapien, cursus
65	83	48	1	2022-06-30 02:16:00	ligula. Aenean euismod mauris eu elit. Nulla facilisi. Sed neque. Sed eget lacus.
66	32	87	2	2021-12-20 12:14:00	odio semper cursus. Integer mollis. Integer tincidunt aliquam arcu. Aliquam ultrices iaculis odio. Nam interdum
67	71	2	2	2021-10-13 01:41:00	at, iaculis quis, pede. Praesent eu dui. Cum sociis natoque penatibus et
68	93	57	2	2022-06-01 09:22:00	volutpat nunc sit amet metus. Aliquam erat volutpat. Nulla facilisis. Suspendisse commodo tincidunt nibh.
69	21	59	1	2022-05-27 10:44:00	hendrerit neque. In ornare sagittis felis. Donec tempor, est ac mattis semper, dui lectus rutrum urna, nec
70	3	48	1	2022-06-13 02:26:00	odio, auctor vitae, aliquet nec, imperdiet nec, leo. Morbi neque tellus, imperdiet non, vestibulum nec, euismod
71	2	65	1	2022-02-13 05:18:00	quis accumsan convallis, ante lectus convallis est, vitae sodales nisi magna sed dui. Fusce aliquam, enim nec
72	1	45	3	2021-10-04 12:15:00	cursus luctus, ipsum leo elementum sem, vitae aliquam eros turpis non enim. Mauris
73	15	95	2	2021-10-18 09:59:00	risus. Morbi metus. Vivamus euismod urna. Nullam lobortis quam a felis
74	44	70	1	2021-11-27 08:38:00	molestie arcu. Sed eu nibh vulputate mauris sagittis placerat. Cras dictum
75	83	5	2	2022-05-22 10:32:00	amet massa. Quisque porttitor eros nec tellus. Nunc lectus pede, ultrices a, auctor non, feugiat nec, diam. Duis mi
76	4	43	3	2022-02-11 05:45:00	diam. Sed diam lorem, auctor quis, tristique ac, eleifend vitae, erat. Vivamus nisi. Mauris nulla.
77	37	27	1	2022-08-17 08:22:00	risus varius orci, in consequat enim diam vel arcu. Curabitur ut odio vel
78	77	40	2	2022-09-09 05:20:00	litora torquent per conubia nostra, per inceptos hymenaeos. Mauris ut quam vel sapien imperdiet ornare. In faucibus. Morbi
79	99	38	3	2022-02-16 06:15:00	nulla. Cras eu tellus eu augue porttitor interdum. Sed auctor odio a purus. Duis elementum, dui quis accumsan convallis,
80	53	66	2	2022-07-01 08:09:00	purus, in molestie tortor nibh sit amet orci. Ut sagittis lobortis
81	10	6	1	2022-01-07 03:07:00	Donec tempus, lorem fringilla ornare placerat, orci lacus vestibulum lorem, sit amet
82	70	36	2	2022-02-10 04:57:00	tempus, lorem fringilla ornare placerat, orci lacus vestibulum lorem, sit amet ultricies sem magna nec quam. Curabitur vel lectus.
83	30	78	2	2022-06-28 09:50:00	est tempor bibendum. Donec felis orci, adipiscing non, luctus sit amet, faucibus ut, nulla. Cras eu
84	23	11	1	2022-07-04 01:06:00	Sed pharetra, felis eget varius ultrices, mauris ipsum porta elit, a feugiat tellus
85	54	61	1	2022-05-17 12:17:00	in magna. Phasellus dolor elit, pellentesque a, facilisis non, bibendum sed,
86	17	2	2	2022-02-22 05:37:00	eu elit. Nulla facilisi. Sed neque. Sed eget lacus. Mauris non dui nec urna
87	9	23	1	2021-09-20 08:16:00	gravida. Praesent eu nulla at sem molestie sodales. Mauris blandit enim consequat purus. Maecenas libero est, congue a, aliquet vel,
88	75	7	3	2022-08-04 01:36:00	Nulla eget metus eu erat semper rutrum. Fusce dolor quam,
89	40	49	3	2022-04-11 12:56:00	non quam. Pellentesque habitant morbi tristique senectus et netus et malesuada fames ac turpis egestas. Aliquam
90	29	62	1	2022-01-04 12:10:00	ante. Nunc mauris sapien, cursus in, hendrerit consectetuer, cursus et, magna. Praesent interdum ligula
91	3	89	1	2022-09-12 09:02:00	Curabitur consequat, lectus sit amet luctus vulputate, nisi sem semper erat, in consectetuer ipsum nunc id enim. Curabitur massa. Vestibulum
92	67	11	1	2021-11-24 07:14:00	morbi tristique senectus et netus et malesuada fames ac turpis egestas.
93	74	34	3	2022-04-29 02:56:00	et, commodo at, libero. Morbi accumsan laoreet ipsum. Curabitur consequat, lectus sit amet luctus
94	34	82	2	2021-10-14 09:43:00	ligula. Nullam feugiat placerat velit. Quisque varius. Nam porttitor scelerisque neque. Nullam nisl. Maecenas malesuada fringilla
95	73	99	2	2022-06-06 11:21:00	odio. Nam interdum enim non nisi. Aenean eget metus. In nec orci. Donec nibh.
96	33	74	3	2022-05-26 03:13:00	elit. Aliquam auctor, velit eget laoreet posuere, enim nisl elementum purus,
97	33	55	1	2022-06-09 03:32:00	In lorem. Donec elementum, lorem ut aliquam iaculis, lacus pede sagittis augue, eu tempor erat neque non quam. Pellentesque
98	10	76	3	2022-05-23 08:23:00	eleifend non, dapibus rutrum, justo. Praesent luctus. Curabitur egestas nunc sed libero. Proin
99	63	86	2	2021-09-28 08:56:00	Sed nunc est, mollis non, cursus non, egestas a, dui. Cras pellentesque. Sed dictum.
100	47	62	1	2022-01-04 12:39:00	adipiscing elit. Aliquam auctor, velit eget laoreet posuere, enim nisl elementum purus, accumsan interdum libero dui nec
101	76	38	1	2022-03-02 10:54:00	Integer tincidunt aliquam arcu. Aliquam ultrices iaculis odio. Nam interdum enim non nisi. Aenean eget metus. In
102	82	91	3	2022-06-10 05:33:00	vel quam dignissim pharetra. Nam ac nulla. In tincidunt congue turpis. In condimentum. Donec at
103	80	44	2	2022-04-19 10:32:00	dapibus gravida. Aliquam tincidunt, nunc ac mattis ornare, lectus ante dictum mi, ac mattis velit justo nec
104	73	31	3	2021-11-23 05:09:00	Suspendisse tristique neque venenatis lacus. Etiam bibendum fermentum metus. Aenean sed pede nec ante
105	93	52	1	2022-03-25 03:40:00	diam dictum sapien. Aenean massa. Integer vitae nibh. Donec est mauris, rhoncus id, mollis nec, cursus
106	43	2	1	2021-11-14 03:15:00	nec urna suscipit nonummy. Fusce fermentum fermentum arcu. Vestibulum ante ipsum primis in faucibus orci luctus et ultrices posuere
107	52	43	2	2022-01-30 11:20:00	massa. Mauris vestibulum, neque sed dictum eleifend, nunc risus varius orci, in consequat enim diam vel arcu.
108	50	97	3	2022-05-21 11:10:00	justo. Proin non massa non ante bibendum ullamcorper. Duis cursus, diam at
109	77	63	1	2022-02-20 11:52:00	mauris, rhoncus id, mollis nec, cursus a, enim. Suspendisse aliquet, sem ut cursus luctus, ipsum
110	56	11	3	2022-01-02 12:52:00	elit. Nulla facilisi. Sed neque. Sed eget lacus. Mauris non dui nec urna suscipit nonummy. Fusce fermentum fermentum arcu.
111	65	10	2	2022-01-28 09:53:00	risus. In mi pede, nonummy ut, molestie in, tempus eu, ligula.
112	95	82	1	2022-06-20 10:06:00	Donec est. Nunc ullamcorper, velit in aliquet lobortis, nisi nibh lacinia orci, consectetuer euismod est arcu ac orci.
113	20	27	1	2022-01-15 11:41:00	ornare, libero at auctor ullamcorper, nisl arcu iaculis enim, sit amet ornare lectus justo eu arcu. Morbi sit amet
114	100	43	2	2021-12-05 09:37:00	ipsum. Donec sollicitudin adipiscing ligula. Aenean gravida nunc sed pede. Cum sociis natoque penatibus et magnis dis
115	82	79	3	2022-06-05 04:57:00	rutrum urna, nec luctus felis purus ac tellus. Suspendisse sed dolor. Fusce
116	20	87	1	2022-01-19 09:33:00	nec ante. Maecenas mi felis, adipiscing fringilla, porttitor vulputate, posuere vulputate,
117	52	18	2	2022-01-08 07:05:00	gravida nunc sed pede. Cum sociis natoque penatibus et magnis dis parturient montes, nascetur ridiculus
118	7	56	1	2022-01-10 12:47:00	Fusce fermentum fermentum arcu. Vestibulum ante ipsum primis in faucibus orci luctus et
119	84	16	1	2022-07-11 04:47:00	lacinia vitae, sodales at, velit. Pellentesque ultricies dignissim lacus. Aliquam rutrum lorem ac risus.
120	46	55	2	2022-01-17 06:14:00	eros. Proin ultrices. Duis volutpat nunc sit amet metus. Aliquam erat volutpat.
121	31	70	2	2022-03-11 05:51:00	et netus et malesuada fames ac turpis egestas. Aliquam fringilla cursus purus. Nullam
122	85	93	2	2021-10-17 08:32:00	viverra. Donec tempus, lorem fringilla ornare placerat, orci lacus vestibulum lorem,
123	89	50	1	2022-02-27 07:39:00	nunc interdum feugiat. Sed nec metus facilisis lorem tristique aliquet. Phasellus fermentum convallis ligula. Donec luctus aliquet
124	84	76	2	2022-04-18 03:44:00	urna. Nunc quis arcu vel quam dignissim pharetra. Nam ac nulla. In tincidunt congue turpis. In condimentum.
125	57	91	3	2022-04-22 04:25:00	ultrices a, auctor non, feugiat nec, diam. Duis mi enim, condimentum eget, volutpat ornare,
126	96	69	3	2022-06-11 01:04:00	cursus non, egestas a, dui. Cras pellentesque. Sed dictum. Proin eget
127	10	10	3	2022-03-26 02:40:00	imperdiet nec, leo. Morbi neque tellus, imperdiet non, vestibulum nec, euismod in, dolor. Fusce feugiat. Lorem
128	96	26	1	2022-03-08 05:39:00	Duis mi enim, condimentum eget, volutpat ornare, facilisis eget, ipsum. Donec sollicitudin adipiscing ligula. Aenean gravida nunc sed pede.
129	72	81	1	2021-10-09 11:27:00	porttitor eros nec tellus. Nunc lectus pede, ultrices a, auctor non, feugiat nec, diam. Duis mi enim, condimentum
130	55	100	2	2021-12-01 07:02:00	condimentum. Donec at arcu. Vestibulum ante ipsum primis in faucibus orci luctus et ultrices posuere cubilia Curae Donec tincidunt. Donec
131	65	65	1	2021-11-17 08:33:00	vestibulum. Mauris magna. Duis dignissim tempor arcu. Vestibulum ut eros non
132	17	73	3	2022-06-12 05:28:00	nec ante. Maecenas mi felis, adipiscing fringilla, porttitor vulputate, posuere vulputate, lacus. Cras interdum.
133	69	15	3	2022-04-05 07:44:00	in faucibus orci luctus et ultrices posuere cubilia Curae Donec tincidunt. Donec vitae
134	12	54	1	2022-06-29 01:16:00	at, iaculis quis, pede. Praesent eu dui. Cum sociis natoque penatibus et
135	41	49	1	2021-12-01 05:17:00	sit amet, consectetuer adipiscing elit. Etiam laoreet, libero et tristique pellentesque, tellus
136	95	3	2	2022-01-21 10:46:00	quam vel sapien imperdiet ornare. In faucibus. Morbi vehicula. Pellentesque tincidunt tempus risus. Donec egestas. Duis ac arcu. Nunc
137	9	45	2	2022-01-15 07:06:00	tellus. Aenean egestas hendrerit neque. In ornare sagittis felis. Donec tempor, est ac
138	14	67	2	2022-01-13 04:34:00	semper, dui lectus rutrum urna, nec luctus felis purus ac
139	96	76	1	2021-11-18 06:31:00	accumsan sed, facilisis vitae, orci. Phasellus dapibus quam quis diam. Pellentesque habitant morbi tristique senectus et
140	93	23	2	2022-01-30 12:39:00	faucibus lectus, a sollicitudin orci sem eget massa. Suspendisse eleifend. Cras sed leo. Cras vehicula aliquet libero.
141	61	6	3	2022-03-27 06:54:00	turpis. Aliquam adipiscing lobortis risus. In mi pede, nonummy ut, molestie in, tempus
142	26	42	3	2022-01-22 08:12:00	ac orci. Ut semper pretium neque. Morbi quis urna. Nunc quis arcu vel quam dignissim pharetra.
143	75	19	3	2021-09-24 03:38:00	lectus pede et risus. Quisque libero lacus, varius et, euismod et, commodo at, libero.
144	94	100	1	2022-02-14 01:57:00	tortor. Nunc commodo auctor velit. Aliquam nisl. Nulla eu neque pellentesque massa lobortis
145	75	91	2	2022-04-13 09:05:00	Fusce diam nunc, ullamcorper eu, euismod ac, fermentum vel, mauris. Integer sem elit, pharetra ut,
146	20	64	2	2022-08-02 07:58:00	a neque. Nullam ut nisi a odio semper cursus. Integer mollis. Integer
147	8	23	2	2021-10-19 05:51:00	mollis non, cursus non, egestas a, dui. Cras pellentesque. Sed dictum. Proin eget odio. Aliquam vulputate ullamcorper magna. Sed eu
148	23	33	1	2022-07-26 06:12:00	sagittis placerat. Cras dictum ultricies ligula. Nullam enim. Sed nulla
149	62	98	1	2022-01-12 04:50:00	fringilla. Donec feugiat metus sit amet ante. Vivamus non lorem vitae odio sagittis semper. Nam tempor diam dictum sapien.
150	70	92	2	2022-06-16 08:38:00	Proin dolor. Nulla semper tellus id nunc interdum feugiat. Sed nec metus facilisis lorem tristique aliquet.
151	35	8	2	2021-11-14 12:31:00	tortor, dictum eu, placerat eget, venenatis a, magna. Lorem ipsum dolor sit amet, consectetuer adipiscing
152	14	91	2	2022-04-09 01:41:00	tempor erat neque non quam. Pellentesque habitant morbi tristique senectus et netus et malesuada fames ac turpis
153	63	93	1	2021-12-23 12:48:00	condimentum. Donec at arcu. Vestibulum ante ipsum primis in faucibus orci luctus et ultrices posuere cubilia Curae Donec tincidunt.
154	56	82	3	2021-11-19 12:27:00	venenatis lacus. Etiam bibendum fermentum metus. Aenean sed pede nec ante
155	92	55	2	2022-08-24 07:24:00	magna et ipsum cursus vestibulum. Mauris magna. Duis dignissim tempor arcu. Vestibulum ut eros
156	97	7	1	2022-02-02 02:13:00	aliquet magna a neque. Nullam ut nisi a odio semper cursus. Integer mollis. Integer tincidunt aliquam arcu.
157	14	8	2	2022-01-22 06:36:00	bibendum. Donec felis orci, adipiscing non, luctus sit amet, faucibus ut, nulla. Cras eu tellus eu augue porttitor
158	75	36	2	2022-08-06 07:07:00	dui, semper et, lacinia vitae, sodales at, velit. Pellentesque ultricies dignissim lacus. Aliquam rutrum lorem ac risus.
159	21	49	2	2022-08-29 04:19:00	Integer aliquam adipiscing lacus. Ut nec urna et arcu imperdiet ullamcorper. Duis at lacus.
160	61	86	3	2022-07-31 03:02:00	adipiscing lobortis risus. In mi pede, nonummy ut, molestie in, tempus eu, ligula.
161	66	27	2	2022-04-30 09:11:00	Cras dictum ultricies ligula. Nullam enim. Sed nulla ante, iaculis nec, eleifend non, dapibus rutrum,
162	78	21	2	2021-09-19 11:12:00	Nullam ut nisi a odio semper cursus. Integer mollis. Integer tincidunt aliquam arcu. Aliquam
163	20	44	1	2021-10-24 03:44:00	amet ultricies sem magna nec quam. Curabitur vel lectus. Cum sociis
164	23	83	2	2022-08-20 07:00:00	justo. Praesent luctus. Curabitur egestas nunc sed libero. Proin sed turpis nec mauris blandit mattis. Cras eget
165	12	10	2	2022-03-03 07:15:00	Curabitur vel lectus. Cum sociis natoque penatibus et magnis dis parturient montes, nascetur ridiculus
166	20	79	2	2022-08-29 04:00:00	ridiculus mus. Proin vel nisl. Quisque fringilla euismod enim. Etiam gravida
167	73	70	2	2021-11-30 06:01:00	orci. Phasellus dapibus quam quis diam. Pellentesque habitant morbi tristique senectus et netus et malesuada fames ac turpis
168	61	59	1	2022-01-27 05:29:00	ultrices. Duis volutpat nunc sit amet metus. Aliquam erat volutpat. Nulla facilisis. Suspendisse commodo tincidunt nibh.
169	70	50	1	2022-03-30 10:05:00	viverra. Donec tempus, lorem fringilla ornare placerat, orci lacus vestibulum lorem, sit amet ultricies sem magna nec
170	45	12	1	2021-12-14 01:40:00	Duis sit amet diam eu dolor egestas rhoncus. Proin nisl sem, consequat nec, mollis vitae, posuere at,
171	60	2	3	2022-01-02 09:45:00	adipiscing elit. Curabitur sed tortor. Integer aliquam adipiscing lacus. Ut nec urna et arcu
172	63	70	2	2022-01-03 03:46:00	tempor bibendum. Donec felis orci, adipiscing non, luctus sit amet, faucibus ut, nulla. Cras eu tellus eu
173	94	37	1	2021-09-29 11:50:00	nisi nibh lacinia orci, consectetuer euismod est arcu ac orci. Ut semper pretium neque.
174	62	3	2	2022-09-11 10:48:00	parturient montes, nascetur ridiculus mus. Proin vel nisl. Quisque fringilla euismod enim. Etiam gravida molestie arcu.
175	49	16	3	2022-05-21 07:17:00	luctus. Curabitur egestas nunc sed libero. Proin sed turpis nec mauris blandit mattis. Cras eget
176	95	48	2	2022-02-13 03:32:00	senectus et netus et malesuada fames ac turpis egestas. Aliquam fringilla cursus purus. Nullam scelerisque neque sed sem egestas
177	73	55	1	2022-07-08 02:27:00	eleifend egestas. Sed pharetra, felis eget varius ultrices, mauris ipsum
178	44	27	1	2022-08-14 09:04:00	sit amet, dapibus id, blandit at, nisi. Cum sociis natoque penatibus et magnis dis
179	29	94	1	2021-10-11 05:47:00	diam lorem, auctor quis, tristique ac, eleifend vitae, erat. Vivamus nisi. Mauris
180	40	33	3	2022-01-21 08:39:00	et risus. Quisque libero lacus, varius et, euismod et, commodo at, libero. Morbi accumsan laoreet ipsum. Curabitur consequat,
181	86	40	3	2021-11-08 07:22:00	lectus justo eu arcu. Morbi sit amet massa. Quisque porttitor eros
182	70	42	1	2022-04-13 05:27:00	at, iaculis quis, pede. Praesent eu dui. Cum sociis natoque penatibus et magnis
183	79	29	1	2022-06-28 09:48:00	dignissim lacus. Aliquam rutrum lorem ac risus. Morbi metus. Vivamus euismod
184	17	87	3	2022-02-07 09:08:00	lacus vestibulum lorem, sit amet ultricies sem magna nec quam. Curabitur vel lectus. Cum
185	34	9	3	2021-11-02 08:54:00	nunc sed pede. Cum sociis natoque penatibus et magnis dis parturient
186	3	45	3	2022-02-09 04:19:00	nec orci. Donec nibh. Quisque nonummy ipsum non arcu. Vivamus sit amet risus. Donec egestas. Aliquam
187	26	89	2	2021-10-22 01:41:00	semper tellus id nunc interdum feugiat. Sed nec metus facilisis lorem
188	33	86	2	2022-06-06 11:52:00	Nunc mauris elit, dictum eu, eleifend nec, malesuada ut, sem. Nulla interdum. Curabitur dictum. Phasellus in felis. Nulla tempor
189	38	48	2	2022-02-22 02:10:00	odio tristique pharetra. Quisque ac libero nec ligula consectetuer rhoncus. Nullam velit dui,
190	18	32	1	2021-12-26 09:25:00	ligula eu enim. Etiam imperdiet dictum magna. Ut tincidunt orci quis lectus. Nullam suscipit, est ac facilisis facilisis, magna tellus
191	83	2	2	2022-05-29 07:28:00	consequat auctor, nunc nulla vulputate dui, nec tempus mauris erat eget ipsum. Suspendisse
192	8	68	1	2022-08-09 05:13:00	at, iaculis quis, pede. Praesent eu dui. Cum sociis natoque penatibus et magnis
193	89	26	2	2022-08-08 08:42:00	erat, in consectetuer ipsum nunc id enim. Curabitur massa. Vestibulum accumsan neque et nunc. Quisque ornare
194	40	86	3	2022-07-13 08:58:00	molestie in, tempus eu, ligula. Aenean euismod mauris eu elit. Nulla facilisi. Sed
195	37	39	3	2022-03-28 02:09:00	magna. Lorem ipsum dolor sit amet, consectetuer adipiscing elit. Etiam
196	4	64	2	2022-02-04 03:53:00	vel, faucibus id, libero. Donec consectetuer mauris id sapien. Cras dolor dolor, tempus
197	66	36	1	2021-09-30 04:43:00	amet, risus. Donec nibh enim, gravida sit amet, dapibus id, blandit at, nisi. Cum sociis natoque
198	18	79	1	2022-08-21 04:33:00	ullamcorper. Duis at lacus. Quisque purus sapien, gravida non, sollicitudin a, malesuada id, erat.
199	34	38	1	2021-12-15 07:43:00	enim. Nunc ut erat. Sed nunc est, mollis non, cursus non, egestas a,
200	49	20	2	2022-06-14 12:20:00	tortor nibh sit amet orci. Ut sagittis lobortis mauris. Suspendisse aliquet molestie tellus. Aenean
201	2	85	3	2022-01-22 06:05:00	turpis nec mauris blandit mattis. Cras eget nisi dictum augue malesuada malesuada. Integer id magna et ipsum cursus vestibulum.
202	98	46	2	2022-09-03 02:07:00	non, sollicitudin a, malesuada id, erat. Etiam vestibulum massa rutrum magna. Cras convallis
203	91	63	2	2021-10-31 10:14:00	non nisi. Aenean eget metus. In nec orci. Donec nibh. Quisque nonummy ipsum non arcu.
204	88	68	1	2021-09-23 06:18:00	Aenean gravida nunc sed pede. Cum sociis natoque penatibus et magnis dis parturient montes, nascetur ridiculus mus.
205	4	33	2	2022-05-12 12:32:00	arcu iaculis enim, sit amet ornare lectus justo eu arcu. Morbi sit amet massa. Quisque porttitor eros nec
206	94	8	2	2022-01-20 10:47:00	semper pretium neque. Morbi quis urna. Nunc quis arcu vel quam dignissim pharetra.
207	77	54	3	2022-08-10 08:24:00	ipsum leo elementum sem, vitae aliquam eros turpis non enim. Mauris quis turpis vitae purus
208	89	5	2	2021-11-24 08:35:00	vehicula et, rutrum eu, ultrices sit amet, risus. Donec nibh enim, gravida sit amet,
209	37	53	2	2022-05-24 07:48:00	nulla magna, malesuada vel, convallis in, cursus et, eros. Proin ultrices. Duis
210	81	65	1	2022-06-27 08:36:00	libero mauris, aliquam eu, accumsan sed, facilisis vitae, orci. Phasellus dapibus quam quis
211	61	89	1	2021-11-10 04:00:00	purus sapien, gravida non, sollicitudin a, malesuada id, erat. Etiam vestibulum massa rutrum magna. Cras convallis convallis dolor. Quisque
212	77	52	2	2021-11-11 07:59:00	orci, consectetuer euismod est arcu ac orci. Ut semper pretium neque. Morbi quis urna. Nunc quis arcu
213	5	14	1	2022-03-30 05:28:00	penatibus et magnis dis parturient montes, nascetur ridiculus mus. Donec dignissim magna a tortor. Nunc commodo auctor velit. Aliquam
214	22	28	2	2022-06-15 12:30:00	sed, sapien. Nunc pulvinar arcu et pede. Nunc sed orci lobortis augue scelerisque mollis. Phasellus libero mauris, aliquam
215	45	78	3	2021-10-29 01:03:00	eu arcu. Morbi sit amet massa. Quisque porttitor eros nec tellus. Nunc
216	75	93	3	2022-07-10 06:49:00	mus. Proin vel nisl. Quisque fringilla euismod enim. Etiam gravida molestie arcu. Sed eu nibh
217	43	6	1	2022-05-06 02:42:00	Quisque imperdiet, erat nonummy ultricies ornare, elit elit fermentum risus, at fringilla
218	7	64	2	2022-04-22 08:19:00	tristique senectus et netus et malesuada fames ac turpis egestas. Fusce aliquet magna a neque. Nullam ut nisi
219	1	24	3	2022-07-15 07:40:00	eu, accumsan sed, facilisis vitae, orci. Phasellus dapibus quam quis diam. Pellentesque habitant morbi tristique senectus et
220	57	44	2	2021-10-25 12:47:00	id, libero. Donec consectetuer mauris id sapien. Cras dolor dolor, tempus
221	90	38	3	2022-08-22 06:40:00	neque. Nullam ut nisi a odio semper cursus. Integer mollis. Integer tincidunt aliquam arcu. Aliquam ultrices iaculis odio. Nam
222	100	41	2	2021-12-22 01:53:00	malesuada fringilla est. Mauris eu turpis. Nulla aliquet. Proin velit. Sed malesuada augue ut lacus. Nulla tincidunt,
223	9	45	2	2022-04-09 07:32:00	semper rutrum. Fusce dolor quam, elementum at, egestas a, scelerisque sed, sapien. Nunc pulvinar arcu et pede. Nunc sed orci
224	12	2	1	2021-11-13 04:46:00	posuere vulputate, lacus. Cras interdum. Nunc sollicitudin commodo ipsum. Suspendisse non leo. Vivamus nibh dolor, nonummy ac,
225	48	67	2	2021-11-17 05:17:00	eget, volutpat ornare, facilisis eget, ipsum. Donec sollicitudin adipiscing ligula. Aenean gravida nunc sed pede. Cum sociis natoque penatibus et
226	38	89	2	2022-04-11 06:35:00	pede, malesuada vel, venenatis vel, faucibus id, libero. Donec consectetuer mauris id sapien. Cras dolor dolor, tempus
227	5	2	2	2021-09-19 10:42:00	Morbi sit amet massa. Quisque porttitor eros nec tellus. Nunc
228	71	40	2	2022-07-08 01:28:00	viverra. Maecenas iaculis aliquet diam. Sed diam lorem, auctor quis, tristique ac, eleifend vitae, erat. Vivamus nisi.
229	43	49	1	2022-01-23 04:12:00	consequat enim diam vel arcu. Curabitur ut odio vel est tempor bibendum.
230	84	39	2	2022-07-24 02:41:00	tortor at risus. Nunc ac sem ut dolor dapibus gravida. Aliquam tincidunt, nunc ac
231	26	4	1	2022-06-30 03:58:00	velit. Sed malesuada augue ut lacus. Nulla tincidunt, neque vitae semper egestas, urna justo faucibus lectus, a sollicitudin
232	90	76	2	2022-01-13 07:57:00	ante lectus convallis est, vitae sodales nisi magna sed dui. Fusce aliquam, enim nec tempus scelerisque, lorem ipsum sodales
233	2	62	2	2021-11-20 09:16:00	Nulla semper tellus id nunc interdum feugiat. Sed nec metus facilisis lorem tristique aliquet. Phasellus fermentum convallis ligula.
234	41	81	2	2022-02-14 07:07:00	augue ut lacus. Nulla tincidunt, neque vitae semper egestas, urna justo faucibus lectus, a sollicitudin orci sem
235	44	96	3	2022-06-11 03:05:00	diam. Sed diam lorem, auctor quis, tristique ac, eleifend vitae, erat. Vivamus nisi. Mauris nulla. Integer
236	86	64	2	2021-12-05 01:44:00	eu nulla at sem molestie sodales. Mauris blandit enim consequat
237	81	63	3	2022-05-10 03:30:00	fermentum vel, mauris. Integer sem elit, pharetra ut, pharetra sed, hendrerit a, arcu. Sed et libero.
238	25	66	2	2022-01-22 09:30:00	adipiscing elit. Curabitur sed tortor. Integer aliquam adipiscing lacus. Ut nec urna et
239	5	78	2	2022-07-31 10:25:00	dictum placerat, augue. Sed molestie. Sed id risus quis diam luctus lobortis. Class aptent taciti sociosqu ad
240	21	5	3	2021-12-10 01:59:00	nec metus facilisis lorem tristique aliquet. Phasellus fermentum convallis ligula. Donec luctus aliquet odio. Etiam ligula tortor, dictum eu,
241	90	73	3	2022-01-27 10:10:00	gravida mauris ut mi. Duis risus odio, auctor vitae, aliquet nec, imperdiet nec,
242	12	32	1	2022-07-30 05:10:00	justo nec ante. Maecenas mi felis, adipiscing fringilla, porttitor vulputate, posuere vulputate,
243	72	95	2	2022-06-22 08:22:00	enim. Etiam gravida molestie arcu. Sed eu nibh vulputate mauris sagittis placerat. Cras dictum ultricies ligula.
244	99	45	1	2021-12-01 06:11:00	Nam tempor diam dictum sapien. Aenean massa. Integer vitae nibh. Donec est mauris, rhoncus id, mollis
245	40	36	2	2022-02-26 10:35:00	rutrum eu, ultrices sit amet, risus. Donec nibh enim, gravida sit amet, dapibus id, blandit at, nisi. Cum sociis natoque
246	7	88	3	2022-06-29 06:09:00	varius ultrices, mauris ipsum porta elit, a feugiat tellus lorem eu metus. In lorem. Donec elementum, lorem ut aliquam
247	23	20	1	2022-05-22 02:36:00	in, hendrerit consectetuer, cursus et, magna. Praesent interdum ligula eu enim. Etiam imperdiet dictum
248	23	76	3	2022-03-15 04:39:00	nulla. In tincidunt congue turpis. In condimentum. Donec at arcu. Vestibulum ante ipsum
249	83	34	2	2021-12-11 12:41:00	adipiscing elit. Etiam laoreet, libero et tristique pellentesque, tellus sem mollis dui, in
250	99	11	3	2022-05-09 03:56:00	Mauris eu turpis. Nulla aliquet. Proin velit. Sed malesuada augue ut lacus. Nulla tincidunt, neque vitae semper egestas, urna
251	26	74	2	2021-12-27 02:52:00	dis parturient montes, nascetur ridiculus mus. Proin vel nisl. Quisque fringilla euismod enim. Etiam gravida molestie arcu. Sed eu nibh
252	99	16	3	2021-09-25 01:52:00	vel, venenatis vel, faucibus id, libero. Donec consectetuer mauris id sapien. Cras dolor dolor,
253	12	77	1	2022-02-22 05:38:00	sem eget massa. Suspendisse eleifend. Cras sed leo. Cras vehicula
254	81	2	2	2022-03-05 05:17:00	Donec egestas. Duis ac arcu. Nunc mauris. Morbi non sapien molestie orci tincidunt adipiscing. Mauris molestie
255	77	84	1	2022-07-20 09:04:00	Sed eu nibh vulputate mauris sagittis placerat. Cras dictum ultricies ligula. Nullam enim. Sed nulla
256	4	76	2	2021-10-14 09:41:00	enim, gravida sit amet, dapibus id, blandit at, nisi. Cum sociis natoque penatibus et magnis dis parturient
257	87	96	1	2022-03-18 04:30:00	in, hendrerit consectetuer, cursus et, magna. Praesent interdum ligula eu enim. Etiam imperdiet dictum magna. Ut tincidunt orci quis
258	42	14	3	2022-09-08 03:55:00	neque. Nullam ut nisi a odio semper cursus. Integer mollis. Integer
259	71	5	3	2021-10-01 12:20:00	Cras eget nisi dictum augue malesuada malesuada. Integer id magna
260	50	100	3	2022-01-11 06:59:00	In mi pede, nonummy ut, molestie in, tempus eu, ligula. Aenean euismod mauris eu elit. Nulla
261	59	43	3	2022-09-10 09:34:00	erat volutpat. Nulla dignissim. Maecenas ornare egestas ligula. Nullam feugiat placerat velit. Quisque varius. Nam
262	9	91	3	2022-01-15 03:11:00	vitae, aliquet nec, imperdiet nec, leo. Morbi neque tellus, imperdiet non,
263	56	32	2	2022-06-06 04:07:00	et netus et malesuada fames ac turpis egestas. Fusce aliquet magna a neque.
264	16	59	2	2021-09-20 02:20:00	commodo auctor velit. Aliquam nisl. Nulla eu neque pellentesque massa lobortis ultrices. Vivamus rhoncus. Donec est. Nunc ullamcorper,
265	67	2	3	2022-07-23 09:03:00	at, libero. Morbi accumsan laoreet ipsum. Curabitur consequat, lectus sit amet luctus vulputate, nisi sem semper erat, in
266	89	10	3	2022-02-20 03:58:00	augue ac ipsum. Phasellus vitae mauris sit amet lorem semper auctor. Mauris vel turpis. Aliquam adipiscing lobortis risus. In
267	95	61	2	2022-05-21 09:58:00	eleifend non, dapibus rutrum, justo. Praesent luctus. Curabitur egestas nunc sed libero. Proin sed turpis
268	41	46	2	2021-11-03 10:52:00	dictum placerat, augue. Sed molestie. Sed id risus quis diam luctus lobortis. Class aptent taciti
269	33	94	1	2022-07-06 09:20:00	ipsum nunc id enim. Curabitur massa. Vestibulum accumsan neque et nunc. Quisque ornare
270	45	66	3	2022-04-28 08:20:00	lacinia mattis. Integer eu lacus. Quisque imperdiet, erat nonummy ultricies ornare, elit elit fermentum risus,
271	76	83	1	2022-02-04 06:53:00	dolor dapibus gravida. Aliquam tincidunt, nunc ac mattis ornare, lectus ante dictum mi, ac
584	20	2	2	2022-07-30 12:41:00	iaculis enim, sit amet ornare lectus justo eu arcu. Morbi
272	71	64	2	2021-11-25 10:15:00	magnis dis parturient montes, nascetur ridiculus mus. Proin vel nisl. Quisque fringilla euismod enim. Etiam gravida molestie arcu.
273	46	18	1	2021-12-20 12:07:00	mauris id sapien. Cras dolor dolor, tempus non, lacinia at, iaculis
274	63	9	2	2022-07-24 10:52:00	facilisis non, bibendum sed, est. Nunc laoreet lectus quis massa. Mauris vestibulum, neque sed dictum eleifend, nunc
275	55	50	2	2022-07-21 12:47:00	vel nisl. Quisque fringilla euismod enim. Etiam gravida molestie arcu. Sed eu nibh vulputate mauris sagittis placerat.
276	98	61	3	2022-06-30 08:22:00	Vivamus euismod urna. Nullam lobortis quam a felis ullamcorper viverra. Maecenas
277	47	87	2	2022-09-02 06:34:00	vitae nibh. Donec est mauris, rhoncus id, mollis nec, cursus a,
278	35	52	3	2022-08-19 08:54:00	ornare, libero at auctor ullamcorper, nisl arcu iaculis enim, sit amet ornare lectus justo eu
279	90	72	2	2022-06-02 07:22:00	sit amet orci. Ut sagittis lobortis mauris. Suspendisse aliquet molestie tellus. Aenean egestas hendrerit neque. In ornare sagittis
280	74	97	1	2021-12-20 06:17:00	amet, consectetuer adipiscing elit. Etiam laoreet, libero et tristique pellentesque, tellus sem
281	9	89	2	2022-03-16 12:30:00	mauris sapien, cursus in, hendrerit consectetuer, cursus et, magna. Praesent interdum ligula eu enim.
282	88	46	1	2021-10-31 05:40:00	augue ac ipsum. Phasellus vitae mauris sit amet lorem semper auctor. Mauris vel turpis. Aliquam
283	2	11	1	2022-08-25 12:50:00	dignissim pharetra. Nam ac nulla. In tincidunt congue turpis. In condimentum. Donec at arcu. Vestibulum ante ipsum
284	98	33	2	2022-05-02 09:13:00	ligula. Aenean gravida nunc sed pede. Cum sociis natoque penatibus et magnis dis parturient montes, nascetur ridiculus
285	62	77	1	2022-01-24 05:08:00	justo. Proin non massa non ante bibendum ullamcorper. Duis cursus, diam at pretium aliquet, metus urna convallis erat,
286	75	6	1	2022-04-06 01:54:00	Quisque porttitor eros nec tellus. Nunc lectus pede, ultrices a, auctor non, feugiat nec,
287	75	7	3	2022-06-21 05:26:00	facilisis, magna tellus faucibus leo, in lobortis tellus justo sit amet nulla. Donec non justo. Proin non
288	80	99	3	2022-08-04 01:46:00	non, egestas a, dui. Cras pellentesque. Sed dictum. Proin eget odio. Aliquam vulputate ullamcorper magna. Sed eu eros. Nam
289	61	50	2	2022-01-19 09:02:00	lorem eu metus. In lorem. Donec elementum, lorem ut aliquam iaculis, lacus pede sagittis augue, eu tempor erat neque
290	93	52	3	2022-08-31 02:34:00	eu elit. Nulla facilisi. Sed neque. Sed eget lacus. Mauris non dui nec urna suscipit nonummy. Fusce fermentum
291	54	44	2	2021-10-02 03:12:00	libero lacus, varius et, euismod et, commodo at, libero. Morbi accumsan laoreet ipsum. Curabitur consequat, lectus sit
292	54	39	1	2022-05-28 02:19:00	Quisque tincidunt pede ac urna. Ut tincidunt vehicula risus. Nulla eget metus eu erat semper rutrum.
293	52	94	1	2022-02-01 04:27:00	dui lectus rutrum urna, nec luctus felis purus ac tellus. Suspendisse sed dolor. Fusce mi lorem, vehicula
294	8	27	3	2021-12-24 01:13:00	non, cursus non, egestas a, dui. Cras pellentesque. Sed dictum. Proin eget odio. Aliquam vulputate ullamcorper
295	43	44	1	2021-10-10 01:57:00	suscipit, est ac facilisis facilisis, magna tellus faucibus leo, in lobortis tellus justo sit amet nulla. Donec non justo. Proin
296	85	32	1	2021-11-10 07:41:00	nec, malesuada ut, sem. Nulla interdum. Curabitur dictum. Phasellus in felis. Nulla tempor augue ac ipsum. Phasellus vitae
297	32	65	2	2022-06-07 08:41:00	et netus et malesuada fames ac turpis egestas. Fusce aliquet magna a neque. Nullam ut nisi a odio semper
298	71	76	1	2022-08-22 07:45:00	varius et, euismod et, commodo at, libero. Morbi accumsan laoreet
299	16	37	3	2021-09-19 12:22:00	sed, est. Nunc laoreet lectus quis massa. Mauris vestibulum, neque sed dictum eleifend, nunc risus
300	19	28	2	2022-03-14 01:23:00	Nam porttitor scelerisque neque. Nullam nisl. Maecenas malesuada fringilla est. Mauris
301	61	8	2	2022-03-09 10:24:00	mi pede, nonummy ut, molestie in, tempus eu, ligula. Aenean euismod mauris eu elit.
302	17	59	2	2022-01-12 12:03:00	Donec feugiat metus sit amet ante. Vivamus non lorem vitae odio sagittis semper. Nam
303	99	55	3	2022-08-05 10:53:00	volutpat. Nulla dignissim. Maecenas ornare egestas ligula. Nullam feugiat placerat
304	51	40	1	2021-10-07 11:23:00	mauris erat eget ipsum. Suspendisse sagittis. Nullam vitae diam. Proin dolor. Nulla semper tellus id nunc interdum
305	62	13	1	2021-09-15 04:45:00	Proin sed turpis nec mauris blandit mattis. Cras eget nisi dictum
306	9	18	2	2022-06-16 08:26:00	Phasellus at augue id ante dictum cursus. Nunc mauris elit, dictum eu, eleifend nec, malesuada ut, sem. Nulla interdum.
307	16	22	1	2022-08-22 12:39:00	egestas. Aliquam nec enim. Nunc ut erat. Sed nunc est, mollis non, cursus non, egestas a, dui.
308	59	38	1	2022-08-21 06:42:00	non arcu. Vivamus sit amet risus. Donec egestas. Aliquam nec enim. Nunc ut erat. Sed nunc
309	3	40	2	2022-09-14 05:00:00	luctus felis purus ac tellus. Suspendisse sed dolor. Fusce mi lorem, vehicula et, rutrum eu, ultrices sit amet,
310	42	4	3	2022-07-01 02:04:00	risus. Nulla eget metus eu erat semper rutrum. Fusce dolor quam, elementum at, egestas a, scelerisque sed,
311	47	48	2	2021-10-09 03:58:00	tellus non magna. Nam ligula elit, pretium et, rutrum non, hendrerit id, ante. Nunc mauris sapien, cursus in, hendrerit
312	9	19	1	2022-03-09 09:44:00	mollis dui, in sodales elit erat vitae risus. Duis a mi
313	20	41	3	2022-05-25 04:26:00	magna. Phasellus dolor elit, pellentesque a, facilisis non, bibendum sed, est. Nunc laoreet
314	88	69	3	2022-07-27 04:25:00	convallis est, vitae sodales nisi magna sed dui. Fusce aliquam,
315	45	14	2	2022-02-22 09:04:00	sodales nisi magna sed dui. Fusce aliquam, enim nec tempus scelerisque, lorem
316	98	49	1	2022-01-11 03:26:00	ipsum dolor sit amet, consectetuer adipiscing elit. Curabitur sed tortor. Integer aliquam adipiscing lacus. Ut nec urna
317	64	61	3	2022-08-03 03:01:00	massa. Mauris vestibulum, neque sed dictum eleifend, nunc risus varius orci, in consequat enim
318	88	6	2	2022-09-13 03:41:00	magna, malesuada vel, convallis in, cursus et, eros. Proin ultrices. Duis
319	68	86	2	2022-07-06 08:42:00	egestas ligula. Nullam feugiat placerat velit. Quisque varius. Nam porttitor scelerisque neque. Nullam nisl. Maecenas malesuada fringilla est.
320	11	23	2	2022-09-13 04:57:00	hendrerit id, ante. Nunc mauris sapien, cursus in, hendrerit consectetuer, cursus et, magna. Praesent
321	27	89	2	2022-02-13 06:34:00	varius. Nam porttitor scelerisque neque. Nullam nisl. Maecenas malesuada fringilla est. Mauris
322	52	51	2	2022-01-16 07:16:00	ultrices. Vivamus rhoncus. Donec est. Nunc ullamcorper, velit in aliquet lobortis, nisi nibh lacinia orci, consectetuer euismod est
323	90	21	2	2021-10-18 07:21:00	sodales nisi magna sed dui. Fusce aliquam, enim nec tempus scelerisque, lorem ipsum sodales purus, in molestie tortor
324	21	8	2	2022-09-08 02:52:00	mauris, rhoncus id, mollis nec, cursus a, enim. Suspendisse aliquet, sem ut cursus luctus, ipsum leo
325	24	95	3	2021-12-06 08:40:00	aliquet. Proin velit. Sed malesuada augue ut lacus. Nulla tincidunt, neque vitae semper egestas, urna justo faucibus lectus, a
326	82	31	1	2021-12-09 11:43:00	amet, consectetuer adipiscing elit. Etiam laoreet, libero et tristique pellentesque, tellus sem mollis dui, in sodales elit erat
327	57	29	2	2022-04-11 03:32:00	pretium neque. Morbi quis urna. Nunc quis arcu vel quam dignissim pharetra. Nam ac nulla. In
328	52	79	2	2021-09-29 01:07:00	Cras pellentesque. Sed dictum. Proin eget odio. Aliquam vulputate ullamcorper
329	30	33	2	2022-02-26 10:47:00	non, lacinia at, iaculis quis, pede. Praesent eu dui. Cum
330	23	14	2	2022-05-20 07:42:00	penatibus et magnis dis parturient montes, nascetur ridiculus mus. Aenean eget magna. Suspendisse tristique neque venenatis lacus. Etiam bibendum
331	84	49	1	2022-03-22 05:45:00	semper tellus id nunc interdum feugiat. Sed nec metus facilisis lorem tristique aliquet. Phasellus fermentum
332	19	90	1	2022-08-10 03:59:00	montes, nascetur ridiculus mus. Proin vel nisl. Quisque fringilla euismod enim. Etiam
333	71	66	2	2022-02-20 05:20:00	arcu. Vestibulum ante ipsum primis in faucibus orci luctus et ultrices
334	53	85	2	2022-07-18 04:25:00	eget nisi dictum augue malesuada malesuada. Integer id magna et
335	62	39	3	2022-05-06 11:37:00	nisl. Nulla eu neque pellentesque massa lobortis ultrices. Vivamus rhoncus. Donec est. Nunc ullamcorper, velit
336	92	14	2	2022-08-15 03:12:00	erat volutpat. Nulla dignissim. Maecenas ornare egestas ligula. Nullam feugiat
337	31	77	2	2022-08-16 02:43:00	cursus a, enim. Suspendisse aliquet, sem ut cursus luctus, ipsum leo elementum
338	24	27	3	2021-10-09 05:44:00	et libero. Proin mi. Aliquam gravida mauris ut mi. Duis risus odio, auctor vitae, aliquet
339	2	48	2	2021-12-17 10:34:00	faucibus leo, in lobortis tellus justo sit amet nulla. Donec non justo. Proin
340	56	49	2	2022-03-24 01:11:00	dolor. Fusce mi lorem, vehicula et, rutrum eu, ultrices sit amet, risus. Donec nibh enim, gravida sit amet,
341	36	80	2	2022-02-18 02:29:00	nisl. Nulla eu neque pellentesque massa lobortis ultrices. Vivamus rhoncus. Donec est.
342	44	22	1	2021-10-14 05:38:00	et netus et malesuada fames ac turpis egestas. Fusce aliquet magna a neque.
343	8	80	1	2021-10-25 12:39:00	risus, at fringilla purus mauris a nunc. In at pede. Cras vulputate velit eu sem. Pellentesque ut
344	11	47	1	2022-01-03 10:06:00	enim mi tempor lorem, eget mollis lectus pede et risus. Quisque libero lacus, varius et,
345	57	50	3	2022-08-11 12:13:00	vulputate eu, odio. Phasellus at augue id ante dictum cursus. Nunc mauris elit, dictum eu,
346	24	54	2	2022-08-16 09:51:00	facilisis vitae, orci. Phasellus dapibus quam quis diam. Pellentesque habitant morbi
347	96	94	1	2021-09-25 01:50:00	felis orci, adipiscing non, luctus sit amet, faucibus ut, nulla. Cras eu tellus eu augue porttitor interdum. Sed
348	90	15	3	2022-04-29 07:14:00	Praesent eu dui. Cum sociis natoque penatibus et magnis dis parturient montes, nascetur ridiculus
349	98	78	2	2022-05-28 02:41:00	hendrerit consectetuer, cursus et, magna. Praesent interdum ligula eu enim. Etiam imperdiet dictum
350	48	60	2	2021-10-31 06:30:00	id nunc interdum feugiat. Sed nec metus facilisis lorem tristique aliquet. Phasellus
351	90	57	2	2022-08-16 05:23:00	magna. Suspendisse tristique neque venenatis lacus. Etiam bibendum fermentum metus. Aenean sed pede nec
352	17	67	2	2021-12-31 12:09:00	vitae risus. Duis a mi fringilla mi lacinia mattis. Integer eu
353	80	31	2	2022-04-30 05:43:00	hendrerit. Donec porttitor tellus non magna. Nam ligula elit, pretium et, rutrum non, hendrerit id, ante. Nunc
354	58	87	2	2021-11-02 09:29:00	Donec tincidunt. Donec vitae erat vel pede blandit congue. In scelerisque
355	18	46	2	2021-09-17 08:16:00	nulla ante, iaculis nec, eleifend non, dapibus rutrum, justo. Praesent luctus. Curabitur egestas nunc
356	44	74	2	2021-10-29 03:36:00	parturient montes, nascetur ridiculus mus. Donec dignissim magna a tortor. Nunc
357	5	19	1	2021-11-03 11:51:00	cursus luctus, ipsum leo elementum sem, vitae aliquam eros turpis non enim. Mauris quis turpis vitae purus gravida sagittis. Duis
358	47	52	1	2021-12-24 04:16:00	est ac mattis semper, dui lectus rutrum urna, nec luctus felis purus ac
359	23	1	2	2021-10-22 11:04:00	mi fringilla mi lacinia mattis. Integer eu lacus. Quisque imperdiet, erat nonummy
360	97	88	2	2021-10-19 09:45:00	mi eleifend egestas. Sed pharetra, felis eget varius ultrices, mauris ipsum porta elit, a feugiat
361	47	49	2	2022-02-11 08:02:00	Vestibulum ut eros non enim commodo hendrerit. Donec porttitor tellus non magna. Nam ligula
362	6	85	1	2022-01-24 06:32:00	risus a ultricies adipiscing, enim mi tempor lorem, eget mollis lectus pede et risus. Quisque libero lacus, varius et, euismod
363	85	73	2	2021-10-09 11:40:00	Donec felis orci, adipiscing non, luctus sit amet, faucibus ut, nulla. Cras
364	88	35	2	2022-05-19 12:39:00	nec, cursus a, enim. Suspendisse aliquet, sem ut cursus luctus,
365	75	83	1	2022-01-06 04:28:00	tempus scelerisque, lorem ipsum sodales purus, in molestie tortor nibh sit
366	63	90	3	2021-09-28 02:05:00	egestas. Aliquam nec enim. Nunc ut erat. Sed nunc est, mollis non, cursus non, egestas
367	36	66	2	2022-07-06 04:11:00	dictum placerat, augue. Sed molestie. Sed id risus quis diam luctus lobortis. Class aptent
368	40	71	2	2022-06-01 10:32:00	Cras dolor dolor, tempus non, lacinia at, iaculis quis, pede. Praesent eu dui. Cum sociis natoque
369	27	27	1	2021-12-19 07:31:00	Nunc laoreet lectus quis massa. Mauris vestibulum, neque sed dictum eleifend, nunc risus varius orci,
370	80	97	2	2022-06-08 03:32:00	quam. Curabitur vel lectus. Cum sociis natoque penatibus et magnis dis
371	45	83	2	2021-12-19 05:49:00	non sapien molestie orci tincidunt adipiscing. Mauris molestie pharetra nibh. Aliquam ornare, libero at auctor ullamcorper,
372	99	39	1	2022-07-23 06:40:00	arcu ac orci. Ut semper pretium neque. Morbi quis urna. Nunc quis arcu
373	24	96	2	2022-04-10 11:57:00	consequat enim diam vel arcu. Curabitur ut odio vel est tempor
374	22	7	2	2021-12-01 01:48:00	nisl. Nulla eu neque pellentesque massa lobortis ultrices. Vivamus rhoncus. Donec est. Nunc ullamcorper, velit in aliquet lobortis, nisi
375	85	89	2	2021-09-18 09:33:00	magnis dis parturient montes, nascetur ridiculus mus. Aenean eget magna. Suspendisse tristique neque
376	5	70	1	2022-07-07 08:38:00	elit sed consequat auctor, nunc nulla vulputate dui, nec tempus mauris erat eget ipsum. Suspendisse sagittis. Nullam
377	76	19	3	2022-01-18 12:02:00	euismod mauris eu elit. Nulla facilisi. Sed neque. Sed eget lacus. Mauris non dui nec urna suscipit nonummy. Fusce
378	53	14	3	2022-08-26 02:41:00	odio semper cursus. Integer mollis. Integer tincidunt aliquam arcu. Aliquam ultrices iaculis odio. Nam interdum enim non
379	75	47	2	2022-07-29 02:10:00	nisi. Mauris nulla. Integer urna. Vivamus molestie dapibus ligula. Aliquam erat volutpat. Nulla dignissim. Maecenas ornare egestas
380	95	97	1	2022-01-20 06:03:00	vehicula risus. Nulla eget metus eu erat semper rutrum. Fusce dolor quam, elementum
381	65	86	2	2022-05-10 10:47:00	nisi dictum augue malesuada malesuada. Integer id magna et ipsum cursus vestibulum. Mauris
382	34	99	1	2021-12-02 11:56:00	lectus ante dictum mi, ac mattis velit justo nec ante. Maecenas mi felis, adipiscing fringilla, porttitor vulputate, posuere
383	16	64	1	2022-03-11 07:24:00	sagittis lobortis mauris. Suspendisse aliquet molestie tellus. Aenean egestas hendrerit neque. In ornare sagittis felis. Donec tempor, est ac
384	15	52	1	2022-07-16 02:00:00	congue, elit sed consequat auctor, nunc nulla vulputate dui, nec tempus mauris
385	98	48	1	2021-10-24 09:33:00	nisi dictum augue malesuada malesuada. Integer id magna et ipsum cursus
386	59	46	3	2021-12-04 10:51:00	quis, pede. Praesent eu dui. Cum sociis natoque penatibus et magnis dis parturient montes, nascetur ridiculus mus.
387	69	90	1	2022-01-19 09:23:00	In at pede. Cras vulputate velit eu sem. Pellentesque ut ipsum ac mi eleifend egestas. Sed pharetra, felis eget
388	12	33	1	2022-04-05 06:30:00	sagittis. Duis gravida. Praesent eu nulla at sem molestie sodales. Mauris
389	16	56	1	2022-06-27 02:41:00	sem eget massa. Suspendisse eleifend. Cras sed leo. Cras vehicula aliquet libero. Integer in
390	81	28	1	2022-09-01 12:57:00	Cras dolor dolor, tempus non, lacinia at, iaculis quis, pede. Praesent eu dui. Cum sociis natoque penatibus et
391	27	56	3	2022-04-30 11:51:00	ornare sagittis felis. Donec tempor, est ac mattis semper, dui lectus rutrum urna, nec luctus felis purus ac tellus.
392	49	31	2	2022-03-17 03:54:00	sem. Pellentesque ut ipsum ac mi eleifend egestas. Sed pharetra, felis eget varius ultrices,
393	84	38	1	2021-12-26 02:11:00	Vivamus rhoncus. Donec est. Nunc ullamcorper, velit in aliquet lobortis, nisi nibh lacinia
394	50	46	2	2021-11-01 08:19:00	vitae, sodales at, velit. Pellentesque ultricies dignissim lacus. Aliquam rutrum lorem ac risus. Morbi metus. Vivamus euismod urna. Nullam
395	61	61	3	2022-06-23 01:37:00	Fusce mollis. Duis sit amet diam eu dolor egestas rhoncus. Proin
396	31	75	2	2021-10-15 10:59:00	sollicitudin a, malesuada id, erat. Etiam vestibulum massa rutrum magna. Cras convallis convallis dolor. Quisque tincidunt
397	28	71	1	2022-02-20 02:29:00	semper et, lacinia vitae, sodales at, velit. Pellentesque ultricies dignissim lacus. Aliquam rutrum lorem ac risus.
398	73	68	3	2022-01-05 11:16:00	ac facilisis facilisis, magna tellus faucibus leo, in lobortis tellus justo sit amet nulla. Donec non justo.
399	74	71	3	2022-01-31 11:52:00	diam. Duis mi enim, condimentum eget, volutpat ornare, facilisis eget, ipsum. Donec sollicitudin adipiscing ligula. Aenean gravida
400	32	66	3	2022-09-12 12:47:00	gravida sit amet, dapibus id, blandit at, nisi. Cum sociis natoque penatibus
401	61	89	3	2022-01-24 07:49:00	facilisis eget, ipsum. Donec sollicitudin adipiscing ligula. Aenean gravida nunc sed pede. Cum sociis natoque
402	18	51	2	2022-01-31 12:27:00	faucibus ut, nulla. Cras eu tellus eu augue porttitor interdum. Sed auctor
403	23	76	2	2022-03-03 03:11:00	mi lorem, vehicula et, rutrum eu, ultrices sit amet, risus. Donec nibh enim, gravida sit
404	86	99	2	2021-12-20 05:10:00	nec metus facilisis lorem tristique aliquet. Phasellus fermentum convallis ligula. Donec luctus
405	86	76	2	2022-03-16 05:03:00	scelerisque dui. Suspendisse ac metus vitae velit egestas lacinia. Sed congue, elit sed consequat auctor, nunc
406	27	48	1	2021-12-26 06:15:00	dui augue eu tellus. Phasellus elit pede, malesuada vel, venenatis vel, faucibus id, libero.
407	42	28	1	2022-02-09 11:49:00	amet, dapibus id, blandit at, nisi. Cum sociis natoque penatibus et magnis dis parturient
408	95	51	1	2022-05-17 10:15:00	faucibus orci luctus et ultrices posuere cubilia Curae Donec tincidunt. Donec
409	56	62	3	2022-06-18 05:34:00	diam eu dolor egestas rhoncus. Proin nisl sem, consequat nec, mollis vitae, posuere
410	89	99	3	2022-05-15 12:55:00	eu tempor erat neque non quam. Pellentesque habitant morbi tristique senectus et netus et malesuada fames ac turpis egestas.
411	16	31	3	2022-03-04 03:02:00	Pellentesque habitant morbi tristique senectus et netus et malesuada fames ac turpis egestas. Fusce aliquet magna a neque. Nullam
412	85	19	2	2021-10-26 07:57:00	scelerisque dui. Suspendisse ac metus vitae velit egestas lacinia. Sed congue, elit sed consequat auctor, nunc
413	68	27	1	2021-10-10 05:31:00	id, ante. Nunc mauris sapien, cursus in, hendrerit consectetuer, cursus et, magna. Praesent interdum ligula eu enim. Etiam imperdiet dictum
414	33	79	3	2022-01-05 11:11:00	blandit. Nam nulla magna, malesuada vel, convallis in, cursus et, eros. Proin
415	58	62	2	2022-07-30 09:41:00	Duis elementum, dui quis accumsan convallis, ante lectus convallis est, vitae sodales nisi
416	46	81	2	2021-10-16 02:11:00	diam eu dolor egestas rhoncus. Proin nisl sem, consequat nec, mollis vitae, posuere at,
417	66	15	1	2022-05-12 12:03:00	imperdiet nec, leo. Morbi neque tellus, imperdiet non, vestibulum nec,
418	73	13	1	2022-03-25 12:34:00	luctus aliquet odio. Etiam ligula tortor, dictum eu, placerat eget,
419	50	38	1	2022-03-06 01:27:00	semper erat, in consectetuer ipsum nunc id enim. Curabitur massa. Vestibulum accumsan neque et nunc. Quisque
420	94	53	1	2022-09-08 09:57:00	nulla. In tincidunt congue turpis. In condimentum. Donec at arcu. Vestibulum ante ipsum primis in faucibus orci
421	72	19	2	2022-05-30 04:31:00	enim mi tempor lorem, eget mollis lectus pede et risus. Quisque libero lacus, varius et,
422	48	56	2	2021-12-08 11:07:00	Aliquam tincidunt, nunc ac mattis ornare, lectus ante dictum mi, ac
423	23	24	2	2022-06-13 10:27:00	dui. Suspendisse ac metus vitae velit egestas lacinia. Sed congue, elit sed consequat auctor, nunc
424	39	71	2	2021-11-09 06:12:00	magnis dis parturient montes, nascetur ridiculus mus. Proin vel arcu eu odio tristique pharetra. Quisque
425	46	83	2	2021-11-12 01:34:00	non leo. Vivamus nibh dolor, nonummy ac, feugiat non, lobortis quis, pede. Suspendisse
426	5	35	2	2022-01-09 11:48:00	Mauris vestibulum, neque sed dictum eleifend, nunc risus varius orci, in consequat enim diam vel
427	34	64	2	2022-01-30 09:53:00	penatibus et magnis dis parturient montes, nascetur ridiculus mus. Donec dignissim magna a tortor. Nunc commodo auctor velit. Aliquam nisl.
428	25	81	2	2022-05-31 03:03:00	interdum ligula eu enim. Etiam imperdiet dictum magna. Ut tincidunt orci quis lectus. Nullam suscipit, est ac facilisis facilisis, magna
429	29	27	2	2022-04-11 05:42:00	eu, odio. Phasellus at augue id ante dictum cursus. Nunc mauris
430	90	91	1	2022-05-11 02:48:00	scelerisque scelerisque dui. Suspendisse ac metus vitae velit egestas lacinia. Sed congue, elit
431	82	14	1	2021-12-15 02:38:00	mauris. Integer sem elit, pharetra ut, pharetra sed, hendrerit a, arcu. Sed et libero. Proin
432	43	86	1	2022-03-08 02:43:00	justo nec ante. Maecenas mi felis, adipiscing fringilla, porttitor vulputate, posuere
433	79	46	3	2022-01-30 09:38:00	et, euismod et, commodo at, libero. Morbi accumsan laoreet ipsum. Curabitur consequat, lectus sit amet luctus vulputate, nisi sem semper
434	49	98	2	2022-03-11 08:51:00	posuere cubilia Curae Donec tincidunt. Donec vitae erat vel pede blandit congue. In scelerisque scelerisque dui. Suspendisse ac metus
435	88	80	3	2022-05-24 10:42:00	metus. Vivamus euismod urna. Nullam lobortis quam a felis ullamcorper viverra. Maecenas iaculis aliquet diam. Sed diam lorem, auctor quis,
436	28	64	3	2021-10-28 08:44:00	non, sollicitudin a, malesuada id, erat. Etiam vestibulum massa rutrum magna. Cras convallis convallis dolor. Quisque tincidunt pede ac
437	86	62	2	2022-09-11 04:46:00	lectus ante dictum mi, ac mattis velit justo nec ante. Maecenas mi felis, adipiscing fringilla, porttitor
438	44	28	3	2021-12-04 08:56:00	elit, pharetra ut, pharetra sed, hendrerit a, arcu. Sed et libero. Proin mi.
439	96	3	3	2022-08-18 01:20:00	imperdiet, erat nonummy ultricies ornare, elit elit fermentum risus, at fringilla purus mauris a nunc. In at pede. Cras
440	19	8	2	2022-03-01 12:02:00	dolor, nonummy ac, feugiat non, lobortis quis, pede. Suspendisse dui. Fusce
441	12	50	2	2022-06-16 09:52:00	volutpat nunc sit amet metus. Aliquam erat volutpat. Nulla facilisis. Suspendisse commodo
442	58	49	3	2021-11-05 08:51:00	erat, eget tincidunt dui augue eu tellus. Phasellus elit pede, malesuada vel, venenatis vel, faucibus id,
443	97	61	2	2022-07-20 11:15:00	tempus scelerisque, lorem ipsum sodales purus, in molestie tortor nibh sit amet orci. Ut sagittis lobortis mauris.
444	84	34	2	2022-05-27 05:42:00	lectus justo eu arcu. Morbi sit amet massa. Quisque porttitor eros nec tellus. Nunc lectus
445	86	95	3	2022-05-19 12:48:00	lacinia orci, consectetuer euismod est arcu ac orci. Ut semper
446	23	34	1	2022-08-30 02:44:00	sociosqu ad litora torquent per conubia nostra, per inceptos hymenaeos. Mauris ut quam vel sapien imperdiet ornare. In
447	59	39	1	2022-08-18 03:13:00	eget, ipsum. Donec sollicitudin adipiscing ligula. Aenean gravida nunc sed pede. Cum sociis natoque penatibus et magnis
448	24	31	1	2021-09-21 01:23:00	vel quam dignissim pharetra. Nam ac nulla. In tincidunt congue turpis. In condimentum. Donec at arcu. Vestibulum
449	58	5	1	2021-12-26 02:06:00	gravida non, sollicitudin a, malesuada id, erat. Etiam vestibulum massa rutrum magna. Cras convallis convallis dolor. Quisque
450	100	8	2	2022-04-13 06:23:00	ipsum non arcu. Vivamus sit amet risus. Donec egestas. Aliquam nec
451	98	91	3	2022-08-01 09:10:00	Donec feugiat metus sit amet ante. Vivamus non lorem vitae odio sagittis semper. Nam tempor diam
452	33	57	3	2022-03-19 11:54:00	nulla at sem molestie sodales. Mauris blandit enim consequat purus. Maecenas libero est, congue
453	83	43	1	2021-09-23 04:07:00	dictum placerat, augue. Sed molestie. Sed id risus quis diam luctus lobortis.
454	67	64	2	2022-02-21 10:14:00	Maecenas malesuada fringilla est. Mauris eu turpis. Nulla aliquet. Proin velit. Sed malesuada augue ut
455	68	72	1	2021-09-20 01:19:00	eleifend, nunc risus varius orci, in consequat enim diam vel arcu. Curabitur ut odio vel est tempor
456	55	87	2	2021-10-28 07:57:00	enim consequat purus. Maecenas libero est, congue a, aliquet vel, vulputate eu, odio. Phasellus at augue id ante dictum cursus.
457	4	26	2	2022-05-26 03:40:00	Suspendisse dui. Fusce diam nunc, ullamcorper eu, euismod ac, fermentum vel, mauris. Integer
458	43	73	2	2022-01-17 11:15:00	congue turpis. In condimentum. Donec at arcu. Vestibulum ante ipsum primis in faucibus orci
459	23	51	1	2021-11-26 02:30:00	nec, imperdiet nec, leo. Morbi neque tellus, imperdiet non, vestibulum nec, euismod in, dolor. Fusce feugiat. Lorem
460	12	20	2	2022-07-16 12:28:00	pede, nonummy ut, molestie in, tempus eu, ligula. Aenean euismod mauris eu elit. Nulla facilisi. Sed neque. Sed eget
461	68	47	3	2022-04-06 04:38:00	fringilla purus mauris a nunc. In at pede. Cras vulputate velit eu sem. Pellentesque
462	61	42	1	2022-05-27 06:36:00	auctor quis, tristique ac, eleifend vitae, erat. Vivamus nisi. Mauris nulla. Integer urna. Vivamus molestie dapibus ligula. Aliquam erat
463	80	83	2	2021-09-19 02:13:00	lorem ipsum sodales purus, in molestie tortor nibh sit amet orci. Ut sagittis lobortis
464	81	46	1	2022-01-27 04:21:00	lobortis tellus justo sit amet nulla. Donec non justo. Proin non
465	33	35	3	2022-06-25 06:05:00	mauris. Integer sem elit, pharetra ut, pharetra sed, hendrerit a, arcu. Sed et libero. Proin mi. Aliquam gravida
466	36	61	2	2022-07-31 02:12:00	odio. Phasellus at augue id ante dictum cursus. Nunc mauris elit, dictum eu, eleifend
467	10	85	3	2022-07-08 09:15:00	sollicitudin orci sem eget massa. Suspendisse eleifend. Cras sed leo. Cras vehicula aliquet
468	53	51	2	2022-07-14 05:37:00	pharetra ut, pharetra sed, hendrerit a, arcu. Sed et libero. Proin mi. Aliquam gravida mauris
469	73	83	2	2021-11-13 11:35:00	nulla. Integer urna. Vivamus molestie dapibus ligula. Aliquam erat volutpat. Nulla dignissim. Maecenas
470	83	85	1	2022-07-13 10:13:00	luctus aliquet odio. Etiam ligula tortor, dictum eu, placerat eget, venenatis a, magna. Lorem
471	26	12	3	2022-07-14 07:22:00	vitae purus gravida sagittis. Duis gravida. Praesent eu nulla at sem molestie sodales. Mauris blandit
472	40	41	2	2022-05-29 01:07:00	erat, in consectetuer ipsum nunc id enim. Curabitur massa. Vestibulum accumsan neque
473	33	81	3	2022-01-19 01:05:00	Fusce aliquet magna a neque. Nullam ut nisi a odio semper cursus. Integer mollis. Integer tincidunt aliquam arcu. Aliquam ultrices
474	36	70	2	2022-08-19 10:06:00	in felis. Nulla tempor augue ac ipsum. Phasellus vitae mauris sit amet lorem semper auctor. Mauris vel turpis. Aliquam
475	98	41	2	2022-03-28 12:05:00	nostra, per inceptos hymenaeos. Mauris ut quam vel sapien imperdiet ornare. In faucibus. Morbi vehicula. Pellentesque tincidunt
476	25	11	1	2021-10-03 10:57:00	Cum sociis natoque penatibus et magnis dis parturient montes, nascetur ridiculus mus. Donec dignissim magna a tortor.
477	86	59	1	2022-05-24 05:14:00	litora torquent per conubia nostra, per inceptos hymenaeos. Mauris ut quam vel sapien imperdiet ornare. In faucibus. Morbi
478	5	71	3	2022-07-30 03:07:00	auctor non, feugiat nec, diam. Duis mi enim, condimentum eget, volutpat ornare, facilisis eget, ipsum. Donec
479	67	25	2	2022-01-20 12:25:00	lectus ante dictum mi, ac mattis velit justo nec ante. Maecenas mi felis, adipiscing fringilla, porttitor vulputate, posuere vulputate,
687	42	54	2	2022-08-21 04:43:00	nunc sed libero. Proin sed turpis nec mauris blandit mattis. Cras eget nisi
480	53	69	2	2022-08-22 02:08:00	nulla. Integer vulputate, risus a ultricies adipiscing, enim mi tempor lorem, eget
481	72	33	2	2022-03-11 07:48:00	sed pede. Cum sociis natoque penatibus et magnis dis parturient montes, nascetur ridiculus mus.
482	21	49	2	2022-01-17 06:19:00	egestas rhoncus. Proin nisl sem, consequat nec, mollis vitae, posuere at, velit.
483	65	77	3	2021-12-10 06:42:00	metus facilisis lorem tristique aliquet. Phasellus fermentum convallis ligula. Donec luctus aliquet odio. Etiam
484	77	79	2	2022-02-23 10:35:00	Cras eu tellus eu augue porttitor interdum. Sed auctor odio a purus.
485	99	23	2	2022-06-03 03:10:00	Aliquam rutrum lorem ac risus. Morbi metus. Vivamus euismod urna. Nullam lobortis quam a felis ullamcorper viverra.
486	85	98	3	2022-05-04 10:00:00	varius et, euismod et, commodo at, libero. Morbi accumsan laoreet ipsum. Curabitur consequat, lectus
487	38	67	1	2022-06-24 08:08:00	aliquam adipiscing lacus. Ut nec urna et arcu imperdiet ullamcorper. Duis at lacus. Quisque
488	51	82	3	2022-07-12 12:52:00	Pellentesque habitant morbi tristique senectus et netus et malesuada fames ac turpis egestas. Fusce aliquet magna a neque. Nullam
489	72	44	1	2022-04-06 03:43:00	elit, pharetra ut, pharetra sed, hendrerit a, arcu. Sed et libero. Proin mi. Aliquam gravida mauris
490	52	11	2	2022-04-01 02:39:00	est ac facilisis facilisis, magna tellus faucibus leo, in lobortis tellus
491	50	82	2	2022-06-11 05:24:00	diam. Duis mi enim, condimentum eget, volutpat ornare, facilisis eget, ipsum. Donec sollicitudin adipiscing ligula. Aenean
492	74	17	2	2021-09-20 08:42:00	fringilla est. Mauris eu turpis. Nulla aliquet. Proin velit. Sed malesuada augue ut lacus. Nulla tincidunt, neque vitae semper
493	58	71	2	2021-11-16 05:35:00	risus. Morbi metus. Vivamus euismod urna. Nullam lobortis quam a felis ullamcorper viverra. Maecenas iaculis
494	14	27	2	2022-05-15 05:48:00	pede. Suspendisse dui. Fusce diam nunc, ullamcorper eu, euismod ac, fermentum vel, mauris. Integer sem elit, pharetra ut,
495	52	67	2	2022-03-20 07:29:00	vitae purus gravida sagittis. Duis gravida. Praesent eu nulla at sem molestie sodales. Mauris blandit enim consequat
496	88	28	3	2022-04-29 06:33:00	arcu ac orci. Ut semper pretium neque. Morbi quis urna. Nunc quis arcu vel quam
497	8	21	2	2022-01-23 01:30:00	ultrices posuere cubilia Curae Donec tincidunt. Donec vitae erat vel pede blandit congue. In
498	81	13	3	2022-04-24 06:21:00	mi tempor lorem, eget mollis lectus pede et risus. Quisque
499	85	91	3	2022-03-18 07:52:00	ante, iaculis nec, eleifend non, dapibus rutrum, justo. Praesent luctus. Curabitur egestas nunc sed
500	10	49	2	2022-04-19 10:36:00	Quisque imperdiet, erat nonummy ultricies ornare, elit elit fermentum risus, at fringilla purus mauris a nunc. In at pede.
501	92	87	3	2022-07-16 02:33:00	eget ipsum. Suspendisse sagittis. Nullam vitae diam. Proin dolor. Nulla semper tellus id nunc interdum feugiat. Sed nec metus facilisis
502	51	34	3	2022-06-21 04:21:00	luctus felis purus ac tellus. Suspendisse sed dolor. Fusce mi lorem, vehicula et, rutrum eu, ultrices sit amet, risus. Donec
503	3	43	3	2022-05-29 07:29:00	vitae semper egestas, urna justo faucibus lectus, a sollicitudin orci sem eget massa.
504	92	88	1	2022-07-03 04:50:00	ridiculus mus. Proin vel arcu eu odio tristique pharetra. Quisque ac libero nec ligula consectetuer rhoncus. Nullam velit dui,
505	24	23	3	2021-11-19 04:56:00	ipsum cursus vestibulum. Mauris magna. Duis dignissim tempor arcu. Vestibulum ut eros non enim commodo hendrerit. Donec
506	10	11	3	2022-04-04 07:01:00	fermentum arcu. Vestibulum ante ipsum primis in faucibus orci luctus
507	64	40	3	2022-04-08 06:21:00	lacinia. Sed congue, elit sed consequat auctor, nunc nulla vulputate dui, nec tempus mauris erat eget ipsum. Suspendisse
508	69	12	3	2022-05-02 04:54:00	ligula. Aliquam erat volutpat. Nulla dignissim. Maecenas ornare egestas ligula. Nullam feugiat placerat velit. Quisque varius. Nam porttitor
509	7	79	2	2022-09-07 04:10:00	facilisis eget, ipsum. Donec sollicitudin adipiscing ligula. Aenean gravida nunc sed pede.
510	73	45	2	2021-10-02 12:42:00	erat volutpat. Nulla dignissim. Maecenas ornare egestas ligula. Nullam feugiat placerat velit.
511	25	9	2	2022-01-26 10:42:00	pede, malesuada vel, venenatis vel, faucibus id, libero. Donec consectetuer mauris id sapien.
512	73	89	1	2022-06-15 01:26:00	Donec sollicitudin adipiscing ligula. Aenean gravida nunc sed pede. Cum sociis natoque penatibus et magnis
513	92	16	3	2021-10-22 04:23:00	elementum, lorem ut aliquam iaculis, lacus pede sagittis augue, eu tempor erat neque non
514	70	20	3	2021-11-19 06:15:00	tortor nibh sit amet orci. Ut sagittis lobortis mauris. Suspendisse aliquet
515	33	38	2	2022-06-10 07:32:00	ligula. Nullam feugiat placerat velit. Quisque varius. Nam porttitor scelerisque
516	82	7	2	2022-04-04 02:17:00	eleifend non, dapibus rutrum, justo. Praesent luctus. Curabitur egestas nunc sed libero. Proin sed turpis nec mauris
517	79	94	3	2022-02-08 12:38:00	nascetur ridiculus mus. Proin vel arcu eu odio tristique pharetra. Quisque ac libero nec ligula consectetuer rhoncus.
518	66	85	1	2022-04-29 05:10:00	euismod in, dolor. Fusce feugiat. Lorem ipsum dolor sit amet, consectetuer adipiscing elit. Aliquam
519	59	45	2	2022-09-05 08:31:00	eu turpis. Nulla aliquet. Proin velit. Sed malesuada augue ut lacus. Nulla tincidunt, neque vitae semper egestas,
520	53	76	1	2022-04-12 01:09:00	Suspendisse commodo tincidunt nibh. Phasellus nulla. Integer vulputate, risus a ultricies adipiscing, enim mi tempor lorem, eget mollis lectus
521	6	46	2	2022-01-22 07:02:00	pede ac urna. Ut tincidunt vehicula risus. Nulla eget metus eu erat semper rutrum. Fusce dolor quam,
522	53	70	2	2022-04-14 01:48:00	eros turpis non enim. Mauris quis turpis vitae purus gravida sagittis. Duis gravida. Praesent
523	19	25	2	2022-06-11 08:37:00	non enim. Mauris quis turpis vitae purus gravida sagittis. Duis gravida. Praesent eu nulla at sem
524	88	52	1	2021-10-24 01:52:00	lacus vestibulum lorem, sit amet ultricies sem magna nec quam. Curabitur vel lectus.
525	8	93	2	2021-09-26 06:48:00	placerat velit. Quisque varius. Nam porttitor scelerisque neque. Nullam nisl. Maecenas malesuada fringilla est. Mauris eu
526	59	45	2	2022-02-26 04:10:00	Integer urna. Vivamus molestie dapibus ligula. Aliquam erat volutpat. Nulla dignissim. Maecenas ornare
527	94	50	2	2022-09-13 11:04:00	vitae velit egestas lacinia. Sed congue, elit sed consequat auctor, nunc nulla vulputate dui, nec tempus mauris
528	18	93	3	2022-03-24 01:04:00	Donec sollicitudin adipiscing ligula. Aenean gravida nunc sed pede. Cum sociis
529	19	11	2	2021-11-12 06:56:00	Vivamus nibh dolor, nonummy ac, feugiat non, lobortis quis, pede. Suspendisse dui. Fusce diam nunc,
530	66	81	2	2021-12-03 01:59:00	cursus. Nunc mauris elit, dictum eu, eleifend nec, malesuada ut, sem. Nulla interdum.
531	72	36	3	2022-07-27 05:33:00	Phasellus in felis. Nulla tempor augue ac ipsum. Phasellus vitae mauris sit amet lorem semper
532	45	33	2	2021-12-26 08:08:00	vitae risus. Duis a mi fringilla mi lacinia mattis. Integer eu lacus. Quisque imperdiet, erat nonummy
533	66	61	3	2022-01-28 05:26:00	adipiscing elit. Etiam laoreet, libero et tristique pellentesque, tellus sem mollis dui, in sodales elit
534	31	97	2	2021-09-19 04:50:00	scelerisque mollis. Phasellus libero mauris, aliquam eu, accumsan sed, facilisis vitae, orci.
535	27	74	2	2021-10-06 09:21:00	consequat dolor vitae dolor. Donec fringilla. Donec feugiat metus sit
536	7	54	1	2022-07-10 08:55:00	Mauris vestibulum, neque sed dictum eleifend, nunc risus varius orci, in consequat enim diam vel arcu. Curabitur
537	47	11	1	2021-09-26 07:21:00	orci quis lectus. Nullam suscipit, est ac facilisis facilisis, magna tellus faucibus leo, in lobortis tellus justo sit
538	24	52	2	2022-02-14 03:31:00	netus et malesuada fames ac turpis egestas. Fusce aliquet magna a neque. Nullam ut nisi a odio
539	19	8	2	2022-06-09 04:40:00	Nullam vitae diam. Proin dolor. Nulla semper tellus id nunc interdum feugiat.
540	96	34	2	2022-02-01 06:09:00	pellentesque, tellus sem mollis dui, in sodales elit erat vitae risus. Duis a mi fringilla mi
541	1	88	1	2022-08-30 09:43:00	Donec non justo. Proin non massa non ante bibendum ullamcorper. Duis cursus, diam at pretium aliquet,
542	19	74	3	2021-12-10 08:43:00	lorem. Donec elementum, lorem ut aliquam iaculis, lacus pede sagittis augue,
543	2	43	2	2021-10-22 11:38:00	mollis lectus pede et risus. Quisque libero lacus, varius et, euismod et, commodo at, libero. Morbi accumsan laoreet
544	99	46	2	2022-02-15 02:29:00	a, facilisis non, bibendum sed, est. Nunc laoreet lectus quis
545	2	25	2	2022-07-31 11:37:00	In condimentum. Donec at arcu. Vestibulum ante ipsum primis in faucibus orci luctus et ultrices posuere cubilia Curae Donec
546	71	4	1	2022-04-12 03:22:00	lorem, eget mollis lectus pede et risus. Quisque libero lacus, varius et, euismod et, commodo at, libero. Morbi accumsan laoreet
547	36	62	2	2022-03-31 04:20:00	eu, accumsan sed, facilisis vitae, orci. Phasellus dapibus quam quis diam. Pellentesque habitant
548	40	30	3	2022-02-04 06:07:00	ligula. Donec luctus aliquet odio. Etiam ligula tortor, dictum eu, placerat eget, venenatis a, magna. Lorem ipsum
549	26	83	2	2022-03-28 04:50:00	consectetuer adipiscing elit. Aliquam auctor, velit eget laoreet posuere, enim nisl elementum purus, accumsan interdum libero dui
550	82	17	2	2022-07-12 01:41:00	Proin eget odio. Aliquam vulputate ullamcorper magna. Sed eu eros. Nam consequat dolor vitae dolor. Donec fringilla. Donec feugiat
551	22	40	3	2022-02-14 11:59:00	pellentesque a, facilisis non, bibendum sed, est. Nunc laoreet lectus quis massa. Mauris vestibulum, neque sed dictum eleifend, nunc
552	43	63	2	2022-08-09 01:49:00	nonummy ultricies ornare, elit elit fermentum risus, at fringilla purus mauris a
553	12	8	2	2022-01-31 03:12:00	nunc. Quisque ornare tortor at risus. Nunc ac sem ut dolor dapibus gravida. Aliquam tincidunt, nunc ac mattis
554	64	93	1	2022-08-20 06:09:00	cursus et, magna. Praesent interdum ligula eu enim. Etiam imperdiet dictum magna. Ut
555	60	64	3	2022-05-17 05:54:00	massa non ante bibendum ullamcorper. Duis cursus, diam at pretium aliquet, metus urna
556	43	66	3	2022-01-29 01:52:00	ligula. Aliquam erat volutpat. Nulla dignissim. Maecenas ornare egestas ligula. Nullam feugiat placerat velit. Quisque varius.
557	1	36	3	2022-07-05 06:01:00	ligula eu enim. Etiam imperdiet dictum magna. Ut tincidunt orci quis lectus. Nullam suscipit,
558	53	34	2	2021-11-20 08:27:00	cursus in, hendrerit consectetuer, cursus et, magna. Praesent interdum ligula eu enim. Etiam imperdiet
559	8	18	2	2021-10-01 09:05:00	id risus quis diam luctus lobortis. Class aptent taciti sociosqu
560	14	83	2	2022-04-18 12:59:00	Donec non justo. Proin non massa non ante bibendum ullamcorper. Duis
561	100	3	2	2022-01-17 06:13:00	blandit congue. In scelerisque scelerisque dui. Suspendisse ac metus vitae velit egestas
562	15	30	2	2022-08-28 08:16:00	Cum sociis natoque penatibus et magnis dis parturient montes, nascetur
563	41	30	2	2022-07-19 04:28:00	odio semper cursus. Integer mollis. Integer tincidunt aliquam arcu. Aliquam ultrices iaculis odio. Nam interdum enim
564	87	60	2	2022-06-07 07:24:00	luctus lobortis. Class aptent taciti sociosqu ad litora torquent per conubia nostra, per inceptos hymenaeos. Mauris ut
565	69	89	1	2021-09-18 05:36:00	at, nisi. Cum sociis natoque penatibus et magnis dis parturient montes, nascetur ridiculus mus.
566	42	15	1	2022-06-28 12:50:00	mauris erat eget ipsum. Suspendisse sagittis. Nullam vitae diam. Proin dolor.
567	21	69	3	2022-05-26 08:11:00	aliquam iaculis, lacus pede sagittis augue, eu tempor erat neque non quam. Pellentesque habitant morbi tristique
568	36	48	3	2021-12-22 10:43:00	mauris. Integer sem elit, pharetra ut, pharetra sed, hendrerit a, arcu. Sed et libero. Proin mi.
569	47	70	2	2022-08-09 12:36:00	Integer vitae nibh. Donec est mauris, rhoncus id, mollis nec, cursus
570	90	62	2	2022-05-10 08:21:00	Pellentesque habitant morbi tristique senectus et netus et malesuada fames ac turpis egestas. Fusce aliquet magna a neque. Nullam
571	30	62	1	2021-12-19 08:27:00	Donec tempus, lorem fringilla ornare placerat, orci lacus vestibulum lorem, sit amet ultricies
572	10	53	2	2022-07-26 11:13:00	turpis vitae purus gravida sagittis. Duis gravida. Praesent eu nulla
573	4	83	1	2022-06-24 07:48:00	Quisque ornare tortor at risus. Nunc ac sem ut dolor dapibus gravida.
574	4	70	2	2021-09-24 11:52:00	vitae sodales nisi magna sed dui. Fusce aliquam, enim nec tempus
575	60	22	2	2021-10-11 10:47:00	lorem, eget mollis lectus pede et risus. Quisque libero lacus, varius et, euismod et, commodo at, libero.
576	84	41	1	2021-09-28 06:40:00	ac, eleifend vitae, erat. Vivamus nisi. Mauris nulla. Integer urna. Vivamus molestie
577	59	50	2	2022-05-21 03:38:00	urna. Vivamus molestie dapibus ligula. Aliquam erat volutpat. Nulla dignissim. Maecenas
578	24	51	3	2022-09-13 07:54:00	Proin sed turpis nec mauris blandit mattis. Cras eget nisi dictum augue malesuada malesuada.
579	61	25	2	2022-08-19 02:45:00	tellus non magna. Nam ligula elit, pretium et, rutrum non, hendrerit id, ante. Nunc
580	10	5	1	2022-07-08 12:56:00	augue. Sed molestie. Sed id risus quis diam luctus lobortis. Class aptent taciti sociosqu ad litora torquent
581	79	24	2	2022-08-20 01:11:00	non, lobortis quis, pede. Suspendisse dui. Fusce diam nunc, ullamcorper eu, euismod ac,
582	47	25	2	2022-08-25 09:52:00	nisi nibh lacinia orci, consectetuer euismod est arcu ac orci. Ut semper pretium neque. Morbi
583	39	43	3	2022-08-15 10:55:00	iaculis quis, pede. Praesent eu dui. Cum sociis natoque penatibus et magnis dis parturient montes,
585	39	42	2	2022-04-27 02:49:00	in sodales elit erat vitae risus. Duis a mi fringilla mi lacinia mattis. Integer eu lacus. Quisque imperdiet, erat
586	60	46	2	2021-10-29 03:46:00	urna, nec luctus felis purus ac tellus. Suspendisse sed dolor. Fusce mi lorem, vehicula et, rutrum
587	91	25	1	2022-03-25 02:56:00	rutrum eu, ultrices sit amet, risus. Donec nibh enim, gravida sit amet, dapibus id, blandit at, nisi. Cum
588	49	40	1	2022-08-29 01:26:00	mollis. Duis sit amet diam eu dolor egestas rhoncus. Proin nisl sem, consequat nec, mollis vitae,
589	18	91	2	2022-06-24 12:32:00	purus. Nullam scelerisque neque sed sem egestas blandit. Nam nulla magna, malesuada vel, convallis in, cursus
590	57	70	3	2022-07-23 11:39:00	dolor. Fusce mi lorem, vehicula et, rutrum eu, ultrices sit amet, risus. Donec
591	78	38	2	2021-09-16 11:26:00	Mauris non dui nec urna suscipit nonummy. Fusce fermentum fermentum arcu. Vestibulum ante ipsum primis
592	55	13	1	2021-09-27 12:21:00	Donec consectetuer mauris id sapien. Cras dolor dolor, tempus non, lacinia at, iaculis quis, pede. Praesent eu
593	38	82	2	2022-05-16 04:22:00	ipsum nunc id enim. Curabitur massa. Vestibulum accumsan neque et nunc. Quisque ornare tortor at risus. Nunc ac sem
594	73	49	3	2022-06-15 08:49:00	aliquam adipiscing lacus. Ut nec urna et arcu imperdiet ullamcorper. Duis at lacus.
595	21	80	1	2022-08-24 02:46:00	massa. Integer vitae nibh. Donec est mauris, rhoncus id, mollis nec, cursus
596	62	47	2	2022-02-12 08:18:00	Mauris vel turpis. Aliquam adipiscing lobortis risus. In mi pede, nonummy ut, molestie in, tempus eu, ligula. Aenean euismod
597	19	73	1	2022-05-14 09:31:00	non, sollicitudin a, malesuada id, erat. Etiam vestibulum massa rutrum magna. Cras convallis convallis dolor.
598	33	72	2	2021-10-03 10:44:00	Maecenas malesuada fringilla est. Mauris eu turpis. Nulla aliquet. Proin velit. Sed malesuada augue ut lacus. Nulla
599	20	3	3	2022-01-21 09:31:00	Vestibulum ante ipsum primis in faucibus orci luctus et ultrices posuere cubilia Curae Donec
600	2	40	2	2021-12-12 12:26:00	mi, ac mattis velit justo nec ante. Maecenas mi felis,
601	8	79	1	2021-12-03 04:34:00	metus. In lorem. Donec elementum, lorem ut aliquam iaculis, lacus pede sagittis augue, eu tempor erat neque non
602	23	12	3	2022-09-01 06:17:00	nibh enim, gravida sit amet, dapibus id, blandit at, nisi. Cum sociis natoque penatibus et
603	33	91	2	2022-04-28 10:35:00	lacinia vitae, sodales at, velit. Pellentesque ultricies dignissim lacus. Aliquam rutrum lorem ac risus. Morbi metus. Vivamus euismod urna. Nullam
604	59	10	2	2022-04-30 03:07:00	vulputate, lacus. Cras interdum. Nunc sollicitudin commodo ipsum. Suspendisse non leo. Vivamus nibh dolor,
605	71	55	3	2022-08-21 02:14:00	orci tincidunt adipiscing. Mauris molestie pharetra nibh. Aliquam ornare, libero at auctor ullamcorper, nisl arcu
606	8	24	1	2021-10-08 04:27:00	aliquet, sem ut cursus luctus, ipsum leo elementum sem, vitae aliquam eros turpis non enim. Mauris quis
607	18	68	2	2021-11-25 11:56:00	aliquam adipiscing lacus. Ut nec urna et arcu imperdiet ullamcorper. Duis at
608	93	33	2	2022-05-11 02:07:00	nunc ac mattis ornare, lectus ante dictum mi, ac mattis velit justo
609	66	75	3	2021-11-16 01:20:00	Aenean egestas hendrerit neque. In ornare sagittis felis. Donec tempor, est ac mattis semper, dui lectus rutrum
610	67	63	1	2022-07-23 05:08:00	dui augue eu tellus. Phasellus elit pede, malesuada vel, venenatis vel, faucibus id, libero. Donec consectetuer
611	45	22	3	2022-02-11 11:22:00	et, euismod et, commodo at, libero. Morbi accumsan laoreet ipsum. Curabitur consequat, lectus sit
612	15	20	2	2022-03-09 07:01:00	congue, elit sed consequat auctor, nunc nulla vulputate dui, nec tempus mauris erat eget ipsum. Suspendisse sagittis. Nullam vitae
613	58	44	3	2021-09-16 02:48:00	urna. Vivamus molestie dapibus ligula. Aliquam erat volutpat. Nulla dignissim. Maecenas ornare egestas ligula. Nullam feugiat
614	18	40	2	2022-01-02 04:35:00	Donec felis orci, adipiscing non, luctus sit amet, faucibus ut, nulla. Cras eu tellus eu
615	90	85	2	2022-05-30 02:11:00	ut, sem. Nulla interdum. Curabitur dictum. Phasellus in felis. Nulla tempor augue ac ipsum. Phasellus
616	62	39	1	2022-03-20 12:09:00	nec mauris blandit mattis. Cras eget nisi dictum augue malesuada malesuada. Integer
617	14	13	3	2022-01-25 04:36:00	Donec est mauris, rhoncus id, mollis nec, cursus a, enim. Suspendisse aliquet, sem ut cursus luctus, ipsum leo
618	77	96	2	2021-12-17 06:14:00	dolor. Fusce feugiat. Lorem ipsum dolor sit amet, consectetuer adipiscing elit. Aliquam
619	58	56	2	2021-09-22 01:49:00	dictum placerat, augue. Sed molestie. Sed id risus quis diam luctus lobortis. Class aptent taciti
620	11	43	1	2022-09-04 04:47:00	orci tincidunt adipiscing. Mauris molestie pharetra nibh. Aliquam ornare, libero at auctor ullamcorper,
621	88	53	2	2022-07-29 08:56:00	dui, nec tempus mauris erat eget ipsum. Suspendisse sagittis. Nullam
622	96	77	1	2022-05-05 09:16:00	ut aliquam iaculis, lacus pede sagittis augue, eu tempor erat neque non quam. Pellentesque habitant morbi tristique senectus et
623	27	12	1	2022-08-20 03:58:00	nec urna suscipit nonummy. Fusce fermentum fermentum arcu. Vestibulum ante ipsum primis in faucibus orci
624	58	12	2	2022-03-21 01:56:00	lacinia at, iaculis quis, pede. Praesent eu dui. Cum sociis natoque penatibus et magnis dis
625	66	68	3	2021-11-24 02:30:00	sapien molestie orci tincidunt adipiscing. Mauris molestie pharetra nibh. Aliquam ornare, libero at auctor ullamcorper,
626	6	16	1	2022-08-05 02:57:00	nulla magna, malesuada vel, convallis in, cursus et, eros. Proin ultrices. Duis volutpat nunc
627	81	78	1	2022-07-01 11:29:00	sed libero. Proin sed turpis nec mauris blandit mattis. Cras eget nisi
628	85	18	3	2022-05-25 10:19:00	montes, nascetur ridiculus mus. Proin vel arcu eu odio tristique pharetra. Quisque ac libero nec ligula consectetuer
629	46	39	3	2022-09-01 05:33:00	egestas a, dui. Cras pellentesque. Sed dictum. Proin eget odio. Aliquam vulputate ullamcorper magna. Sed eu eros.
630	6	31	3	2022-03-04 01:27:00	libero. Integer in magna. Phasellus dolor elit, pellentesque a, facilisis non, bibendum sed, est. Nunc laoreet lectus quis
631	89	57	1	2022-07-21 10:45:00	at, velit. Cras lorem lorem, luctus ut, pellentesque eget, dictum placerat, augue. Sed molestie. Sed id risus quis
632	23	26	1	2022-04-03 03:55:00	tellus. Aenean egestas hendrerit neque. In ornare sagittis felis. Donec tempor, est ac mattis semper, dui lectus rutrum urna,
633	82	7	2	2021-11-02 11:35:00	Nunc lectus pede, ultrices a, auctor non, feugiat nec, diam. Duis mi enim,
634	77	56	1	2022-05-31 01:56:00	est tempor bibendum. Donec felis orci, adipiscing non, luctus sit amet, faucibus ut, nulla. Cras eu tellus eu
635	90	37	3	2021-11-02 05:30:00	nec, eleifend non, dapibus rutrum, justo. Praesent luctus. Curabitur egestas nunc sed libero. Proin sed
636	18	26	2	2022-04-18 10:50:00	Fusce feugiat. Lorem ipsum dolor sit amet, consectetuer adipiscing elit. Aliquam auctor, velit eget laoreet posuere, enim nisl elementum purus,
637	83	74	2	2022-06-08 01:49:00	Donec non justo. Proin non massa non ante bibendum ullamcorper. Duis cursus, diam
638	8	98	2	2022-03-08 10:18:00	scelerisque dui. Suspendisse ac metus vitae velit egestas lacinia. Sed congue, elit sed consequat auctor, nunc nulla
639	6	87	2	2022-06-08 09:01:00	Donec est mauris, rhoncus id, mollis nec, cursus a, enim. Suspendisse aliquet, sem
640	44	20	2	2022-06-11 03:59:00	velit. Sed malesuada augue ut lacus. Nulla tincidunt, neque vitae semper egestas, urna justo faucibus lectus, a sollicitudin
641	19	77	1	2022-08-08 08:26:00	eget varius ultrices, mauris ipsum porta elit, a feugiat tellus lorem eu metus. In lorem. Donec elementum, lorem
642	6	50	1	2022-04-08 08:44:00	mi fringilla mi lacinia mattis. Integer eu lacus. Quisque imperdiet, erat nonummy ultricies ornare, elit elit
643	52	22	3	2022-04-21 09:37:00	mi, ac mattis velit justo nec ante. Maecenas mi felis, adipiscing fringilla, porttitor vulputate, posuere vulputate, lacus.
644	23	61	1	2022-08-05 12:10:00	ut, sem. Nulla interdum. Curabitur dictum. Phasellus in felis. Nulla tempor augue ac ipsum. Phasellus vitae mauris sit
645	75	63	1	2022-06-21 07:42:00	natoque penatibus et magnis dis parturient montes, nascetur ridiculus mus. Donec dignissim magna a tortor. Nunc
646	83	78	2	2022-02-16 12:21:00	rhoncus. Proin nisl sem, consequat nec, mollis vitae, posuere at, velit. Cras lorem lorem, luctus ut,
647	85	86	1	2022-01-05 01:29:00	facilisis. Suspendisse commodo tincidunt nibh. Phasellus nulla. Integer vulputate, risus a ultricies adipiscing, enim mi tempor lorem, eget
648	12	73	3	2022-04-16 12:33:00	vestibulum massa rutrum magna. Cras convallis convallis dolor. Quisque tincidunt pede ac urna. Ut tincidunt vehicula
649	44	92	2	2022-03-28 11:03:00	dui, in sodales elit erat vitae risus. Duis a mi fringilla mi lacinia mattis. Integer eu lacus. Quisque imperdiet, erat
650	58	45	3	2022-05-16 03:39:00	augue id ante dictum cursus. Nunc mauris elit, dictum eu, eleifend
651	91	59	3	2022-08-10 07:20:00	dapibus id, blandit at, nisi. Cum sociis natoque penatibus et magnis dis parturient montes,
652	10	61	1	2022-01-03 12:24:00	libero. Proin mi. Aliquam gravida mauris ut mi. Duis risus odio, auctor vitae, aliquet nec, imperdiet
653	94	1	2	2022-02-03 12:46:00	dui. Cum sociis natoque penatibus et magnis dis parturient montes, nascetur ridiculus mus.
654	75	18	2	2022-08-26 07:00:00	torquent per conubia nostra, per inceptos hymenaeos. Mauris ut quam vel sapien imperdiet ornare. In faucibus.
655	79	63	2	2022-03-19 05:34:00	nec, imperdiet nec, leo. Morbi neque tellus, imperdiet non, vestibulum nec, euismod in, dolor. Fusce feugiat. Lorem ipsum
656	94	47	2	2022-06-26 11:46:00	odio. Phasellus at augue id ante dictum cursus. Nunc mauris elit, dictum eu, eleifend nec, malesuada ut, sem. Nulla interdum.
657	35	3	3	2022-05-27 07:54:00	neque. Sed eget lacus. Mauris non dui nec urna suscipit nonummy. Fusce fermentum fermentum arcu. Vestibulum ante ipsum primis
658	26	22	2	2022-03-10 09:22:00	ipsum primis in faucibus orci luctus et ultrices posuere cubilia Curae Phasellus ornare. Fusce mollis. Duis sit amet diam
659	66	85	3	2021-09-15 09:20:00	Proin nisl sem, consequat nec, mollis vitae, posuere at, velit. Cras lorem lorem, luctus
660	60	30	1	2022-05-31 10:05:00	sociis natoque penatibus et magnis dis parturient montes, nascetur ridiculus mus. Donec dignissim magna a tortor. Nunc commodo
661	26	3	2	2022-08-22 12:37:00	sagittis augue, eu tempor erat neque non quam. Pellentesque habitant morbi tristique senectus et
662	48	98	3	2022-05-16 06:47:00	rutrum magna. Cras convallis convallis dolor. Quisque tincidunt pede ac urna.
663	85	73	2	2022-01-15 10:26:00	natoque penatibus et magnis dis parturient montes, nascetur ridiculus mus. Proin vel arcu eu odio
664	26	44	2	2022-08-26 06:02:00	ut, pharetra sed, hendrerit a, arcu. Sed et libero. Proin mi. Aliquam gravida mauris ut mi. Duis
665	87	15	2	2022-02-07 06:27:00	Proin nisl sem, consequat nec, mollis vitae, posuere at, velit. Cras lorem lorem, luctus ut, pellentesque eget, dictum placerat,
666	94	85	3	2021-11-04 01:08:00	feugiat tellus lorem eu metus. In lorem. Donec elementum, lorem ut aliquam iaculis,
667	63	4	2	2022-05-29 09:24:00	pretium aliquet, metus urna convallis erat, eget tincidunt dui augue eu tellus. Phasellus elit pede, malesuada vel, venenatis
668	84	85	2	2022-04-12 10:18:00	commodo at, libero. Morbi accumsan laoreet ipsum. Curabitur consequat, lectus sit amet luctus vulputate, nisi sem semper erat, in
669	87	55	2	2021-12-31 02:58:00	nulla ante, iaculis nec, eleifend non, dapibus rutrum, justo. Praesent luctus. Curabitur
670	67	29	2	2022-05-04 12:32:00	Donec tincidunt. Donec vitae erat vel pede blandit congue. In scelerisque scelerisque dui. Suspendisse
671	2	45	3	2022-07-31 10:37:00	arcu. Vestibulum ante ipsum primis in faucibus orci luctus et ultrices posuere cubilia Curae Phasellus ornare.
672	14	86	2	2022-09-05 03:07:00	justo sit amet nulla. Donec non justo. Proin non massa non ante bibendum ullamcorper. Duis
673	1	34	2	2021-12-03 08:54:00	ornare, elit elit fermentum risus, at fringilla purus mauris a nunc. In
674	5	28	2	2022-04-13 01:12:00	adipiscing lobortis risus. In mi pede, nonummy ut, molestie in, tempus eu,
675	23	29	3	2021-11-09 10:29:00	ultrices posuere cubilia Curae Phasellus ornare. Fusce mollis. Duis sit amet diam eu dolor egestas rhoncus. Proin
676	22	90	1	2022-01-14 06:15:00	eu tellus eu augue porttitor interdum. Sed auctor odio a purus. Duis elementum, dui
677	91	10	1	2021-12-21 10:39:00	risus. Donec egestas. Duis ac arcu. Nunc mauris. Morbi non sapien molestie orci tincidunt adipiscing. Mauris molestie pharetra nibh.
678	69	28	1	2021-10-12 05:13:00	elementum, dui quis accumsan convallis, ante lectus convallis est, vitae sodales nisi magna sed dui. Fusce aliquam,
679	6	32	2	2022-08-04 10:29:00	Nunc pulvinar arcu et pede. Nunc sed orci lobortis augue scelerisque mollis.
680	90	38	2	2022-04-04 10:45:00	velit eu sem. Pellentesque ut ipsum ac mi eleifend egestas. Sed pharetra, felis
681	45	20	3	2021-12-01 10:58:00	tellus. Aenean egestas hendrerit neque. In ornare sagittis felis. Donec tempor, est ac mattis semper, dui lectus rutrum urna,
682	15	12	1	2022-07-03 05:14:00	sit amet ornare lectus justo eu arcu. Morbi sit amet massa. Quisque porttitor eros
683	99	64	1	2022-08-05 11:22:00	gravida. Aliquam tincidunt, nunc ac mattis ornare, lectus ante dictum mi, ac mattis
684	79	63	1	2022-01-11 09:52:00	lacus. Quisque imperdiet, erat nonummy ultricies ornare, elit elit fermentum risus, at fringilla purus mauris a nunc. In at
685	2	87	2	2022-08-04 08:56:00	at auctor ullamcorper, nisl arcu iaculis enim, sit amet ornare
686	54	18	2	2022-04-09 08:31:00	nonummy ut, molestie in, tempus eu, ligula. Aenean euismod mauris eu elit.
688	12	93	1	2022-06-11 07:01:00	risus. Donec egestas. Duis ac arcu. Nunc mauris. Morbi non sapien molestie orci tincidunt adipiscing. Mauris
689	67	93	2	2022-03-23 09:27:00	Suspendisse commodo tincidunt nibh. Phasellus nulla. Integer vulputate, risus a ultricies adipiscing, enim
690	50	99	1	2021-10-08 03:47:00	orci, consectetuer euismod est arcu ac orci. Ut semper pretium neque. Morbi
691	71	47	2	2022-05-25 11:44:00	a, arcu. Sed et libero. Proin mi. Aliquam gravida mauris ut mi. Duis
692	78	62	3	2021-10-20 06:04:00	magna a tortor. Nunc commodo auctor velit. Aliquam nisl. Nulla eu neque pellentesque massa lobortis ultrices. Vivamus rhoncus.
693	50	56	3	2022-08-24 05:40:00	et magnis dis parturient montes, nascetur ridiculus mus. Proin vel nisl. Quisque fringilla euismod enim. Etiam
694	2	11	2	2021-11-03 03:15:00	libero nec ligula consectetuer rhoncus. Nullam velit dui, semper et, lacinia vitae, sodales at, velit.
695	92	60	1	2022-02-11 07:27:00	egestas blandit. Nam nulla magna, malesuada vel, convallis in, cursus
696	37	7	2	2022-06-03 06:12:00	et, rutrum eu, ultrices sit amet, risus. Donec nibh enim, gravida sit amet, dapibus id, blandit at,
697	22	66	1	2022-04-13 09:17:00	fermentum arcu. Vestibulum ante ipsum primis in faucibus orci luctus et ultrices posuere cubilia Curae Phasellus ornare. Fusce
698	89	65	1	2022-02-09 08:51:00	egestas a, scelerisque sed, sapien. Nunc pulvinar arcu et pede. Nunc sed orci lobortis
699	97	66	2	2021-11-10 09:40:00	ut erat. Sed nunc est, mollis non, cursus non, egestas a, dui. Cras pellentesque. Sed dictum.
700	81	2	1	2021-12-21 06:19:00	Cras pellentesque. Sed dictum. Proin eget odio. Aliquam vulputate ullamcorper magna. Sed
701	8	84	2	2022-06-18 01:45:00	ac urna. Ut tincidunt vehicula risus. Nulla eget metus eu erat semper rutrum. Fusce dolor quam, elementum at, egestas a,
702	89	76	1	2022-09-08 05:21:00	dictum augue malesuada malesuada. Integer id magna et ipsum cursus vestibulum. Mauris magna. Duis dignissim tempor arcu. Vestibulum ut eros
703	39	68	1	2022-08-24 12:01:00	mauris. Integer sem elit, pharetra ut, pharetra sed, hendrerit a, arcu.
704	63	27	2	2021-11-14 02:25:00	arcu. Aliquam ultrices iaculis odio. Nam interdum enim non nisi.
705	9	48	2	2022-03-06 11:21:00	Sed eu nibh vulputate mauris sagittis placerat. Cras dictum ultricies ligula. Nullam enim. Sed nulla ante, iaculis
706	66	85	1	2022-04-19 02:48:00	feugiat metus sit amet ante. Vivamus non lorem vitae odio sagittis semper. Nam tempor diam
707	60	23	1	2022-02-11 05:02:00	quam, elementum at, egestas a, scelerisque sed, sapien. Nunc pulvinar arcu et
708	29	8	2	2021-12-29 09:48:00	dapibus rutrum, justo. Praesent luctus. Curabitur egestas nunc sed libero. Proin sed
709	73	66	2	2021-12-20 01:05:00	cursus et, magna. Praesent interdum ligula eu enim. Etiam imperdiet dictum magna.
710	83	4	2	2022-01-09 06:47:00	bibendum fermentum metus. Aenean sed pede nec ante blandit viverra. Donec tempus, lorem
711	22	85	3	2022-06-03 08:36:00	fringilla est. Mauris eu turpis. Nulla aliquet. Proin velit. Sed malesuada augue ut lacus. Nulla tincidunt, neque vitae semper egestas,
712	95	3	1	2022-01-04 02:51:00	et, rutrum non, hendrerit id, ante. Nunc mauris sapien, cursus in, hendrerit consectetuer, cursus et,
713	57	88	2	2021-10-28 11:59:00	cursus in, hendrerit consectetuer, cursus et, magna. Praesent interdum ligula eu
714	33	6	2	2022-01-13 02:51:00	adipiscing non, luctus sit amet, faucibus ut, nulla. Cras eu tellus eu augue porttitor interdum.
715	79	54	2	2022-01-31 09:45:00	enim commodo hendrerit. Donec porttitor tellus non magna. Nam ligula elit, pretium et, rutrum non,
716	31	26	3	2022-01-01 05:32:00	eleifend non, dapibus rutrum, justo. Praesent luctus. Curabitur egestas nunc sed libero. Proin sed turpis nec mauris
717	82	35	2	2021-11-14 09:27:00	Cras dolor dolor, tempus non, lacinia at, iaculis quis, pede. Praesent eu dui. Cum sociis natoque penatibus
718	64	53	3	2022-09-13 05:10:00	tristique aliquet. Phasellus fermentum convallis ligula. Donec luctus aliquet odio. Etiam
719	5	75	3	2022-02-02 11:26:00	diam dictum sapien. Aenean massa. Integer vitae nibh. Donec est mauris, rhoncus
720	80	74	2	2022-04-23 03:05:00	Proin dolor. Nulla semper tellus id nunc interdum feugiat. Sed nec metus facilisis
721	66	43	3	2022-08-16 08:10:00	Pellentesque tincidunt tempus risus. Donec egestas. Duis ac arcu. Nunc mauris. Morbi non
722	45	64	2	2021-11-17 05:25:00	vitae mauris sit amet lorem semper auctor. Mauris vel turpis. Aliquam adipiscing lobortis risus.
723	12	20	3	2022-05-28 03:18:00	facilisi. Sed neque. Sed eget lacus. Mauris non dui nec urna suscipit nonummy. Fusce fermentum
724	33	66	2	2022-01-25 07:12:00	Cras convallis convallis dolor. Quisque tincidunt pede ac urna. Ut tincidunt vehicula risus.
725	57	79	3	2022-08-10 10:48:00	quis diam. Pellentesque habitant morbi tristique senectus et netus et malesuada
726	46	20	2	2021-12-21 07:12:00	In tincidunt congue turpis. In condimentum. Donec at arcu. Vestibulum ante ipsum primis in
727	82	36	3	2022-06-21 12:47:00	interdum ligula eu enim. Etiam imperdiet dictum magna. Ut tincidunt orci quis lectus. Nullam suscipit,
728	18	12	2	2022-03-21 09:49:00	sagittis semper. Nam tempor diam dictum sapien. Aenean massa. Integer vitae nibh. Donec est mauris, rhoncus id,
729	33	87	2	2022-06-16 07:59:00	arcu et pede. Nunc sed orci lobortis augue scelerisque mollis. Phasellus libero
730	22	85	3	2021-12-08 04:20:00	luctus. Curabitur egestas nunc sed libero. Proin sed turpis nec mauris blandit mattis. Cras eget nisi
731	17	43	3	2022-05-08 02:18:00	Cum sociis natoque penatibus et magnis dis parturient montes, nascetur ridiculus mus. Proin vel nisl. Quisque fringilla euismod
732	36	32	2	2022-09-03 10:55:00	hendrerit neque. In ornare sagittis felis. Donec tempor, est ac mattis semper,
733	70	25	1	2022-01-15 07:43:00	varius. Nam porttitor scelerisque neque. Nullam nisl. Maecenas malesuada fringilla est. Mauris eu turpis. Nulla
734	11	74	2	2022-06-18 10:45:00	Fusce aliquet magna a neque. Nullam ut nisi a odio semper cursus. Integer mollis. Integer
735	45	49	3	2022-01-08 06:33:00	Nam nulla magna, malesuada vel, convallis in, cursus et, eros. Proin ultrices. Duis
736	18	9	2	2022-01-23 09:49:00	faucibus ut, nulla. Cras eu tellus eu augue porttitor interdum. Sed auctor odio a purus. Duis
737	49	94	1	2022-07-24 11:04:00	eleifend, nunc risus varius orci, in consequat enim diam vel arcu.
738	2	91	3	2022-05-31 05:22:00	placerat velit. Quisque varius. Nam porttitor scelerisque neque. Nullam nisl.
739	80	74	2	2022-02-20 06:53:00	Phasellus ornare. Fusce mollis. Duis sit amet diam eu dolor egestas rhoncus. Proin
740	58	24	3	2022-03-08 12:41:00	ipsum cursus vestibulum. Mauris magna. Duis dignissim tempor arcu. Vestibulum ut eros non
741	18	62	3	2021-12-29 04:56:00	sit amet massa. Quisque porttitor eros nec tellus. Nunc lectus
742	90	40	1	2022-08-04 12:23:00	ipsum primis in faucibus orci luctus et ultrices posuere cubilia Curae Phasellus ornare. Fusce mollis. Duis sit amet
743	13	8	1	2022-05-12 09:23:00	lacus. Mauris non dui nec urna suscipit nonummy. Fusce fermentum
744	65	4	2	2022-01-05 11:24:00	non enim. Mauris quis turpis vitae purus gravida sagittis. Duis gravida. Praesent
745	42	60	1	2021-11-18 11:19:00	nunc nulla vulputate dui, nec tempus mauris erat eget ipsum. Suspendisse sagittis. Nullam vitae diam.
746	90	90	3	2021-11-14 08:53:00	Proin sed turpis nec mauris blandit mattis. Cras eget nisi dictum augue malesuada
747	88	17	2	2022-04-12 03:01:00	sit amet, risus. Donec nibh enim, gravida sit amet, dapibus id, blandit at, nisi. Cum
748	37	16	2	2022-03-07 04:19:00	iaculis odio. Nam interdum enim non nisi. Aenean eget metus. In nec orci. Donec
749	83	92	1	2022-09-12 09:45:00	Donec felis orci, adipiscing non, luctus sit amet, faucibus ut, nulla. Cras eu tellus eu augue porttitor
750	33	79	2	2022-08-03 09:25:00	tincidunt, neque vitae semper egestas, urna justo faucibus lectus, a sollicitudin orci sem eget massa. Suspendisse eleifend. Cras sed leo.
751	48	47	2	2022-05-09 05:48:00	lacinia at, iaculis quis, pede. Praesent eu dui. Cum sociis natoque penatibus et magnis dis
752	31	89	2	2021-10-02 08:49:00	et ultrices posuere cubilia Curae Phasellus ornare. Fusce mollis. Duis sit amet diam eu dolor egestas rhoncus.
753	25	77	3	2022-02-23 06:01:00	hendrerit consectetuer, cursus et, magna. Praesent interdum ligula eu enim. Etiam imperdiet dictum magna. Ut tincidunt orci quis lectus.
754	77	47	1	2021-11-03 04:12:00	nunc sit amet metus. Aliquam erat volutpat. Nulla facilisis. Suspendisse commodo tincidunt nibh. Phasellus nulla. Integer
755	67	39	2	2022-06-22 02:58:00	eu tempor erat neque non quam. Pellentesque habitant morbi tristique senectus
756	4	27	3	2022-01-05 01:57:00	in aliquet lobortis, nisi nibh lacinia orci, consectetuer euismod est arcu ac orci. Ut semper pretium neque.
757	51	3	2	2021-10-07 11:40:00	erat. Sed nunc est, mollis non, cursus non, egestas a, dui. Cras pellentesque. Sed
758	46	25	1	2022-05-18 07:53:00	nulla ante, iaculis nec, eleifend non, dapibus rutrum, justo. Praesent luctus. Curabitur egestas nunc sed libero.
759	86	51	3	2022-05-07 05:28:00	ligula tortor, dictum eu, placerat eget, venenatis a, magna. Lorem ipsum dolor sit
760	72	42	2	2022-05-15 06:41:00	Mauris non dui nec urna suscipit nonummy. Fusce fermentum fermentum arcu. Vestibulum ante ipsum primis in faucibus orci
761	72	57	2	2021-11-05 02:45:00	lectus. Cum sociis natoque penatibus et magnis dis parturient montes, nascetur ridiculus mus. Donec dignissim magna a tortor. Nunc
762	9	62	1	2022-02-07 11:50:00	Sed dictum. Proin eget odio. Aliquam vulputate ullamcorper magna. Sed eu eros. Nam
763	32	96	2	2022-05-06 09:41:00	pede. Praesent eu dui. Cum sociis natoque penatibus et magnis dis
764	93	91	1	2022-04-05 04:01:00	urna justo faucibus lectus, a sollicitudin orci sem eget massa.
765	69	55	2	2022-08-18 12:37:00	gravida sit amet, dapibus id, blandit at, nisi. Cum sociis natoque penatibus et magnis dis
766	53	77	1	2022-04-06 06:11:00	non massa non ante bibendum ullamcorper. Duis cursus, diam at pretium aliquet, metus urna
767	60	1	3	2022-01-13 03:45:00	lacus. Ut nec urna et arcu imperdiet ullamcorper. Duis at lacus.
768	90	98	2	2021-12-22 09:00:00	vel, vulputate eu, odio. Phasellus at augue id ante dictum cursus.
769	45	17	2	2022-09-12 03:51:00	ipsum nunc id enim. Curabitur massa. Vestibulum accumsan neque et nunc. Quisque ornare tortor at risus.
770	10	40	1	2022-08-12 09:21:00	Nunc ut erat. Sed nunc est, mollis non, cursus non, egestas a, dui. Cras pellentesque.
771	95	18	2	2022-04-08 02:31:00	hendrerit neque. In ornare sagittis felis. Donec tempor, est ac mattis semper, dui
772	38	57	3	2022-01-20 03:16:00	auctor. Mauris vel turpis. Aliquam adipiscing lobortis risus. In mi pede, nonummy ut, molestie
773	96	42	1	2021-09-20 05:26:00	hendrerit. Donec porttitor tellus non magna. Nam ligula elit, pretium et, rutrum non, hendrerit
774	75	91	2	2022-05-02 11:33:00	erat volutpat. Nulla dignissim. Maecenas ornare egestas ligula. Nullam feugiat placerat
775	17	15	2	2021-09-27 05:55:00	Suspendisse aliquet, sem ut cursus luctus, ipsum leo elementum sem,
776	2	4	2	2022-04-10 10:42:00	purus sapien, gravida non, sollicitudin a, malesuada id, erat. Etiam vestibulum massa rutrum magna.
777	45	32	3	2022-05-23 01:34:00	pretium aliquet, metus urna convallis erat, eget tincidunt dui augue eu tellus. Phasellus elit pede, malesuada vel, venenatis vel, faucibus
778	56	61	1	2022-05-03 03:55:00	malesuada. Integer id magna et ipsum cursus vestibulum. Mauris magna. Duis dignissim tempor arcu. Vestibulum
779	30	72	1	2022-06-12 09:25:00	ullamcorper. Duis at lacus. Quisque purus sapien, gravida non, sollicitudin a,
780	9	92	2	2022-05-14 11:07:00	posuere vulputate, lacus. Cras interdum. Nunc sollicitudin commodo ipsum. Suspendisse non leo.
781	53	83	2	2022-07-28 10:51:00	placerat eget, venenatis a, magna. Lorem ipsum dolor sit amet, consectetuer adipiscing elit. Etiam laoreet, libero et
782	27	17	1	2021-11-29 06:30:00	arcu et pede. Nunc sed orci lobortis augue scelerisque mollis.
783	22	35	2	2022-08-15 09:53:00	mauris elit, dictum eu, eleifend nec, malesuada ut, sem. Nulla interdum. Curabitur dictum. Phasellus in felis. Nulla tempor augue
784	56	83	3	2022-03-22 08:51:00	enim. Mauris quis turpis vitae purus gravida sagittis. Duis gravida. Praesent eu nulla at sem molestie
785	63	47	1	2022-08-12 04:48:00	pellentesque. Sed dictum. Proin eget odio. Aliquam vulputate ullamcorper magna. Sed eu
786	46	62	2	2021-10-01 05:18:00	at, velit. Cras lorem lorem, luctus ut, pellentesque eget, dictum placerat, augue.
787	79	18	2	2022-03-02 08:35:00	enim. Sed nulla ante, iaculis nec, eleifend non, dapibus rutrum, justo. Praesent luctus. Curabitur egestas nunc
788	19	53	1	2022-04-16 12:04:00	nulla at sem molestie sodales. Mauris blandit enim consequat purus. Maecenas libero est, congue
789	11	90	2	2021-10-19 05:30:00	vitae, aliquet nec, imperdiet nec, leo. Morbi neque tellus, imperdiet non, vestibulum nec, euismod in, dolor. Fusce
790	56	98	1	2022-01-08 02:31:00	mauris eu elit. Nulla facilisi. Sed neque. Sed eget lacus. Mauris non dui
791	32	28	3	2022-07-12 08:23:00	magna a neque. Nullam ut nisi a odio semper cursus. Integer mollis. Integer tincidunt aliquam
792	6	4	3	2022-04-14 02:31:00	neque pellentesque massa lobortis ultrices. Vivamus rhoncus. Donec est. Nunc ullamcorper, velit in aliquet lobortis,
793	53	21	3	2022-03-17 11:56:00	Aenean euismod mauris eu elit. Nulla facilisi. Sed neque. Sed eget
794	76	27	1	2022-06-30 12:03:00	ad litora torquent per conubia nostra, per inceptos hymenaeos. Mauris ut quam vel sapien imperdiet
795	80	85	3	2022-07-04 11:35:00	Duis at lacus. Quisque purus sapien, gravida non, sollicitudin a, malesuada id,
796	13	33	2	2022-08-11 06:20:00	dolor. Quisque tincidunt pede ac urna. Ut tincidunt vehicula risus. Nulla eget metus eu erat semper rutrum. Fusce
797	26	9	3	2022-01-30 09:31:00	Proin ultrices. Duis volutpat nunc sit amet metus. Aliquam erat volutpat. Nulla facilisis. Suspendisse commodo tincidunt nibh.
798	23	3	3	2022-06-22 09:20:00	Nam nulla magna, malesuada vel, convallis in, cursus et, eros. Proin ultrices. Duis volutpat nunc sit amet metus. Aliquam
799	84	12	2	2022-08-16 06:33:00	accumsan sed, facilisis vitae, orci. Phasellus dapibus quam quis diam. Pellentesque habitant morbi tristique senectus et netus
800	35	32	1	2021-10-31 09:24:00	feugiat. Sed nec metus facilisis lorem tristique aliquet. Phasellus fermentum convallis ligula. Donec
801	73	68	2	2022-05-29 05:19:00	ut ipsum ac mi eleifend egestas. Sed pharetra, felis eget varius ultrices,
802	61	51	2	2021-12-25 06:17:00	conubia nostra, per inceptos hymenaeos. Mauris ut quam vel sapien imperdiet ornare. In faucibus. Morbi vehicula. Pellentesque
803	97	19	1	2021-09-30 09:57:00	lorem, auctor quis, tristique ac, eleifend vitae, erat. Vivamus nisi. Mauris nulla.
804	32	68	2	2022-01-04 02:16:00	eu tellus eu augue porttitor interdum. Sed auctor odio a purus. Duis elementum, dui quis accumsan convallis, ante lectus convallis
805	87	23	2	2022-05-20 02:49:00	dis parturient montes, nascetur ridiculus mus. Proin vel arcu eu odio tristique pharetra. Quisque
806	21	63	3	2021-09-30 09:10:00	magna nec quam. Curabitur vel lectus. Cum sociis natoque penatibus et magnis dis parturient montes, nascetur
807	65	22	2	2021-11-07 11:25:00	ut dolor dapibus gravida. Aliquam tincidunt, nunc ac mattis ornare, lectus ante dictum mi, ac mattis velit
808	79	54	3	2021-10-07 07:10:00	faucibus leo, in lobortis tellus justo sit amet nulla. Donec non justo. Proin non massa
809	42	98	3	2022-03-25 07:08:00	elit erat vitae risus. Duis a mi fringilla mi lacinia mattis. Integer
810	19	25	2	2022-08-12 08:12:00	consectetuer adipiscing elit. Curabitur sed tortor. Integer aliquam adipiscing lacus.
811	85	78	3	2021-11-17 12:41:00	justo nec ante. Maecenas mi felis, adipiscing fringilla, porttitor vulputate, posuere vulputate, lacus. Cras interdum. Nunc
812	52	53	1	2022-03-17 03:29:00	Nulla eu neque pellentesque massa lobortis ultrices. Vivamus rhoncus. Donec est. Nunc ullamcorper,
813	31	18	2	2022-01-19 02:42:00	fringilla. Donec feugiat metus sit amet ante. Vivamus non lorem vitae odio sagittis semper. Nam tempor diam dictum
814	58	60	2	2022-05-25 02:35:00	Nulla eget metus eu erat semper rutrum. Fusce dolor quam, elementum at, egestas a, scelerisque sed, sapien. Nunc
815	87	6	1	2021-10-19 11:56:00	non magna. Nam ligula elit, pretium et, rutrum non, hendrerit id,
816	56	58	2	2022-06-21 04:10:00	laoreet ipsum. Curabitur consequat, lectus sit amet luctus vulputate, nisi sem semper erat, in consectetuer ipsum
817	41	65	2	2022-08-24 01:20:00	mus. Proin vel nisl. Quisque fringilla euismod enim. Etiam gravida molestie arcu. Sed eu nibh vulputate
818	95	51	2	2021-10-20 10:14:00	vel sapien imperdiet ornare. In faucibus. Morbi vehicula. Pellentesque tincidunt tempus risus. Donec egestas. Duis ac
819	86	49	2	2022-02-06 02:51:00	magna et ipsum cursus vestibulum. Mauris magna. Duis dignissim tempor arcu. Vestibulum
820	76	14	3	2022-09-01 06:35:00	Nunc quis arcu vel quam dignissim pharetra. Nam ac nulla.
821	37	3	2	2022-05-11 04:40:00	egestas. Fusce aliquet magna a neque. Nullam ut nisi a odio semper cursus. Integer mollis. Integer tincidunt
822	81	28	2	2022-05-17 05:23:00	justo eu arcu. Morbi sit amet massa. Quisque porttitor eros nec tellus. Nunc lectus pede, ultrices a, auctor non,
823	74	37	1	2022-03-10 07:56:00	congue. In scelerisque scelerisque dui. Suspendisse ac metus vitae velit egestas lacinia.
824	19	24	2	2022-05-22 01:06:00	sagittis augue, eu tempor erat neque non quam. Pellentesque habitant morbi tristique senectus et netus
825	54	2	2	2022-08-16 04:41:00	montes, nascetur ridiculus mus. Aenean eget magna. Suspendisse tristique neque venenatis lacus. Etiam bibendum fermentum metus.
826	25	72	2	2022-01-13 04:43:00	et tristique pellentesque, tellus sem mollis dui, in sodales elit erat vitae risus. Duis a mi fringilla mi
827	69	93	1	2021-10-22 01:15:00	nisl. Nulla eu neque pellentesque massa lobortis ultrices. Vivamus rhoncus. Donec
828	95	28	3	2022-01-27 07:38:00	Nullam suscipit, est ac facilisis facilisis, magna tellus faucibus leo, in lobortis
829	30	72	3	2022-02-15 04:24:00	Cras lorem lorem, luctus ut, pellentesque eget, dictum placerat, augue. Sed molestie. Sed id risus quis diam luctus
830	99	2	1	2022-05-22 09:03:00	aliquet nec, imperdiet nec, leo. Morbi neque tellus, imperdiet non,
831	13	13	2	2021-11-25 08:00:00	nonummy ultricies ornare, elit elit fermentum risus, at fringilla purus mauris a nunc. In at pede.
832	61	33	3	2022-08-22 02:34:00	Donec egestas. Aliquam nec enim. Nunc ut erat. Sed nunc est, mollis non, cursus non, egestas
833	79	33	1	2022-04-27 02:57:00	Curabitur egestas nunc sed libero. Proin sed turpis nec mauris blandit
834	61	90	1	2022-04-01 12:57:00	sodales at, velit. Pellentesque ultricies dignissim lacus. Aliquam rutrum lorem ac risus. Morbi metus. Vivamus euismod urna. Nullam lobortis
835	91	87	1	2021-10-05 06:33:00	lobortis quis, pede. Suspendisse dui. Fusce diam nunc, ullamcorper eu, euismod ac, fermentum vel, mauris. Integer sem
836	81	68	1	2021-10-12 08:28:00	vulputate eu, odio. Phasellus at augue id ante dictum cursus. Nunc mauris elit, dictum eu,
837	62	57	1	2021-09-19 11:00:00	orci, consectetuer euismod est arcu ac orci. Ut semper pretium neque. Morbi quis urna. Nunc quis arcu vel quam dignissim
838	49	83	3	2022-07-12 01:34:00	sapien imperdiet ornare. In faucibus. Morbi vehicula. Pellentesque tincidunt tempus risus. Donec egestas. Duis
839	48	75	2	2022-04-07 10:50:00	lectus pede, ultrices a, auctor non, feugiat nec, diam. Duis mi enim,
840	86	26	3	2022-01-08 09:07:00	lobortis augue scelerisque mollis. Phasellus libero mauris, aliquam eu, accumsan sed, facilisis vitae, orci. Phasellus dapibus
841	49	56	2	2022-06-09 08:29:00	morbi tristique senectus et netus et malesuada fames ac turpis egestas. Fusce aliquet magna a neque. Nullam
842	11	71	2	2022-08-31 06:09:00	Mauris ut quam vel sapien imperdiet ornare. In faucibus. Morbi
843	51	17	2	2022-05-17 06:49:00	ligula tortor, dictum eu, placerat eget, venenatis a, magna. Lorem ipsum dolor sit amet, consectetuer adipiscing elit. Etiam
844	14	22	1	2022-01-21 02:19:00	ornare. In faucibus. Morbi vehicula. Pellentesque tincidunt tempus risus. Donec egestas.
845	31	45	1	2021-12-15 10:21:00	id nunc interdum feugiat. Sed nec metus facilisis lorem tristique aliquet. Phasellus fermentum convallis
846	29	66	2	2022-07-06 12:39:00	cursus non, egestas a, dui. Cras pellentesque. Sed dictum. Proin eget
947	56	52	1	2022-01-14 08:45:00	consectetuer euismod est arcu ac orci. Ut semper pretium neque. Morbi
847	69	89	2	2022-02-28 11:13:00	Phasellus libero mauris, aliquam eu, accumsan sed, facilisis vitae, orci. Phasellus dapibus quam quis diam. Pellentesque habitant morbi
848	18	30	1	2022-08-11 09:48:00	felis, adipiscing fringilla, porttitor vulputate, posuere vulputate, lacus. Cras interdum. Nunc sollicitudin commodo ipsum. Suspendisse non
849	71	74	1	2022-05-27 06:39:00	fringilla mi lacinia mattis. Integer eu lacus. Quisque imperdiet, erat nonummy ultricies ornare, elit elit fermentum risus, at
850	12	19	2	2022-04-13 02:21:00	mus. Proin vel nisl. Quisque fringilla euismod enim. Etiam gravida molestie arcu. Sed
851	30	3	1	2022-02-28 12:19:00	nisi. Aenean eget metus. In nec orci. Donec nibh. Quisque nonummy ipsum
852	38	21	1	2022-05-06 09:45:00	ultrices. Vivamus rhoncus. Donec est. Nunc ullamcorper, velit in aliquet lobortis, nisi nibh lacinia orci, consectetuer euismod est arcu
853	28	10	2	2022-08-06 03:58:00	Duis cursus, diam at pretium aliquet, metus urna convallis erat, eget tincidunt
854	73	28	2	2022-05-02 09:26:00	sodales at, velit. Pellentesque ultricies dignissim lacus. Aliquam rutrum lorem
855	2	82	2	2022-03-31 06:32:00	ipsum primis in faucibus orci luctus et ultrices posuere cubilia Curae Phasellus ornare. Fusce mollis. Duis
856	99	86	2	2022-03-05 01:25:00	tincidunt orci quis lectus. Nullam suscipit, est ac facilisis facilisis, magna tellus faucibus leo, in
857	9	41	2	2021-09-23 07:48:00	justo nec ante. Maecenas mi felis, adipiscing fringilla, porttitor vulputate, posuere vulputate, lacus. Cras
858	56	3	3	2021-10-04 11:31:00	tempor augue ac ipsum. Phasellus vitae mauris sit amet lorem semper auctor. Mauris vel turpis. Aliquam adipiscing lobortis
859	20	79	2	2021-12-02 02:51:00	velit. Pellentesque ultricies dignissim lacus. Aliquam rutrum lorem ac risus. Morbi metus. Vivamus euismod urna. Nullam lobortis
860	27	84	2	2021-11-18 07:26:00	tristique neque venenatis lacus. Etiam bibendum fermentum metus. Aenean sed pede nec ante blandit viverra. Donec tempus, lorem
861	74	61	3	2021-11-06 10:05:00	metus urna convallis erat, eget tincidunt dui augue eu tellus. Phasellus elit pede, malesuada vel, venenatis
862	94	79	1	2022-07-14 03:15:00	lectus justo eu arcu. Morbi sit amet massa. Quisque porttitor eros nec tellus. Nunc lectus
863	30	10	3	2021-09-22 07:30:00	magna nec quam. Curabitur vel lectus. Cum sociis natoque penatibus et magnis dis parturient montes, nascetur ridiculus mus. Donec
864	93	28	1	2022-08-28 12:14:00	Proin non massa non ante bibendum ullamcorper. Duis cursus, diam at pretium aliquet, metus urna convallis erat, eget tincidunt
865	42	5	2	2021-11-17 08:57:00	est, mollis non, cursus non, egestas a, dui. Cras pellentesque. Sed dictum. Proin eget odio. Aliquam
866	9	76	3	2021-11-22 03:11:00	habitant morbi tristique senectus et netus et malesuada fames ac turpis egestas. Fusce aliquet magna a neque. Nullam ut
867	73	11	1	2022-07-20 12:09:00	Maecenas libero est, congue a, aliquet vel, vulputate eu, odio. Phasellus at
868	57	27	3	2022-01-03 04:54:00	arcu. Aliquam ultrices iaculis odio. Nam interdum enim non nisi. Aenean eget metus. In nec orci.
869	90	59	2	2021-11-10 05:06:00	pulvinar arcu et pede. Nunc sed orci lobortis augue scelerisque mollis. Phasellus libero mauris, aliquam eu,
870	42	99	1	2021-09-22 09:49:00	morbi tristique senectus et netus et malesuada fames ac turpis egestas. Aliquam fringilla cursus purus. Nullam
871	76	58	2	2021-12-23 03:43:00	sit amet luctus vulputate, nisi sem semper erat, in consectetuer ipsum nunc id
872	17	29	1	2021-09-22 03:42:00	Cras dictum ultricies ligula. Nullam enim. Sed nulla ante, iaculis nec, eleifend non,
873	86	90	2	2022-01-12 11:25:00	ullamcorper. Duis at lacus. Quisque purus sapien, gravida non, sollicitudin a, malesuada id,
874	53	1	1	2022-05-21 01:36:00	est ac facilisis facilisis, magna tellus faucibus leo, in lobortis tellus justo sit amet nulla. Donec non
875	52	62	3	2021-11-12 09:47:00	vitae diam. Proin dolor. Nulla semper tellus id nunc interdum feugiat. Sed
876	5	9	3	2022-03-10 02:02:00	sollicitudin adipiscing ligula. Aenean gravida nunc sed pede. Cum sociis natoque penatibus et
877	35	64	2	2021-09-19 01:27:00	urna, nec luctus felis purus ac tellus. Suspendisse sed dolor. Fusce mi lorem, vehicula et,
878	51	95	3	2021-11-25 01:16:00	ac mattis semper, dui lectus rutrum urna, nec luctus felis purus ac tellus. Suspendisse sed dolor. Fusce mi
879	7	81	2	2022-06-10 08:44:00	Nam consequat dolor vitae dolor. Donec fringilla. Donec feugiat metus sit amet ante. Vivamus non lorem vitae
880	72	7	1	2022-08-04 05:41:00	vel nisl. Quisque fringilla euismod enim. Etiam gravida molestie arcu. Sed eu nibh vulputate mauris sagittis
881	69	29	1	2021-09-25 05:12:00	quis, tristique ac, eleifend vitae, erat. Vivamus nisi. Mauris nulla. Integer urna. Vivamus molestie dapibus ligula. Aliquam erat volutpat. Nulla
882	42	85	2	2022-02-18 11:24:00	Donec est mauris, rhoncus id, mollis nec, cursus a, enim. Suspendisse aliquet, sem ut cursus luctus, ipsum leo elementum
883	44	7	2	2022-03-19 06:19:00	Nulla eu neque pellentesque massa lobortis ultrices. Vivamus rhoncus. Donec est. Nunc ullamcorper, velit in aliquet lobortis, nisi
884	18	30	3	2021-11-17 02:40:00	lorem ut aliquam iaculis, lacus pede sagittis augue, eu tempor erat neque
885	58	82	1	2022-02-02 11:50:00	mauris, rhoncus id, mollis nec, cursus a, enim. Suspendisse aliquet, sem ut cursus luctus, ipsum leo elementum
886	37	68	1	2022-03-11 01:19:00	purus sapien, gravida non, sollicitudin a, malesuada id, erat. Etiam vestibulum massa
887	12	38	3	2021-12-09 05:06:00	Pellentesque tincidunt tempus risus. Donec egestas. Duis ac arcu. Nunc mauris. Morbi non
888	67	75	3	2022-09-12 06:47:00	tellus lorem eu metus. In lorem. Donec elementum, lorem ut aliquam iaculis, lacus pede sagittis augue, eu
889	83	12	2	2022-01-13 01:13:00	non nisi. Aenean eget metus. In nec orci. Donec nibh. Quisque nonummy ipsum non arcu.
890	41	45	2	2022-01-12 10:05:00	sem magna nec quam. Curabitur vel lectus. Cum sociis natoque penatibus et magnis dis parturient montes, nascetur ridiculus
891	56	40	2	2021-12-15 10:23:00	Nullam velit dui, semper et, lacinia vitae, sodales at, velit. Pellentesque ultricies dignissim
892	12	19	2	2022-04-07 04:54:00	a ultricies adipiscing, enim mi tempor lorem, eget mollis lectus pede et risus. Quisque
893	10	49	1	2021-10-31 09:42:00	cursus. Integer mollis. Integer tincidunt aliquam arcu. Aliquam ultrices iaculis odio.
894	69	23	1	2022-07-18 02:28:00	sem semper erat, in consectetuer ipsum nunc id enim. Curabitur massa. Vestibulum accumsan neque et nunc.
895	14	14	2	2021-12-08 04:07:00	erat. Vivamus nisi. Mauris nulla. Integer urna. Vivamus molestie dapibus ligula. Aliquam erat volutpat.
896	19	27	1	2022-07-10 04:12:00	libero. Donec consectetuer mauris id sapien. Cras dolor dolor, tempus non, lacinia at, iaculis quis, pede. Praesent
998	61	18	2	2021-12-16 08:52:00	egestas lacinia. Sed congue, elit sed consequat auctor, nunc nulla vulputate
897	71	18	2	2022-05-08 08:12:00	inceptos hymenaeos. Mauris ut quam vel sapien imperdiet ornare. In faucibus. Morbi vehicula. Pellentesque tincidunt tempus risus. Donec
898	51	56	1	2021-11-02 03:51:00	libero at auctor ullamcorper, nisl arcu iaculis enim, sit amet ornare lectus justo
899	56	17	1	2021-10-03 12:25:00	arcu et pede. Nunc sed orci lobortis augue scelerisque mollis. Phasellus libero mauris, aliquam eu, accumsan sed, facilisis vitae, orci.
900	40	44	2	2022-02-01 11:35:00	In faucibus. Morbi vehicula. Pellentesque tincidunt tempus risus. Donec egestas. Duis ac arcu. Nunc mauris. Morbi non sapien molestie
901	9	51	2	2021-12-31 09:07:00	ornare sagittis felis. Donec tempor, est ac mattis semper, dui lectus rutrum urna, nec luctus felis
902	75	22	1	2022-01-24 02:09:00	tincidunt. Donec vitae erat vel pede blandit congue. In scelerisque scelerisque dui. Suspendisse ac metus
903	18	83	1	2022-03-17 04:57:00	aliquet libero. Integer in magna. Phasellus dolor elit, pellentesque a, facilisis non, bibendum sed, est. Nunc laoreet
904	68	26	1	2022-03-20 06:22:00	ultrices a, auctor non, feugiat nec, diam. Duis mi enim, condimentum eget, volutpat ornare, facilisis eget, ipsum. Donec sollicitudin
905	86	7	2	2021-10-27 05:53:00	posuere at, velit. Cras lorem lorem, luctus ut, pellentesque eget, dictum placerat, augue. Sed
906	2	7	2	2022-06-05 03:38:00	euismod enim. Etiam gravida molestie arcu. Sed eu nibh vulputate mauris sagittis
907	21	35	2	2022-02-14 11:49:00	amet orci. Ut sagittis lobortis mauris. Suspendisse aliquet molestie tellus. Aenean egestas hendrerit neque. In ornare
908	17	29	2	2021-11-10 07:56:00	vulputate, lacus. Cras interdum. Nunc sollicitudin commodo ipsum. Suspendisse non leo. Vivamus nibh dolor, nonummy ac,
909	51	92	3	2021-10-11 05:58:00	dictum placerat, augue. Sed molestie. Sed id risus quis diam luctus lobortis.
910	6	63	1	2021-12-19 01:50:00	velit dui, semper et, lacinia vitae, sodales at, velit. Pellentesque ultricies dignissim lacus. Aliquam rutrum
911	73	7	2	2022-07-14 05:20:00	vestibulum, neque sed dictum eleifend, nunc risus varius orci, in consequat enim diam vel arcu. Curabitur ut
912	90	23	2	2021-12-25 07:34:00	interdum ligula eu enim. Etiam imperdiet dictum magna. Ut tincidunt orci quis lectus. Nullam suscipit, est ac facilisis
913	75	66	2	2022-04-02 02:28:00	consectetuer ipsum nunc id enim. Curabitur massa. Vestibulum accumsan neque et nunc.
914	16	2	1	2022-05-16 10:13:00	nec tempus scelerisque, lorem ipsum sodales purus, in molestie tortor nibh sit amet orci. Ut sagittis lobortis mauris. Suspendisse
915	62	81	1	2022-02-15 01:13:00	dui. Suspendisse ac metus vitae velit egestas lacinia. Sed congue, elit sed consequat
916	54	53	3	2022-07-31 06:27:00	eu neque pellentesque massa lobortis ultrices. Vivamus rhoncus. Donec est. Nunc ullamcorper, velit in aliquet lobortis, nisi nibh lacinia
917	17	27	2	2022-06-14 05:57:00	amet orci. Ut sagittis lobortis mauris. Suspendisse aliquet molestie tellus. Aenean egestas hendrerit neque. In ornare sagittis felis. Donec
918	96	33	1	2022-09-10 09:08:00	pretium neque. Morbi quis urna. Nunc quis arcu vel quam dignissim pharetra. Nam ac nulla. In tincidunt congue turpis.
919	60	80	2	2022-07-19 06:14:00	magna. Lorem ipsum dolor sit amet, consectetuer adipiscing elit. Etiam laoreet, libero et tristique pellentesque,
920	81	43	3	2022-07-05 01:43:00	placerat, orci lacus vestibulum lorem, sit amet ultricies sem magna nec quam. Curabitur vel lectus. Cum
921	99	54	3	2022-02-06 08:43:00	Pellentesque habitant morbi tristique senectus et netus et malesuada fames ac
922	71	41	3	2022-01-06 06:24:00	dictum eleifend, nunc risus varius orci, in consequat enim diam vel arcu. Curabitur ut odio
923	91	65	2	2022-02-22 04:41:00	erat, in consectetuer ipsum nunc id enim. Curabitur massa. Vestibulum accumsan neque et
924	9	7	2	2022-02-26 07:46:00	enim. Curabitur massa. Vestibulum accumsan neque et nunc. Quisque ornare tortor at risus.
925	78	22	1	2022-05-20 10:39:00	lacus. Cras interdum. Nunc sollicitudin commodo ipsum. Suspendisse non leo. Vivamus nibh dolor, nonummy
926	13	90	2	2022-06-12 10:46:00	volutpat ornare, facilisis eget, ipsum. Donec sollicitudin adipiscing ligula. Aenean gravida nunc
927	27	94	1	2022-06-08 12:06:00	lacus. Cras interdum. Nunc sollicitudin commodo ipsum. Suspendisse non leo. Vivamus nibh dolor,
928	9	16	1	2021-11-30 06:59:00	luctus lobortis. Class aptent taciti sociosqu ad litora torquent per conubia nostra, per inceptos
929	56	24	2	2022-08-18 02:30:00	pretium aliquet, metus urna convallis erat, eget tincidunt dui augue eu
930	97	17	3	2022-04-09 03:08:00	arcu iaculis enim, sit amet ornare lectus justo eu arcu. Morbi sit amet massa. Quisque porttitor eros
931	76	40	3	2022-01-16 04:15:00	rutrum magna. Cras convallis convallis dolor. Quisque tincidunt pede ac urna. Ut tincidunt vehicula risus. Nulla eget
932	81	36	3	2022-06-25 09:35:00	eu tempor erat neque non quam. Pellentesque habitant morbi tristique senectus et netus et malesuada fames ac
933	97	24	2	2022-04-21 01:56:00	Phasellus libero mauris, aliquam eu, accumsan sed, facilisis vitae, orci. Phasellus dapibus quam quis diam. Pellentesque
934	32	80	2	2022-06-22 10:29:00	enim. Curabitur massa. Vestibulum accumsan neque et nunc. Quisque ornare tortor at risus. Nunc
935	11	12	2	2022-04-08 12:00:00	magnis dis parturient montes, nascetur ridiculus mus. Proin vel nisl.
936	18	68	1	2022-01-07 07:25:00	lorem tristique aliquet. Phasellus fermentum convallis ligula. Donec luctus aliquet odio. Etiam ligula tortor, dictum eu, placerat
937	66	43	3	2022-01-31 10:03:00	magna tellus faucibus leo, in lobortis tellus justo sit amet nulla. Donec non justo. Proin
938	79	38	2	2021-11-28 06:54:00	volutpat. Nulla dignissim. Maecenas ornare egestas ligula. Nullam feugiat placerat velit. Quisque varius. Nam porttitor scelerisque
939	34	51	3	2021-10-02 12:33:00	condimentum eget, volutpat ornare, facilisis eget, ipsum. Donec sollicitudin adipiscing ligula. Aenean gravida nunc sed
940	35	96	1	2022-08-06 09:42:00	auctor quis, tristique ac, eleifend vitae, erat. Vivamus nisi. Mauris nulla. Integer urna. Vivamus molestie dapibus
941	69	36	3	2022-05-18 09:52:00	vitae velit egestas lacinia. Sed congue, elit sed consequat auctor, nunc
942	100	38	2	2021-12-03 08:32:00	ac nulla. In tincidunt congue turpis. In condimentum. Donec at arcu. Vestibulum ante ipsum primis in
943	51	99	2	2022-03-17 05:56:00	Praesent eu nulla at sem molestie sodales. Mauris blandit enim consequat purus. Maecenas libero est, congue a,
944	10	39	2	2021-12-13 03:55:00	tellus sem mollis dui, in sodales elit erat vitae risus. Duis a mi fringilla mi lacinia mattis. Integer eu lacus.
945	45	96	2	2022-06-16 03:09:00	dapibus rutrum, justo. Praesent luctus. Curabitur egestas nunc sed libero. Proin sed turpis nec mauris blandit mattis.
946	21	74	2	2021-12-12 10:51:00	metus. Aliquam erat volutpat. Nulla facilisis. Suspendisse commodo tincidunt nibh. Phasellus nulla. Integer vulputate, risus a ultricies
948	33	90	3	2021-12-15 07:14:00	magna. Lorem ipsum dolor sit amet, consectetuer adipiscing elit. Etiam laoreet, libero et tristique pellentesque, tellus
949	68	48	2	2022-08-18 07:20:00	ligula elit, pretium et, rutrum non, hendrerit id, ante. Nunc mauris sapien, cursus in, hendrerit consectetuer, cursus et,
950	32	29	2	2022-08-17 01:55:00	sapien molestie orci tincidunt adipiscing. Mauris molestie pharetra nibh. Aliquam ornare, libero at auctor ullamcorper, nisl arcu iaculis
951	1	1	2	2022-09-14 05:12:00	Aliquam tincidunt, nunc ac mattis ornare, lectus ante dictum mi, ac mattis velit justo nec ante. Maecenas mi felis,
952	88	57	3	2022-01-12 12:42:00	magna. Ut tincidunt orci quis lectus. Nullam suscipit, est ac facilisis facilisis, magna tellus
953	31	5	2	2022-07-27 07:59:00	eget, ipsum. Donec sollicitudin adipiscing ligula. Aenean gravida nunc sed pede. Cum sociis natoque penatibus
954	43	89	2	2021-11-02 07:08:00	Nulla aliquet. Proin velit. Sed malesuada augue ut lacus. Nulla tincidunt, neque vitae semper egestas, urna
955	97	76	3	2022-08-17 07:12:00	Etiam laoreet, libero et tristique pellentesque, tellus sem mollis dui, in sodales elit erat vitae risus.
956	22	6	1	2021-10-20 02:43:00	nec ante. Maecenas mi felis, adipiscing fringilla, porttitor vulputate, posuere vulputate, lacus. Cras interdum. Nunc sollicitudin commodo
957	43	36	3	2022-05-31 01:31:00	vitae sodales nisi magna sed dui. Fusce aliquam, enim nec tempus scelerisque, lorem ipsum sodales purus, in molestie
958	84	92	3	2022-02-28 05:14:00	eu augue porttitor interdum. Sed auctor odio a purus. Duis
959	54	90	2	2022-05-19 03:52:00	mi tempor lorem, eget mollis lectus pede et risus. Quisque libero lacus, varius et, euismod et,
960	48	55	2	2021-12-28 12:59:00	malesuada fringilla est. Mauris eu turpis. Nulla aliquet. Proin velit. Sed malesuada
961	19	39	1	2022-06-23 10:21:00	pede. Nunc sed orci lobortis augue scelerisque mollis. Phasellus libero mauris, aliquam
962	100	7	1	2022-04-19 05:26:00	sapien, gravida non, sollicitudin a, malesuada id, erat. Etiam vestibulum massa rutrum magna. Cras convallis convallis dolor.
963	87	31	1	2021-09-27 01:52:00	pretium aliquet, metus urna convallis erat, eget tincidunt dui augue eu
964	2	63	1	2022-05-02 02:34:00	a, enim. Suspendisse aliquet, sem ut cursus luctus, ipsum leo elementum sem, vitae aliquam eros turpis non
965	62	56	3	2022-01-14 02:12:00	risus. Donec egestas. Duis ac arcu. Nunc mauris. Morbi non sapien molestie
966	54	7	3	2022-03-17 08:30:00	Maecenas malesuada fringilla est. Mauris eu turpis. Nulla aliquet. Proin velit. Sed
967	79	17	2	2022-03-02 08:39:00	amet, consectetuer adipiscing elit. Curabitur sed tortor. Integer aliquam adipiscing lacus. Ut nec urna et arcu imperdiet ullamcorper. Duis
968	4	79	2	2022-01-18 08:41:00	Proin non massa non ante bibendum ullamcorper. Duis cursus, diam at pretium aliquet, metus urna convallis erat,
969	45	92	3	2022-09-13 01:23:00	tempor erat neque non quam. Pellentesque habitant morbi tristique senectus et netus et malesuada fames ac turpis
970	28	58	3	2021-12-31 11:54:00	mi fringilla mi lacinia mattis. Integer eu lacus. Quisque imperdiet, erat nonummy ultricies ornare,
971	32	4	3	2021-11-15 06:31:00	vitae velit egestas lacinia. Sed congue, elit sed consequat auctor, nunc nulla vulputate dui, nec tempus mauris erat eget
972	56	64	1	2022-07-12 04:50:00	sollicitudin orci sem eget massa. Suspendisse eleifend. Cras sed leo. Cras vehicula aliquet libero. Integer in magna. Phasellus
973	90	81	1	2022-07-30 03:45:00	rhoncus. Donec est. Nunc ullamcorper, velit in aliquet lobortis, nisi nibh lacinia orci, consectetuer euismod est
974	32	73	1	2021-10-13 03:56:00	habitant morbi tristique senectus et netus et malesuada fames ac turpis egestas.
975	27	11	2	2021-12-06 06:40:00	lacus. Etiam bibendum fermentum metus. Aenean sed pede nec ante blandit viverra. Donec tempus, lorem fringilla
976	13	79	2	2022-09-08 01:28:00	natoque penatibus et magnis dis parturient montes, nascetur ridiculus mus. Aenean eget magna. Suspendisse tristique neque
977	2	80	3	2021-12-10 02:31:00	blandit at, nisi. Cum sociis natoque penatibus et magnis dis parturient montes, nascetur ridiculus
978	84	3	3	2022-08-13 03:11:00	Cras dictum ultricies ligula. Nullam enim. Sed nulla ante, iaculis nec, eleifend non,
979	97	72	3	2021-11-20 02:50:00	neque non quam. Pellentesque habitant morbi tristique senectus et netus et malesuada fames ac
980	69	67	3	2022-01-24 05:16:00	pellentesque, tellus sem mollis dui, in sodales elit erat vitae risus.
981	3	84	1	2022-08-07 02:17:00	non quam. Pellentesque habitant morbi tristique senectus et netus et malesuada fames ac turpis egestas. Aliquam fringilla
982	40	74	1	2022-08-08 01:19:00	arcu. Curabitur ut odio vel est tempor bibendum. Donec felis orci, adipiscing non, luctus sit amet, faucibus ut,
983	39	28	2	2022-04-27 02:16:00	interdum. Curabitur dictum. Phasellus in felis. Nulla tempor augue ac ipsum. Phasellus vitae
984	65	98	2	2022-05-13 10:07:00	a tortor. Nunc commodo auctor velit. Aliquam nisl. Nulla eu neque pellentesque
985	42	28	2	2022-01-11 07:12:00	vehicula aliquet libero. Integer in magna. Phasellus dolor elit, pellentesque a, facilisis non, bibendum sed, est. Nunc laoreet
986	55	67	3	2021-10-14 11:57:00	rutrum urna, nec luctus felis purus ac tellus. Suspendisse sed dolor. Fusce mi
987	4	40	2	2022-05-04 12:13:00	semper et, lacinia vitae, sodales at, velit. Pellentesque ultricies dignissim lacus. Aliquam rutrum lorem
988	29	33	1	2021-10-17 07:19:00	sagittis felis. Donec tempor, est ac mattis semper, dui lectus rutrum urna, nec luctus felis purus ac tellus. Suspendisse
989	49	15	2	2021-12-11 09:23:00	vitae semper egestas, urna justo faucibus lectus, a sollicitudin orci sem eget massa.
990	33	38	1	2021-11-04 03:17:00	pede, malesuada vel, venenatis vel, faucibus id, libero. Donec consectetuer mauris id sapien. Cras dolor
991	42	6	1	2022-01-07 12:47:00	Donec egestas. Duis ac arcu. Nunc mauris. Morbi non sapien molestie orci tincidunt adipiscing. Mauris molestie pharetra nibh.
992	51	40	3	2022-05-17 02:22:00	mauris. Morbi non sapien molestie orci tincidunt adipiscing. Mauris molestie pharetra nibh. Aliquam ornare, libero at auctor ullamcorper, nisl arcu
993	26	100	2	2022-08-25 10:07:00	Nunc mauris elit, dictum eu, eleifend nec, malesuada ut, sem.
994	30	58	2	2022-08-08 12:28:00	lacinia. Sed congue, elit sed consequat auctor, nunc nulla vulputate dui,
995	99	32	3	2022-06-30 09:07:00	ligula elit, pretium et, rutrum non, hendrerit id, ante. Nunc mauris sapien, cursus in, hendrerit consectetuer, cursus et, magna. Praesent
996	69	39	1	2022-03-06 12:55:00	Morbi neque tellus, imperdiet non, vestibulum nec, euismod in, dolor. Fusce feugiat. Lorem ipsum dolor sit amet, consectetuer adipiscing
997	3	69	1	2022-04-24 10:21:00	ipsum leo elementum sem, vitae aliquam eros turpis non enim. Mauris quis turpis vitae purus gravida sagittis.
999	40	45	2	2021-10-09 03:03:00	a, enim. Suspendisse aliquet, sem ut cursus luctus, ipsum leo
1000	66	28	2	2022-08-27 03:52:00	justo nec ante. Maecenas mi felis, adipiscing fringilla, porttitor vulputate, posuere vulputate, lacus. Cras interdum. Nunc sollicitudin
1001	69	47	2	2022-02-05 01:55:00	risus varius orci, in consequat enim diam vel arcu. Curabitur ut odio vel est tempor
1002	34	91	2	2022-04-03 09:27:00	justo eu arcu. Morbi sit amet massa. Quisque porttitor eros nec tellus. Nunc lectus pede, ultrices
1003	87	14	2	2022-03-08 07:19:00	eu, placerat eget, venenatis a, magna. Lorem ipsum dolor sit amet,
1004	76	73	2	2022-08-02 01:04:00	In faucibus. Morbi vehicula. Pellentesque tincidunt tempus risus. Donec egestas. Duis ac arcu. Nunc
1005	8	82	2	2022-02-27 05:44:00	augue, eu tempor erat neque non quam. Pellentesque habitant morbi
1006	21	21	1	2021-11-22 05:02:00	sapien, cursus in, hendrerit consectetuer, cursus et, magna. Praesent interdum ligula eu enim.
1007	46	29	2	2022-03-11 02:45:00	feugiat placerat velit. Quisque varius. Nam porttitor scelerisque neque. Nullam nisl. Maecenas
1008	38	14	2	2022-09-06 08:44:00	Praesent eu dui. Cum sociis natoque penatibus et magnis dis parturient montes, nascetur ridiculus mus. Aenean eget magna.
1009	59	13	2	2021-12-30 08:52:00	non, bibendum sed, est. Nunc laoreet lectus quis massa. Mauris vestibulum, neque sed dictum eleifend, nunc risus
1010	47	31	1	2021-12-04 11:07:00	Nam nulla magna, malesuada vel, convallis in, cursus et, eros. Proin ultrices. Duis volutpat nunc
1011	89	35	1	2022-06-16 08:08:00	Proin eget odio. Aliquam vulputate ullamcorper magna. Sed eu eros. Nam consequat dolor vitae dolor. Donec fringilla. Donec feugiat metus
1012	71	83	2	2022-01-18 07:12:00	enim. Etiam gravida molestie arcu. Sed eu nibh vulputate mauris sagittis placerat. Cras dictum ultricies
1013	79	46	2	2022-02-02 05:46:00	orci lacus vestibulum lorem, sit amet ultricies sem magna nec quam. Curabitur vel lectus. Cum sociis natoque penatibus
1014	42	77	1	2022-02-02 10:30:00	non quam. Pellentesque habitant morbi tristique senectus et netus et malesuada fames ac turpis egestas. Aliquam fringilla cursus purus.
1015	54	26	3	2022-05-23 11:39:00	rutrum urna, nec luctus felis purus ac tellus. Suspendisse sed dolor. Fusce mi lorem,
1016	56	12	3	2022-01-27 02:45:00	ornare placerat, orci lacus vestibulum lorem, sit amet ultricies sem magna nec quam. Curabitur vel lectus.
1017	60	65	3	2022-01-04 09:14:00	blandit at, nisi. Cum sociis natoque penatibus et magnis dis parturient montes, nascetur ridiculus
1018	93	89	2	2022-02-08 11:51:00	Mauris vestibulum, neque sed dictum eleifend, nunc risus varius orci, in consequat enim diam vel arcu. Curabitur ut
1019	10	46	2	2021-12-24 11:27:00	nulla. Cras eu tellus eu augue porttitor interdum. Sed auctor odio a purus. Duis
1020	56	1	1	2022-02-15 07:12:00	imperdiet ornare. In faucibus. Morbi vehicula. Pellentesque tincidunt tempus risus. Donec egestas. Duis ac
1021	39	36	3	2022-04-12 08:14:00	nibh sit amet orci. Ut sagittis lobortis mauris. Suspendisse aliquet molestie tellus. Aenean egestas hendrerit neque.
1022	93	87	3	2021-09-17 06:22:00	sit amet ultricies sem magna nec quam. Curabitur vel lectus. Cum sociis natoque penatibus et magnis dis
1023	76	96	2	2022-03-23 12:11:00	malesuada ut, sem. Nulla interdum. Curabitur dictum. Phasellus in felis.
1024	92	99	2	2022-02-27 10:26:00	accumsan laoreet ipsum. Curabitur consequat, lectus sit amet luctus vulputate, nisi sem semper erat, in consectetuer
1025	6	47	3	2022-03-22 10:29:00	mauris erat eget ipsum. Suspendisse sagittis. Nullam vitae diam. Proin dolor. Nulla semper tellus id
1026	20	24	2	2022-09-01 04:49:00	et, rutrum eu, ultrices sit amet, risus. Donec nibh enim, gravida sit amet, dapibus id, blandit at, nisi. Cum
1027	43	76	2	2022-06-21 01:41:00	nulla magna, malesuada vel, convallis in, cursus et, eros. Proin ultrices.
1028	53	17	2	2021-11-25 03:00:00	molestie sodales. Mauris blandit enim consequat purus. Maecenas libero est, congue a, aliquet
1029	94	17	3	2021-10-06 09:01:00	non nisi. Aenean eget metus. In nec orci. Donec nibh. Quisque nonummy ipsum non arcu. Vivamus sit amet
1030	18	17	1	2022-09-04 12:30:00	pharetra, felis eget varius ultrices, mauris ipsum porta elit, a feugiat tellus lorem eu
1031	92	43	2	2022-05-02 02:29:00	vel lectus. Cum sociis natoque penatibus et magnis dis parturient montes, nascetur ridiculus mus. Donec dignissim magna a
1032	13	6	2	2022-02-09 02:23:00	Quisque libero lacus, varius et, euismod et, commodo at, libero. Morbi accumsan laoreet ipsum. Curabitur
1033	29	30	2	2022-08-30 07:43:00	ac, fermentum vel, mauris. Integer sem elit, pharetra ut, pharetra sed, hendrerit a,
1034	69	73	2	2022-05-25 10:32:00	montes, nascetur ridiculus mus. Proin vel arcu eu odio tristique pharetra. Quisque ac libero nec ligula consectetuer rhoncus.
1035	59	83	3	2021-12-11 07:24:00	euismod in, dolor. Fusce feugiat. Lorem ipsum dolor sit amet, consectetuer adipiscing elit. Aliquam
1036	99	26	2	2021-10-14 06:28:00	semper pretium neque. Morbi quis urna. Nunc quis arcu vel quam dignissim pharetra. Nam ac nulla. In tincidunt congue
1037	70	95	2	2022-04-01 07:55:00	commodo auctor velit. Aliquam nisl. Nulla eu neque pellentesque massa lobortis ultrices. Vivamus rhoncus. Donec est. Nunc
1038	78	55	1	2022-08-29 09:22:00	arcu. Morbi sit amet massa. Quisque porttitor eros nec tellus. Nunc lectus pede, ultrices a, auctor
1039	53	52	1	2021-12-17 05:56:00	bibendum ullamcorper. Duis cursus, diam at pretium aliquet, metus urna convallis erat, eget tincidunt dui augue eu tellus. Phasellus
1040	65	83	1	2022-06-08 07:03:00	amet, consectetuer adipiscing elit. Etiam laoreet, libero et tristique pellentesque, tellus sem mollis dui, in sodales elit erat vitae
1041	37	61	1	2022-04-11 09:50:00	ante bibendum ullamcorper. Duis cursus, diam at pretium aliquet, metus urna convallis erat, eget tincidunt dui augue eu
1042	94	24	2	2021-09-30 10:45:00	ultricies ligula. Nullam enim. Sed nulla ante, iaculis nec, eleifend non, dapibus rutrum, justo. Praesent luctus. Curabitur
1043	34	71	2	2022-07-24 06:54:00	dui. Fusce diam nunc, ullamcorper eu, euismod ac, fermentum vel, mauris. Integer sem elit,
1044	47	23	2	2022-04-22 12:29:00	morbi tristique senectus et netus et malesuada fames ac turpis egestas. Aliquam
1045	67	19	2	2022-03-26 05:02:00	erat vel pede blandit congue. In scelerisque scelerisque dui. Suspendisse ac metus vitae velit egestas
1046	100	95	3	2022-08-24 09:05:00	ligula consectetuer rhoncus. Nullam velit dui, semper et, lacinia vitae, sodales at, velit. Pellentesque
1047	23	4	3	2022-02-24 04:47:00	Donec vitae erat vel pede blandit congue. In scelerisque scelerisque dui. Suspendisse ac metus
1048	29	62	2	2022-06-20 07:16:00	orci sem eget massa. Suspendisse eleifend. Cras sed leo. Cras vehicula aliquet libero. Integer
1049	78	54	2	2022-05-27 09:58:00	gravida non, sollicitudin a, malesuada id, erat. Etiam vestibulum massa rutrum magna.
1050	31	24	3	2022-09-06 05:16:00	luctus ut, pellentesque eget, dictum placerat, augue. Sed molestie. Sed id
1051	16	13	3	2021-10-13 02:57:00	Integer mollis. Integer tincidunt aliquam arcu. Aliquam ultrices iaculis odio. Nam interdum enim non nisi.
1052	72	7	3	2022-01-27 08:24:00	rutrum magna. Cras convallis convallis dolor. Quisque tincidunt pede ac urna.
1053	45	90	3	2022-01-07 11:51:00	turpis non enim. Mauris quis turpis vitae purus gravida sagittis. Duis gravida. Praesent eu
1054	6	66	3	2022-09-10 08:18:00	nec, euismod in, dolor. Fusce feugiat. Lorem ipsum dolor sit amet, consectetuer
1055	25	67	1	2022-07-18 05:36:00	Nunc quis arcu vel quam dignissim pharetra. Nam ac nulla. In tincidunt congue turpis.
1056	88	82	2	2022-08-24 08:47:00	litora torquent per conubia nostra, per inceptos hymenaeos. Mauris ut quam vel sapien
1057	89	100	2	2021-10-31 05:53:00	ut eros non enim commodo hendrerit. Donec porttitor tellus non magna. Nam ligula elit, pretium
1058	7	60	2	2022-06-22 01:16:00	enim nec tempus scelerisque, lorem ipsum sodales purus, in molestie tortor nibh sit amet orci. Ut
1059	39	7	1	2022-06-28 06:28:00	lorem ac risus. Morbi metus. Vivamus euismod urna. Nullam lobortis quam a felis ullamcorper
1060	86	20	1	2022-08-19 08:27:00	amet, consectetuer adipiscing elit. Curabitur sed tortor. Integer aliquam adipiscing lacus. Ut nec
1061	53	78	2	2022-03-04 03:34:00	Cras sed leo. Cras vehicula aliquet libero. Integer in magna. Phasellus dolor elit,
1062	81	37	2	2022-01-17 01:37:00	scelerisque neque sed sem egestas blandit. Nam nulla magna, malesuada vel, convallis in, cursus et,
1063	7	11	3	2022-03-19 04:30:00	accumsan laoreet ipsum. Curabitur consequat, lectus sit amet luctus vulputate, nisi
1064	36	57	2	2022-02-08 12:38:00	magna tellus faucibus leo, in lobortis tellus justo sit amet nulla. Donec non justo. Proin non massa non ante
1065	27	34	2	2021-12-29 08:58:00	elit. Etiam laoreet, libero et tristique pellentesque, tellus sem mollis dui, in sodales elit erat vitae risus.
1066	89	20	3	2022-02-22 05:14:00	dolor vitae dolor. Donec fringilla. Donec feugiat metus sit amet ante. Vivamus non lorem vitae odio sagittis semper. Nam
1067	25	36	3	2022-07-14 03:11:00	molestie pharetra nibh. Aliquam ornare, libero at auctor ullamcorper, nisl arcu iaculis enim, sit amet ornare
1068	72	52	2	2022-07-04 11:46:00	eleifend vitae, erat. Vivamus nisi. Mauris nulla. Integer urna. Vivamus molestie dapibus ligula. Aliquam erat volutpat. Nulla
1069	63	34	3	2022-08-02 05:44:00	aliquet, sem ut cursus luctus, ipsum leo elementum sem, vitae aliquam eros turpis
1070	9	98	2	2022-07-26 02:37:00	euismod et, commodo at, libero. Morbi accumsan laoreet ipsum. Curabitur consequat, lectus sit
1071	1	26	1	2021-12-03 04:22:00	facilisis eget, ipsum. Donec sollicitudin adipiscing ligula. Aenean gravida nunc sed pede. Cum sociis natoque penatibus
1072	1	8	2	2022-08-17 11:55:00	faucibus lectus, a sollicitudin orci sem eget massa. Suspendisse eleifend. Cras sed leo.
1073	88	64	2	2022-06-04 05:50:00	adipiscing elit. Aliquam auctor, velit eget laoreet posuere, enim nisl elementum purus, accumsan interdum libero dui
1074	44	75	1	2022-03-20 03:56:00	libero. Integer in magna. Phasellus dolor elit, pellentesque a, facilisis non, bibendum sed, est. Nunc laoreet lectus quis massa. Mauris
1075	35	26	2	2022-02-07 07:40:00	eget metus. In nec orci. Donec nibh. Quisque nonummy ipsum non arcu. Vivamus sit
1076	94	13	3	2022-05-06 10:14:00	auctor ullamcorper, nisl arcu iaculis enim, sit amet ornare lectus justo
1077	78	76	3	2022-03-14 03:41:00	eu sem. Pellentesque ut ipsum ac mi eleifend egestas. Sed pharetra, felis eget varius ultrices, mauris
1078	56	68	3	2022-02-15 09:20:00	at, egestas a, scelerisque sed, sapien. Nunc pulvinar arcu et pede. Nunc sed
1079	83	42	3	2021-10-12 10:03:00	orci luctus et ultrices posuere cubilia Curae Donec tincidunt. Donec vitae erat vel pede blandit congue. In scelerisque
1080	46	5	3	2022-04-24 08:47:00	Lorem ipsum dolor sit amet, consectetuer adipiscing elit. Etiam laoreet, libero et tristique pellentesque, tellus sem mollis
1081	33	91	3	2022-01-18 01:14:00	Etiam imperdiet dictum magna. Ut tincidunt orci quis lectus. Nullam suscipit, est ac facilisis facilisis, magna tellus faucibus leo,
1082	74	26	3	2021-10-30 06:13:00	fames ac turpis egestas. Fusce aliquet magna a neque. Nullam ut
1083	47	10	1	2022-06-05 10:52:00	lectus ante dictum mi, ac mattis velit justo nec ante. Maecenas mi felis,
1084	64	53	2	2021-11-07 04:27:00	mollis lectus pede et risus. Quisque libero lacus, varius et, euismod et, commodo
1085	100	16	2	2022-07-22 11:18:00	facilisi. Sed neque. Sed eget lacus. Mauris non dui nec urna suscipit nonummy. Fusce fermentum fermentum
1086	5	49	3	2022-08-16 12:00:00	malesuada fames ac turpis egestas. Aliquam fringilla cursus purus. Nullam scelerisque neque sed sem
1087	80	88	3	2022-07-11 06:43:00	massa. Integer vitae nibh. Donec est mauris, rhoncus id, mollis nec, cursus a,
1088	41	96	2	2022-02-14 05:54:00	mollis. Integer tincidunt aliquam arcu. Aliquam ultrices iaculis odio. Nam interdum enim
1089	11	77	2	2021-10-31 12:25:00	Aenean eget magna. Suspendisse tristique neque venenatis lacus. Etiam bibendum fermentum metus. Aenean sed pede nec ante
1090	82	54	1	2022-07-04 06:25:00	ultricies ornare, elit elit fermentum risus, at fringilla purus mauris a nunc. In at pede. Cras vulputate velit eu
1091	94	11	2	2022-03-21 02:52:00	risus odio, auctor vitae, aliquet nec, imperdiet nec, leo. Morbi neque tellus, imperdiet
1092	94	63	2	2022-07-17 06:58:00	Suspendisse eleifend. Cras sed leo. Cras vehicula aliquet libero. Integer in magna. Phasellus dolor elit, pellentesque a, facilisis non, bibendum
1093	8	75	2	2022-05-14 04:42:00	ornare placerat, orci lacus vestibulum lorem, sit amet ultricies sem magna nec quam. Curabitur vel lectus.
1094	10	70	2	2022-02-03 06:15:00	dis parturient montes, nascetur ridiculus mus. Aenean eget magna. Suspendisse tristique neque venenatis lacus. Etiam
1095	99	96	3	2021-09-28 09:42:00	eu, euismod ac, fermentum vel, mauris. Integer sem elit, pharetra ut, pharetra sed, hendrerit a, arcu.
1096	92	44	2	2022-07-02 05:10:00	lorem, luctus ut, pellentesque eget, dictum placerat, augue. Sed molestie. Sed id
1097	19	83	3	2021-12-18 05:06:00	luctus ut, pellentesque eget, dictum placerat, augue. Sed molestie. Sed id risus quis diam luctus lobortis. Class aptent
1098	23	24	1	2022-09-07 06:19:00	velit justo nec ante. Maecenas mi felis, adipiscing fringilla, porttitor vulputate, posuere vulputate, lacus. Cras interdum.
1099	46	71	2	2022-03-14 07:54:00	posuere cubilia Curae Donec tincidunt. Donec vitae erat vel pede blandit congue. In scelerisque scelerisque dui. Suspendisse ac metus vitae
1100	11	90	2	2022-04-22 12:51:00	eu odio tristique pharetra. Quisque ac libero nec ligula consectetuer rhoncus.
1101	54	22	3	2022-07-07 04:13:00	mauris, aliquam eu, accumsan sed, facilisis vitae, orci. Phasellus dapibus quam quis diam. Pellentesque habitant morbi tristique
1102	50	92	3	2022-07-08 11:20:00	Integer vulputate, risus a ultricies adipiscing, enim mi tempor lorem, eget mollis lectus
1103	77	57	3	2022-06-26 05:28:00	et, rutrum non, hendrerit id, ante. Nunc mauris sapien, cursus in, hendrerit consectetuer, cursus et, magna. Praesent interdum ligula
1104	2	80	2	2022-01-21 02:37:00	fermentum metus. Aenean sed pede nec ante blandit viverra. Donec tempus, lorem fringilla ornare placerat, orci lacus
1105	55	3	2	2022-01-06 09:17:00	congue. In scelerisque scelerisque dui. Suspendisse ac metus vitae velit egestas lacinia.
1106	52	35	1	2022-07-09 10:39:00	semper rutrum. Fusce dolor quam, elementum at, egestas a, scelerisque sed, sapien. Nunc pulvinar arcu
1107	74	74	1	2022-04-03 05:02:00	auctor quis, tristique ac, eleifend vitae, erat. Vivamus nisi. Mauris nulla. Integer urna. Vivamus
1108	43	6	2	2022-03-02 11:33:00	Duis gravida. Praesent eu nulla at sem molestie sodales. Mauris blandit enim consequat purus. Maecenas libero
1109	32	33	3	2022-04-20 07:16:00	risus. Morbi metus. Vivamus euismod urna. Nullam lobortis quam a felis ullamcorper viverra. Maecenas iaculis
1110	10	61	2	2022-06-18 03:46:00	in aliquet lobortis, nisi nibh lacinia orci, consectetuer euismod est arcu ac orci.
1111	41	39	2	2022-08-06 04:44:00	velit dui, semper et, lacinia vitae, sodales at, velit. Pellentesque ultricies dignissim lacus. Aliquam rutrum lorem ac risus. Morbi
1112	78	51	1	2022-01-07 01:13:00	aliquam arcu. Aliquam ultrices iaculis odio. Nam interdum enim non nisi. Aenean eget metus.
1113	95	67	3	2022-04-10 06:50:00	et magnis dis parturient montes, nascetur ridiculus mus. Proin vel arcu
1114	31	43	1	2021-12-04 07:22:00	Nunc mauris sapien, cursus in, hendrerit consectetuer, cursus et, magna. Praesent interdum ligula
1115	84	78	3	2022-05-05 10:45:00	mauris. Morbi non sapien molestie orci tincidunt adipiscing. Mauris molestie pharetra nibh. Aliquam ornare, libero at auctor ullamcorper, nisl
1116	100	41	2	2021-10-20 12:14:00	Fusce mi lorem, vehicula et, rutrum eu, ultrices sit amet, risus. Donec nibh enim, gravida sit amet, dapibus id,
1117	91	2	2	2022-02-28 02:35:00	eu tellus. Phasellus elit pede, malesuada vel, venenatis vel, faucibus id, libero. Donec consectetuer mauris
1118	38	95	3	2022-03-24 11:31:00	at arcu. Vestibulum ante ipsum primis in faucibus orci luctus et ultrices posuere cubilia Curae Donec tincidunt.
1119	20	96	2	2021-10-20 02:49:00	non quam. Pellentesque habitant morbi tristique senectus et netus et malesuada fames ac turpis
1120	10	33	1	2022-04-11 04:50:00	quam vel sapien imperdiet ornare. In faucibus. Morbi vehicula. Pellentesque tincidunt tempus risus. Donec egestas.
1121	37	92	3	2022-04-10 05:51:00	ac orci. Ut semper pretium neque. Morbi quis urna. Nunc quis arcu vel quam dignissim pharetra. Nam ac
1122	35	20	2	2022-08-31 11:18:00	Aliquam nec enim. Nunc ut erat. Sed nunc est, mollis non, cursus non, egestas a, dui. Cras pellentesque. Sed
1123	90	13	1	2021-11-13 03:49:00	vitae diam. Proin dolor. Nulla semper tellus id nunc interdum feugiat. Sed
1124	78	73	2	2021-09-20 04:44:00	eros nec tellus. Nunc lectus pede, ultrices a, auctor non, feugiat nec, diam.
1125	9	98	2	2022-04-01 10:46:00	Vivamus non lorem vitae odio sagittis semper. Nam tempor diam dictum sapien.
1126	48	30	2	2022-03-21 03:02:00	Nam ligula elit, pretium et, rutrum non, hendrerit id, ante. Nunc mauris sapien, cursus in, hendrerit consectetuer, cursus
1127	36	30	2	2021-12-30 02:44:00	Cras eget nisi dictum augue malesuada malesuada. Integer id magna et ipsum cursus
1128	32	99	2	2022-04-05 07:48:00	cursus, diam at pretium aliquet, metus urna convallis erat, eget
1129	43	67	2	2021-12-09 02:54:00	vehicula et, rutrum eu, ultrices sit amet, risus. Donec nibh enim,
1130	77	27	2	2022-06-21 03:29:00	vel, convallis in, cursus et, eros. Proin ultrices. Duis volutpat nunc sit amet metus. Aliquam erat volutpat.
1131	18	45	2	2022-04-11 10:17:00	inceptos hymenaeos. Mauris ut quam vel sapien imperdiet ornare. In faucibus. Morbi vehicula. Pellentesque tincidunt tempus
1132	76	69	3	2022-07-09 01:52:00	ante dictum cursus. Nunc mauris elit, dictum eu, eleifend nec,
1133	84	99	2	2021-11-14 08:05:00	pharetra. Quisque ac libero nec ligula consectetuer rhoncus. Nullam velit dui, semper et, lacinia vitae,
1134	68	99	2	2022-05-28 04:41:00	Cum sociis natoque penatibus et magnis dis parturient montes, nascetur ridiculus mus. Proin vel arcu eu odio
1135	61	17	1	2022-08-17 03:45:00	ridiculus mus. Proin vel arcu eu odio tristique pharetra. Quisque ac libero nec ligula consectetuer rhoncus.
1136	68	87	2	2022-02-08 08:53:00	placerat, orci lacus vestibulum lorem, sit amet ultricies sem magna nec quam. Curabitur vel lectus.
1137	6	42	1	2022-06-25 03:39:00	Duis cursus, diam at pretium aliquet, metus urna convallis erat, eget
1138	18	25	2	2022-07-08 11:01:00	id, mollis nec, cursus a, enim. Suspendisse aliquet, sem ut cursus luctus, ipsum
1139	16	44	1	2022-09-12 02:09:00	imperdiet ornare. In faucibus. Morbi vehicula. Pellentesque tincidunt tempus risus. Donec egestas. Duis ac arcu. Nunc mauris.
1140	46	72	3	2021-11-23 01:41:00	elementum, lorem ut aliquam iaculis, lacus pede sagittis augue, eu tempor erat neque non quam.
1141	36	9	2	2022-09-04 12:41:00	rutrum, justo. Praesent luctus. Curabitur egestas nunc sed libero. Proin sed turpis nec mauris blandit mattis.
1142	8	25	2	2022-02-11 08:46:00	Aliquam auctor, velit eget laoreet posuere, enim nisl elementum purus, accumsan interdum libero dui
1143	63	63	3	2022-03-11 09:25:00	aliquet libero. Integer in magna. Phasellus dolor elit, pellentesque a, facilisis non, bibendum sed,
1144	43	20	2	2022-08-06 03:40:00	odio. Etiam ligula tortor, dictum eu, placerat eget, venenatis a, magna. Lorem ipsum
1145	37	59	2	2022-01-26 07:11:00	varius ultrices, mauris ipsum porta elit, a feugiat tellus lorem eu metus. In lorem. Donec elementum, lorem ut aliquam
1146	88	28	1	2021-12-30 06:02:00	venenatis lacus. Etiam bibendum fermentum metus. Aenean sed pede nec ante
1147	48	71	1	2022-06-18 12:11:00	Duis elementum, dui quis accumsan convallis, ante lectus convallis est, vitae sodales nisi magna
1148	33	89	2	2022-03-24 10:18:00	et magnis dis parturient montes, nascetur ridiculus mus. Proin vel arcu eu odio tristique
1149	57	76	2	2021-12-22 10:33:00	Cum sociis natoque penatibus et magnis dis parturient montes, nascetur ridiculus mus. Aenean eget magna. Suspendisse tristique
1150	9	17	2	2022-06-22 08:31:00	tristique senectus et netus et malesuada fames ac turpis egestas. Aliquam fringilla cursus purus. Nullam scelerisque neque sed
1151	7	47	2	2022-05-13 10:00:00	magna, malesuada vel, convallis in, cursus et, eros. Proin ultrices. Duis
1152	15	24	3	2022-05-24 05:18:00	amet orci. Ut sagittis lobortis mauris. Suspendisse aliquet molestie tellus. Aenean
1153	81	71	3	2022-03-14 10:28:00	Integer vulputate, risus a ultricies adipiscing, enim mi tempor lorem,
1154	20	50	3	2022-09-01 09:06:00	varius et, euismod et, commodo at, libero. Morbi accumsan laoreet ipsum. Curabitur consequat, lectus
1155	68	74	1	2022-07-19 04:44:00	porta elit, a feugiat tellus lorem eu metus. In lorem. Donec elementum, lorem ut aliquam iaculis,
1156	39	93	2	2022-09-08 12:47:00	at, iaculis quis, pede. Praesent eu dui. Cum sociis natoque penatibus et magnis dis parturient montes,
1157	96	56	2	2021-09-17 09:08:00	Aliquam erat volutpat. Nulla dignissim. Maecenas ornare egestas ligula. Nullam feugiat placerat velit. Quisque
1158	83	27	1	2022-01-12 09:29:00	dapibus rutrum, justo. Praesent luctus. Curabitur egestas nunc sed libero. Proin
1159	26	15	2	2022-06-05 02:23:00	id, mollis nec, cursus a, enim. Suspendisse aliquet, sem ut cursus luctus, ipsum leo elementum sem,
1160	82	18	2	2022-03-23 08:13:00	eu metus. In lorem. Donec elementum, lorem ut aliquam iaculis, lacus pede sagittis augue, eu tempor
1161	62	44	3	2022-01-16 03:46:00	Nullam lobortis quam a felis ullamcorper viverra. Maecenas iaculis aliquet diam. Sed diam lorem, auctor
1162	3	30	3	2022-02-26 12:21:00	rutrum non, hendrerit id, ante. Nunc mauris sapien, cursus in, hendrerit consectetuer, cursus et, magna.
1163	53	11	1	2021-12-06 07:01:00	quis diam. Pellentesque habitant morbi tristique senectus et netus et malesuada fames ac turpis egestas. Fusce aliquet magna a neque.
1164	78	91	2	2021-09-27 03:53:00	aliquet, metus urna convallis erat, eget tincidunt dui augue eu tellus. Phasellus
1165	76	3	2	2022-06-23 03:02:00	ipsum cursus vestibulum. Mauris magna. Duis dignissim tempor arcu. Vestibulum ut eros
1166	80	71	2	2021-11-18 12:41:00	vehicula risus. Nulla eget metus eu erat semper rutrum. Fusce dolor quam, elementum at,
1167	71	33	2	2022-02-19 07:03:00	vitae, aliquet nec, imperdiet nec, leo. Morbi neque tellus, imperdiet non, vestibulum nec,
1168	70	89	1	2021-10-29 06:55:00	dignissim lacus. Aliquam rutrum lorem ac risus. Morbi metus. Vivamus euismod urna. Nullam lobortis quam a felis
1169	78	67	3	2022-07-10 11:14:00	in magna. Phasellus dolor elit, pellentesque a, facilisis non, bibendum sed, est. Nunc laoreet lectus quis massa. Mauris
1170	5	22	2	2021-09-27 12:04:00	nec mauris blandit mattis. Cras eget nisi dictum augue malesuada malesuada. Integer id magna et ipsum cursus vestibulum. Mauris magna.
1171	95	40	2	2021-11-20 08:56:00	fringilla ornare placerat, orci lacus vestibulum lorem, sit amet ultricies sem magna nec quam. Curabitur vel
1172	26	8	2	2021-09-19 02:40:00	sit amet massa. Quisque porttitor eros nec tellus. Nunc lectus pede, ultrices a, auctor non,
1173	92	63	2	2022-01-11 10:52:00	sit amet risus. Donec egestas. Aliquam nec enim. Nunc ut erat. Sed nunc est, mollis non, cursus non,
1174	30	28	2	2022-08-15 12:09:00	montes, nascetur ridiculus mus. Proin vel arcu eu odio tristique pharetra. Quisque ac libero nec ligula consectetuer
1175	95	12	2	2022-02-24 03:57:00	Quisque fringilla euismod enim. Etiam gravida molestie arcu. Sed eu nibh vulputate
1176	12	86	3	2022-04-21 07:00:00	id magna et ipsum cursus vestibulum. Mauris magna. Duis dignissim tempor
1177	36	73	2	2022-04-08 10:48:00	enim. Suspendisse aliquet, sem ut cursus luctus, ipsum leo elementum sem,
1178	12	36	2	2022-08-28 11:13:00	consequat dolor vitae dolor. Donec fringilla. Donec feugiat metus sit amet ante. Vivamus
1179	70	51	2	2022-03-28 11:01:00	nunc risus varius orci, in consequat enim diam vel arcu. Curabitur ut odio
1180	2	6	1	2022-01-10 01:14:00	aliquet. Phasellus fermentum convallis ligula. Donec luctus aliquet odio. Etiam ligula tortor, dictum eu, placerat eget, venenatis
1181	63	18	3	2021-10-12 05:34:00	velit. Quisque varius. Nam porttitor scelerisque neque. Nullam nisl. Maecenas malesuada fringilla est. Mauris eu turpis. Nulla aliquet. Proin velit.
1182	49	8	2	2021-12-06 09:24:00	egestas lacinia. Sed congue, elit sed consequat auctor, nunc nulla vulputate dui, nec tempus mauris erat
1183	69	29	2	2022-03-11 12:52:00	euismod et, commodo at, libero. Morbi accumsan laoreet ipsum. Curabitur consequat, lectus sit amet luctus vulputate, nisi sem
1184	97	70	2	2022-08-04 10:14:00	eu, ligula. Aenean euismod mauris eu elit. Nulla facilisi. Sed neque. Sed eget
1185	61	93	2	2021-10-08 09:26:00	neque vitae semper egestas, urna justo faucibus lectus, a sollicitudin orci sem eget massa. Suspendisse eleifend.
1186	50	73	3	2022-09-13 11:44:00	ipsum. Phasellus vitae mauris sit amet lorem semper auctor. Mauris
1187	24	94	2	2021-11-24 10:16:00	quis, pede. Suspendisse dui. Fusce diam nunc, ullamcorper eu, euismod ac,
1188	59	8	3	2022-06-12 05:17:00	Pellentesque habitant morbi tristique senectus et netus et malesuada fames ac turpis egestas. Fusce aliquet
1189	3	42	3	2022-04-26 02:35:00	nec tempus mauris erat eget ipsum. Suspendisse sagittis. Nullam vitae diam. Proin dolor. Nulla semper tellus id
1190	64	31	3	2022-03-24 07:34:00	et risus. Quisque libero lacus, varius et, euismod et, commodo at, libero. Morbi accumsan laoreet
1191	82	25	2	2022-06-23 05:06:00	Phasellus nulla. Integer vulputate, risus a ultricies adipiscing, enim mi tempor lorem, eget mollis lectus pede et risus.
1192	77	29	2	2022-05-13 01:21:00	Morbi accumsan laoreet ipsum. Curabitur consequat, lectus sit amet luctus vulputate, nisi sem semper erat, in consectetuer
1193	63	78	2	2022-09-01 03:00:00	mauris a nunc. In at pede. Cras vulputate velit eu sem. Pellentesque ut ipsum ac mi eleifend egestas.
1194	27	96	1	2022-06-26 07:35:00	malesuada vel, convallis in, cursus et, eros. Proin ultrices. Duis volutpat nunc sit amet metus. Aliquam erat
1195	54	49	1	2022-05-04 03:33:00	sodales purus, in molestie tortor nibh sit amet orci. Ut
1196	3	62	2	2022-03-19 05:32:00	feugiat non, lobortis quis, pede. Suspendisse dui. Fusce diam nunc, ullamcorper eu, euismod
1197	68	10	2	2022-04-12 06:01:00	libero nec ligula consectetuer rhoncus. Nullam velit dui, semper et, lacinia vitae, sodales at, velit. Pellentesque ultricies
1198	66	4	2	2022-02-13 07:54:00	auctor, nunc nulla vulputate dui, nec tempus mauris erat eget
1199	72	20	3	2022-05-06 12:42:00	metus. In lorem. Donec elementum, lorem ut aliquam iaculis, lacus pede sagittis augue, eu tempor erat
1200	14	32	1	2022-05-23 02:42:00	dis parturient montes, nascetur ridiculus mus. Donec dignissim magna a tortor. Nunc commodo auctor velit. Aliquam nisl. Nulla eu neque
1201	43	74	2	2022-09-10 10:32:00	ac mi eleifend egestas. Sed pharetra, felis eget varius ultrices, mauris ipsum porta elit, a feugiat tellus
1202	38	7	2	2022-06-02 08:21:00	Duis risus odio, auctor vitae, aliquet nec, imperdiet nec, leo. Morbi neque tellus, imperdiet non, vestibulum nec, euismod
1203	35	16	1	2021-12-21 06:38:00	Vestibulum ante ipsum primis in faucibus orci luctus et ultrices posuere cubilia Curae Donec tincidunt. Donec vitae erat vel
1204	65	5	2	2022-01-28 04:30:00	Nulla facilisis. Suspendisse commodo tincidunt nibh. Phasellus nulla. Integer vulputate, risus a ultricies
1205	48	11	1	2022-04-01 07:01:00	Curabitur sed tortor. Integer aliquam adipiscing lacus. Ut nec urna et arcu imperdiet ullamcorper. Duis
1206	6	43	2	2022-05-01 12:40:00	a neque. Nullam ut nisi a odio semper cursus. Integer mollis. Integer tincidunt aliquam arcu. Aliquam ultrices iaculis
1207	15	94	2	2022-07-29 04:25:00	sed pede. Cum sociis natoque penatibus et magnis dis parturient montes, nascetur ridiculus
1208	39	3	3	2022-09-11 02:10:00	Morbi sit amet massa. Quisque porttitor eros nec tellus. Nunc lectus pede, ultrices a, auctor non, feugiat nec,
1209	44	66	3	2022-01-08 10:29:00	tincidunt nibh. Phasellus nulla. Integer vulputate, risus a ultricies adipiscing, enim mi tempor lorem, eget mollis lectus pede et risus.
1210	95	71	2	2022-05-16 12:53:00	rhoncus. Donec est. Nunc ullamcorper, velit in aliquet lobortis, nisi nibh lacinia orci, consectetuer euismod
1211	1	2	2	2022-07-29 08:33:00	iaculis quis, pede. Praesent eu dui. Cum sociis natoque penatibus et magnis dis parturient montes, nascetur
1212	12	74	2	2022-02-09 08:37:00	mi tempor lorem, eget mollis lectus pede et risus. Quisque libero lacus, varius et, euismod et,
1213	52	62	2	2022-02-10 03:10:00	imperdiet, erat nonummy ultricies ornare, elit elit fermentum risus, at fringilla purus mauris a
1214	33	31	2	2021-12-29 06:53:00	feugiat. Sed nec metus facilisis lorem tristique aliquet. Phasellus fermentum convallis
1215	81	64	1	2022-09-06 03:23:00	vel quam dignissim pharetra. Nam ac nulla. In tincidunt congue turpis. In condimentum. Donec at arcu. Vestibulum ante
1216	71	48	3	2021-09-19 07:55:00	mi eleifend egestas. Sed pharetra, felis eget varius ultrices, mauris ipsum
1217	1	14	2	2021-11-05 02:59:00	Curabitur vel lectus. Cum sociis natoque penatibus et magnis dis parturient
1218	78	64	3	2021-10-22 06:56:00	ultrices iaculis odio. Nam interdum enim non nisi. Aenean eget metus. In nec orci. Donec nibh. Quisque
1219	83	11	1	2021-11-13 07:29:00	amet, risus. Donec nibh enim, gravida sit amet, dapibus id, blandit at, nisi. Cum sociis natoque penatibus
1220	47	13	2	2021-09-26 12:43:00	rutrum, justo. Praesent luctus. Curabitur egestas nunc sed libero. Proin sed turpis nec
1221	78	94	1	2022-06-23 06:17:00	odio a purus. Duis elementum, dui quis accumsan convallis, ante lectus convallis est, vitae sodales nisi magna
1222	71	68	2	2021-09-16 02:08:00	urna convallis erat, eget tincidunt dui augue eu tellus. Phasellus elit pede, malesuada vel, venenatis
1223	12	84	2	2022-05-16 09:13:00	Lorem ipsum dolor sit amet, consectetuer adipiscing elit. Curabitur sed tortor. Integer aliquam adipiscing lacus.
1224	4	64	2	2021-09-17 04:38:00	lorem, sit amet ultricies sem magna nec quam. Curabitur vel lectus. Cum sociis natoque penatibus et
1225	58	68	3	2022-07-03 04:05:00	metus. Aenean sed pede nec ante blandit viverra. Donec tempus, lorem fringilla ornare placerat, orci lacus vestibulum lorem, sit amet
1226	22	74	3	2022-08-21 05:43:00	semper auctor. Mauris vel turpis. Aliquam adipiscing lobortis risus. In mi pede, nonummy ut, molestie in, tempus
1227	10	90	2	2022-05-29 01:43:00	nisl. Quisque fringilla euismod enim. Etiam gravida molestie arcu. Sed eu nibh vulputate mauris sagittis placerat. Cras
1228	76	91	2	2022-04-16 12:30:00	nec tellus. Nunc lectus pede, ultrices a, auctor non, feugiat nec, diam. Duis mi enim, condimentum
1229	82	54	1	2021-12-23 12:35:00	Duis a mi fringilla mi lacinia mattis. Integer eu lacus. Quisque imperdiet, erat nonummy ultricies ornare, elit elit
1230	50	69	2	2022-06-30 09:38:00	cursus luctus, ipsum leo elementum sem, vitae aliquam eros turpis non enim. Mauris quis
1231	89	40	3	2022-03-13 08:00:00	fermentum metus. Aenean sed pede nec ante blandit viverra. Donec tempus, lorem
1232	39	45	3	2022-06-10 11:13:00	ullamcorper. Duis cursus, diam at pretium aliquet, metus urna convallis erat, eget
1233	58	18	3	2022-08-16 10:47:00	et magnis dis parturient montes, nascetur ridiculus mus. Donec dignissim magna a tortor.
1234	81	44	3	2022-07-18 05:23:00	cursus, diam at pretium aliquet, metus urna convallis erat, eget tincidunt dui augue eu tellus.
1235	89	39	2	2021-12-18 02:53:00	vitae purus gravida sagittis. Duis gravida. Praesent eu nulla at sem molestie sodales. Mauris blandit enim consequat
1236	69	9	2	2021-12-23 07:25:00	malesuada augue ut lacus. Nulla tincidunt, neque vitae semper egestas, urna justo faucibus lectus, a sollicitudin orci
1237	95	26	1	2021-12-26 05:06:00	metus. In lorem. Donec elementum, lorem ut aliquam iaculis, lacus pede sagittis augue, eu tempor erat neque
1238	28	70	3	2021-11-06 05:03:00	eget lacus. Mauris non dui nec urna suscipit nonummy. Fusce fermentum fermentum arcu. Vestibulum
1239	35	92	3	2022-08-11 01:02:00	risus. Donec egestas. Duis ac arcu. Nunc mauris. Morbi non sapien molestie orci tincidunt adipiscing. Mauris molestie pharetra
1240	35	35	2	2022-08-27 03:56:00	id, libero. Donec consectetuer mauris id sapien. Cras dolor dolor, tempus non,
1241	82	69	2	2021-12-20 04:53:00	aliquet lobortis, nisi nibh lacinia orci, consectetuer euismod est arcu ac
1242	60	56	2	2022-07-19 06:04:00	orci. Donec nibh. Quisque nonummy ipsum non arcu. Vivamus sit amet risus.
1243	65	65	3	2022-06-14 05:23:00	erat, in consectetuer ipsum nunc id enim. Curabitur massa. Vestibulum accumsan neque et nunc. Quisque ornare tortor at risus.
1244	88	79	2	2022-07-14 09:19:00	Aenean gravida nunc sed pede. Cum sociis natoque penatibus et magnis dis parturient montes, nascetur ridiculus mus. Proin vel
1245	59	26	2	2022-06-07 09:44:00	pede sagittis augue, eu tempor erat neque non quam. Pellentesque habitant morbi
1246	56	3	1	2021-09-27 02:24:00	a purus. Duis elementum, dui quis accumsan convallis, ante lectus convallis est, vitae sodales nisi magna
1247	30	59	3	2022-05-05 04:50:00	lorem, sit amet ultricies sem magna nec quam. Curabitur vel lectus. Cum sociis
1248	31	23	2	2022-01-03 12:52:00	iaculis odio. Nam interdum enim non nisi. Aenean eget metus. In nec orci. Donec nibh. Quisque
1249	25	81	2	2022-01-23 01:49:00	nulla at sem molestie sodales. Mauris blandit enim consequat purus. Maecenas libero est, congue a, aliquet
1250	66	80	1	2021-11-19 08:30:00	purus mauris a nunc. In at pede. Cras vulputate velit eu sem.
1251	24	41	3	2022-09-02 04:38:00	velit. Quisque varius. Nam porttitor scelerisque neque. Nullam nisl. Maecenas malesuada fringilla est. Mauris eu turpis. Nulla aliquet.
1252	86	40	2	2022-01-28 01:44:00	pede blandit congue. In scelerisque scelerisque dui. Suspendisse ac metus vitae velit egestas lacinia. Sed
1253	33	68	2	2022-08-05 12:39:00	primis in faucibus orci luctus et ultrices posuere cubilia Curae Donec tincidunt. Donec vitae erat vel pede blandit congue. In
1254	32	95	3	2022-05-15 09:53:00	urna et arcu imperdiet ullamcorper. Duis at lacus. Quisque purus sapien, gravida non, sollicitudin
1255	10	96	1	2022-02-21 07:20:00	per conubia nostra, per inceptos hymenaeos. Mauris ut quam vel sapien imperdiet ornare. In
1464	36	25	1	2022-03-16 12:49:00	lorem, sit amet ultricies sem magna nec quam. Curabitur vel lectus. Cum sociis
1256	67	38	3	2022-08-16 08:41:00	Donec est. Nunc ullamcorper, velit in aliquet lobortis, nisi nibh lacinia orci, consectetuer euismod est arcu ac orci. Ut semper
1257	1	52	3	2022-06-17 07:39:00	vitae, aliquet nec, imperdiet nec, leo. Morbi neque tellus, imperdiet non, vestibulum nec, euismod in, dolor. Fusce feugiat.
1258	65	63	1	2022-08-29 05:51:00	elementum, lorem ut aliquam iaculis, lacus pede sagittis augue, eu tempor erat neque
1259	36	64	2	2021-11-25 09:01:00	pede, ultrices a, auctor non, feugiat nec, diam. Duis mi enim,
1260	42	51	1	2021-10-19 11:02:00	mauris erat eget ipsum. Suspendisse sagittis. Nullam vitae diam. Proin dolor. Nulla semper tellus id nunc interdum feugiat.
1261	56	84	1	2021-12-01 08:43:00	lobortis quam a felis ullamcorper viverra. Maecenas iaculis aliquet diam. Sed diam
1262	74	40	2	2021-10-19 07:14:00	feugiat metus sit amet ante. Vivamus non lorem vitae odio sagittis semper. Nam tempor diam dictum sapien.
1263	56	22	2	2022-03-15 05:56:00	nonummy ultricies ornare, elit elit fermentum risus, at fringilla purus mauris a nunc. In
1264	9	23	2	2022-05-26 08:51:00	nulla. In tincidunt congue turpis. In condimentum. Donec at arcu. Vestibulum ante ipsum
1265	30	77	2	2022-01-24 03:27:00	tempor bibendum. Donec felis orci, adipiscing non, luctus sit amet, faucibus ut, nulla. Cras eu tellus eu augue porttitor interdum.
1266	54	5	2	2022-08-12 12:15:00	malesuada fames ac turpis egestas. Fusce aliquet magna a neque. Nullam ut nisi
1267	13	50	1	2022-03-12 12:44:00	ut, molestie in, tempus eu, ligula. Aenean euismod mauris eu elit. Nulla facilisi. Sed neque. Sed eget lacus. Mauris
1268	31	71	1	2022-02-27 01:08:00	tristique aliquet. Phasellus fermentum convallis ligula. Donec luctus aliquet odio. Etiam ligula tortor,
1269	52	98	2	2022-02-02 10:37:00	metus vitae velit egestas lacinia. Sed congue, elit sed consequat auctor, nunc nulla vulputate dui,
1270	20	80	3	2022-08-31 05:45:00	quis turpis vitae purus gravida sagittis. Duis gravida. Praesent eu nulla at sem molestie
1271	77	72	1	2021-11-18 09:54:00	Sed dictum. Proin eget odio. Aliquam vulputate ullamcorper magna. Sed eu
1272	24	89	1	2021-11-17 03:21:00	nec luctus felis purus ac tellus. Suspendisse sed dolor. Fusce mi lorem, vehicula
1273	68	80	3	2022-07-30 12:30:00	dis parturient montes, nascetur ridiculus mus. Proin vel arcu eu odio tristique pharetra.
1274	26	36	1	2022-04-26 02:03:00	lobortis augue scelerisque mollis. Phasellus libero mauris, aliquam eu, accumsan sed,
1275	42	34	1	2022-08-04 09:50:00	libero mauris, aliquam eu, accumsan sed, facilisis vitae, orci. Phasellus dapibus quam quis
1276	78	32	2	2022-04-04 09:24:00	Lorem ipsum dolor sit amet, consectetuer adipiscing elit. Etiam laoreet, libero et
1277	86	91	1	2022-01-16 12:25:00	Nam tempor diam dictum sapien. Aenean massa. Integer vitae nibh. Donec est mauris,
1278	51	93	1	2021-11-28 01:33:00	ornare, elit elit fermentum risus, at fringilla purus mauris a nunc. In at pede. Cras vulputate velit
1279	26	49	3	2022-04-07 06:05:00	eros. Proin ultrices. Duis volutpat nunc sit amet metus. Aliquam erat volutpat. Nulla facilisis. Suspendisse commodo tincidunt
1280	60	59	2	2022-05-21 08:24:00	non enim commodo hendrerit. Donec porttitor tellus non magna. Nam ligula
1281	33	53	3	2022-02-03 01:04:00	Cras dolor dolor, tempus non, lacinia at, iaculis quis, pede. Praesent eu dui. Cum
1282	32	23	1	2022-01-27 03:39:00	nunc sed pede. Cum sociis natoque penatibus et magnis dis parturient montes, nascetur ridiculus mus.
1283	15	80	1	2021-12-27 01:46:00	tempor augue ac ipsum. Phasellus vitae mauris sit amet lorem semper auctor. Mauris vel turpis. Aliquam
1284	64	65	2	2022-01-25 04:23:00	elit. Curabitur sed tortor. Integer aliquam adipiscing lacus. Ut nec urna et arcu imperdiet ullamcorper. Duis at
1285	2	24	3	2022-01-31 04:27:00	aliquet nec, imperdiet nec, leo. Morbi neque tellus, imperdiet non, vestibulum nec, euismod in, dolor. Fusce feugiat.
1286	76	96	2	2021-10-06 03:19:00	Curabitur vel lectus. Cum sociis natoque penatibus et magnis dis parturient montes,
1287	20	35	3	2022-03-31 06:52:00	sed sem egestas blandit. Nam nulla magna, malesuada vel, convallis in, cursus et, eros. Proin
1288	72	59	2	2022-08-30 12:39:00	lacinia at, iaculis quis, pede. Praesent eu dui. Cum sociis natoque penatibus et magnis dis parturient montes, nascetur ridiculus
1289	61	13	3	2021-10-20 03:04:00	luctus lobortis. Class aptent taciti sociosqu ad litora torquent per conubia nostra, per inceptos
1290	20	50	2	2022-08-29 11:56:00	Maecenas ornare egestas ligula. Nullam feugiat placerat velit. Quisque varius. Nam porttitor scelerisque neque.
1291	64	42	2	2021-11-12 08:54:00	dapibus id, blandit at, nisi. Cum sociis natoque penatibus et magnis dis parturient montes, nascetur ridiculus mus. Proin vel nisl.
1292	71	83	3	2022-07-08 04:10:00	dui. Cras pellentesque. Sed dictum. Proin eget odio. Aliquam vulputate
1293	50	72	2	2021-11-07 12:32:00	iaculis quis, pede. Praesent eu dui. Cum sociis natoque penatibus et magnis
1294	11	27	3	2021-11-20 12:51:00	et netus et malesuada fames ac turpis egestas. Aliquam fringilla cursus purus. Nullam scelerisque neque sed sem egestas blandit. Nam
1295	71	90	1	2022-06-14 02:22:00	Duis volutpat nunc sit amet metus. Aliquam erat volutpat. Nulla facilisis. Suspendisse commodo tincidunt nibh. Phasellus nulla. Integer vulputate,
1296	37	21	3	2021-10-14 06:02:00	non, sollicitudin a, malesuada id, erat. Etiam vestibulum massa rutrum magna. Cras convallis convallis
1297	68	1	1	2022-07-21 08:06:00	Suspendisse non leo. Vivamus nibh dolor, nonummy ac, feugiat non, lobortis
1298	99	73	3	2022-08-28 05:47:00	lorem. Donec elementum, lorem ut aliquam iaculis, lacus pede sagittis augue, eu tempor erat neque non quam.
1299	55	64	2	2022-04-10 01:41:00	dolor dapibus gravida. Aliquam tincidunt, nunc ac mattis ornare, lectus ante dictum mi, ac mattis velit justo nec ante.
1300	31	36	3	2022-03-01 08:21:00	In condimentum. Donec at arcu. Vestibulum ante ipsum primis in faucibus orci luctus et ultrices
1301	71	6	1	2021-09-25 01:50:00	sociosqu ad litora torquent per conubia nostra, per inceptos hymenaeos. Mauris ut
1302	11	73	3	2022-01-25 04:42:00	Lorem ipsum dolor sit amet, consectetuer adipiscing elit. Curabitur sed tortor. Integer aliquam adipiscing lacus. Ut nec urna et
1303	83	99	2	2022-07-09 05:10:00	est arcu ac orci. Ut semper pretium neque. Morbi quis urna. Nunc quis arcu vel
1304	8	5	3	2022-05-06 08:40:00	lacus. Mauris non dui nec urna suscipit nonummy. Fusce fermentum fermentum arcu. Vestibulum ante ipsum primis in
1305	89	33	1	2021-10-06 01:42:00	ridiculus mus. Proin vel arcu eu odio tristique pharetra. Quisque
1306	79	98	3	2022-02-08 07:50:00	non, lacinia at, iaculis quis, pede. Praesent eu dui. Cum
1307	28	3	2	2021-09-26 01:56:00	interdum. Sed auctor odio a purus. Duis elementum, dui quis accumsan convallis, ante lectus convallis est, vitae sodales nisi
1308	48	8	3	2022-06-20 10:21:00	sit amet, consectetuer adipiscing elit. Aliquam auctor, velit eget laoreet posuere, enim nisl
1309	81	4	2	2022-06-25 05:40:00	auctor velit. Aliquam nisl. Nulla eu neque pellentesque massa lobortis ultrices. Vivamus rhoncus. Donec est. Nunc ullamcorper, velit
1310	37	71	1	2022-01-24 10:48:00	Aliquam ornare, libero at auctor ullamcorper, nisl arcu iaculis enim, sit amet ornare lectus justo eu arcu. Morbi
1311	39	67	2	2022-03-21 11:48:00	commodo hendrerit. Donec porttitor tellus non magna. Nam ligula elit, pretium et, rutrum non, hendrerit id, ante. Nunc mauris
1312	98	47	2	2021-11-28 07:12:00	a, scelerisque sed, sapien. Nunc pulvinar arcu et pede. Nunc sed
1313	64	8	2	2021-10-27 10:23:00	ipsum ac mi eleifend egestas. Sed pharetra, felis eget varius ultrices, mauris ipsum porta elit, a
1314	59	29	2	2022-07-06 02:18:00	Cras pellentesque. Sed dictum. Proin eget odio. Aliquam vulputate ullamcorper magna. Sed eu eros. Nam consequat
1315	41	5	2	2022-06-14 12:54:00	arcu iaculis enim, sit amet ornare lectus justo eu arcu. Morbi sit amet massa. Quisque porttitor eros nec
1316	90	20	1	2022-07-12 06:30:00	morbi tristique senectus et netus et malesuada fames ac turpis egestas. Fusce aliquet magna a neque. Nullam
1317	46	85	1	2022-07-20 04:16:00	non, lacinia at, iaculis quis, pede. Praesent eu dui. Cum sociis natoque
1318	57	20	2	2022-04-26 06:46:00	Morbi non sapien molestie orci tincidunt adipiscing. Mauris molestie pharetra nibh. Aliquam ornare, libero at
1319	75	9	1	2022-05-30 11:44:00	tempor arcu. Vestibulum ut eros non enim commodo hendrerit. Donec porttitor tellus non magna. Nam ligula elit, pretium
1320	58	47	2	2022-02-06 02:10:00	a odio semper cursus. Integer mollis. Integer tincidunt aliquam arcu. Aliquam ultrices iaculis odio.
1321	23	60	1	2021-11-03 07:10:00	Donec luctus aliquet odio. Etiam ligula tortor, dictum eu, placerat eget, venenatis a, magna.
1322	55	58	2	2021-10-05 09:06:00	quis massa. Mauris vestibulum, neque sed dictum eleifend, nunc risus varius orci, in consequat enim
1323	50	78	2	2022-03-05 08:04:00	cursus et, eros. Proin ultrices. Duis volutpat nunc sit amet metus. Aliquam erat
1324	60	39	3	2021-10-09 11:39:00	dui. Fusce aliquam, enim nec tempus scelerisque, lorem ipsum sodales purus, in
1325	35	33	3	2022-08-05 08:04:00	Nunc ut erat. Sed nunc est, mollis non, cursus non, egestas a, dui. Cras pellentesque. Sed dictum. Proin eget
1326	14	27	2	2022-06-15 03:42:00	dapibus id, blandit at, nisi. Cum sociis natoque penatibus et magnis dis parturient montes, nascetur ridiculus mus. Proin vel nisl.
1327	13	5	3	2021-10-16 12:34:00	Duis a mi fringilla mi lacinia mattis. Integer eu lacus. Quisque imperdiet, erat nonummy ultricies ornare, elit elit
1328	32	99	3	2021-09-19 03:42:00	libero mauris, aliquam eu, accumsan sed, facilisis vitae, orci. Phasellus dapibus quam quis diam.
1329	13	92	1	2021-12-31 11:46:00	justo sit amet nulla. Donec non justo. Proin non massa non ante bibendum
1330	56	51	2	2021-11-03 11:43:00	sem. Pellentesque ut ipsum ac mi eleifend egestas. Sed pharetra, felis eget varius
1331	97	65	2	2021-12-18 09:28:00	hendrerit. Donec porttitor tellus non magna. Nam ligula elit, pretium et, rutrum non, hendrerit id, ante. Nunc mauris
1332	15	96	3	2021-09-24 08:37:00	In ornare sagittis felis. Donec tempor, est ac mattis semper, dui lectus rutrum urna, nec luctus
1333	28	97	1	2022-04-18 05:04:00	vel, mauris. Integer sem elit, pharetra ut, pharetra sed, hendrerit a, arcu. Sed
1334	17	67	1	2021-11-29 07:43:00	dolor elit, pellentesque a, facilisis non, bibendum sed, est. Nunc laoreet lectus quis
1335	18	25	2	2021-12-26 04:28:00	porttitor tellus non magna. Nam ligula elit, pretium et, rutrum
1336	3	8	2	2022-07-28 02:32:00	enim. Etiam gravida molestie arcu. Sed eu nibh vulputate mauris sagittis placerat. Cras dictum ultricies ligula. Nullam
1337	66	57	2	2022-03-27 01:23:00	posuere cubilia Curae Phasellus ornare. Fusce mollis. Duis sit amet diam eu dolor egestas rhoncus.
1338	75	98	3	2022-01-27 12:15:00	sociis natoque penatibus et magnis dis parturient montes, nascetur ridiculus mus. Proin vel
1339	17	79	2	2022-04-19 12:11:00	a, arcu. Sed et libero. Proin mi. Aliquam gravida mauris ut
1340	73	47	2	2021-10-28 05:23:00	penatibus et magnis dis parturient montes, nascetur ridiculus mus. Proin vel arcu eu odio tristique pharetra. Quisque
1341	81	8	3	2022-04-10 08:46:00	ipsum dolor sit amet, consectetuer adipiscing elit. Aliquam auctor, velit eget laoreet posuere, enim
1342	20	60	2	2022-02-21 02:09:00	laoreet lectus quis massa. Mauris vestibulum, neque sed dictum eleifend, nunc risus varius orci, in consequat enim
1343	59	92	2	2022-07-11 11:34:00	Suspendisse ac metus vitae velit egestas lacinia. Sed congue, elit sed consequat
1344	52	43	2	2021-10-31 09:19:00	mollis. Phasellus libero mauris, aliquam eu, accumsan sed, facilisis vitae, orci. Phasellus dapibus quam quis
1345	78	75	2	2022-09-02 09:20:00	nulla. Donec non justo. Proin non massa non ante bibendum ullamcorper. Duis cursus,
1346	81	3	1	2022-02-16 11:48:00	Phasellus at augue id ante dictum cursus. Nunc mauris elit, dictum
1347	16	60	3	2022-05-21 01:59:00	tempor, est ac mattis semper, dui lectus rutrum urna, nec luctus felis purus ac tellus. Suspendisse sed
1348	100	21	3	2021-11-09 06:13:00	justo. Proin non massa non ante bibendum ullamcorper. Duis cursus, diam at pretium aliquet, metus urna
1349	45	98	2	2022-06-20 12:54:00	ipsum porta elit, a feugiat tellus lorem eu metus. In lorem. Donec elementum,
1350	22	4	2	2022-02-08 04:12:00	magna a neque. Nullam ut nisi a odio semper cursus. Integer mollis.
1351	59	11	1	2022-05-09 12:31:00	ligula eu enim. Etiam imperdiet dictum magna. Ut tincidunt orci quis lectus. Nullam suscipit, est ac facilisis facilisis, magna
1352	80	95	3	2021-11-21 05:56:00	Nam porttitor scelerisque neque. Nullam nisl. Maecenas malesuada fringilla est. Mauris eu turpis.
1353	75	65	3	2022-01-07 12:26:00	turpis non enim. Mauris quis turpis vitae purus gravida sagittis. Duis gravida. Praesent eu nulla at sem molestie sodales.
1354	26	46	1	2022-01-17 06:24:00	hendrerit. Donec porttitor tellus non magna. Nam ligula elit, pretium et, rutrum non, hendrerit id, ante. Nunc mauris sapien, cursus
1355	47	1	2	2021-11-07 01:10:00	varius orci, in consequat enim diam vel arcu. Curabitur ut odio vel est tempor bibendum. Donec
1356	53	85	2	2022-02-02 05:19:00	mus. Proin vel nisl. Quisque fringilla euismod enim. Etiam gravida molestie arcu. Sed eu
1357	74	38	3	2022-05-07 10:57:00	turpis egestas. Fusce aliquet magna a neque. Nullam ut nisi a odio semper cursus.
1358	36	15	2	2022-06-09 03:02:00	placerat velit. Quisque varius. Nam porttitor scelerisque neque. Nullam nisl. Maecenas malesuada fringilla
1359	65	43	2	2021-10-29 02:52:00	sem egestas blandit. Nam nulla magna, malesuada vel, convallis in, cursus
1360	31	42	3	2022-03-18 11:48:00	Aenean eget metus. In nec orci. Donec nibh. Quisque nonummy ipsum non
1361	11	82	2	2021-12-01 08:58:00	ut aliquam iaculis, lacus pede sagittis augue, eu tempor erat neque non quam. Pellentesque
1362	60	78	2	2021-10-03 11:42:00	turpis vitae purus gravida sagittis. Duis gravida. Praesent eu nulla at sem molestie sodales. Mauris blandit enim consequat
1363	46	26	2	2022-07-01 12:49:00	eu, euismod ac, fermentum vel, mauris. Integer sem elit, pharetra ut, pharetra sed, hendrerit a, arcu. Sed et libero.
1364	42	37	1	2022-07-18 07:44:00	placerat velit. Quisque varius. Nam porttitor scelerisque neque. Nullam nisl. Maecenas malesuada fringilla est. Mauris eu turpis. Nulla aliquet.
1365	65	57	2	2022-06-10 04:43:00	hendrerit a, arcu. Sed et libero. Proin mi. Aliquam gravida mauris ut mi. Duis risus
1366	15	99	2	2022-06-01 01:08:00	natoque penatibus et magnis dis parturient montes, nascetur ridiculus mus. Donec
1367	80	50	2	2021-11-30 07:34:00	interdum. Curabitur dictum. Phasellus in felis. Nulla tempor augue ac ipsum. Phasellus vitae mauris sit amet
1368	82	41	2	2022-07-08 01:51:00	arcu. Vestibulum ante ipsum primis in faucibus orci luctus et ultrices posuere cubilia Curae Donec tincidunt. Donec vitae erat
1369	37	4	2	2022-05-07 03:27:00	Etiam laoreet, libero et tristique pellentesque, tellus sem mollis dui, in sodales elit erat
1370	85	71	1	2022-06-07 10:12:00	Nulla eget metus eu erat semper rutrum. Fusce dolor quam, elementum
1371	41	76	2	2022-07-27 02:14:00	amet, consectetuer adipiscing elit. Etiam laoreet, libero et tristique pellentesque, tellus sem mollis dui,
1372	65	33	3	2021-12-01 07:19:00	fames ac turpis egestas. Aliquam fringilla cursus purus. Nullam scelerisque neque sed sem egestas blandit. Nam nulla magna, malesuada
1373	8	61	2	2022-07-06 09:43:00	elit, pretium et, rutrum non, hendrerit id, ante. Nunc mauris sapien,
1374	73	81	3	2021-12-14 04:15:00	arcu. Vivamus sit amet risus. Donec egestas. Aliquam nec enim. Nunc ut erat. Sed nunc est, mollis non, cursus non,
1375	13	35	2	2022-03-19 10:11:00	Cras pellentesque. Sed dictum. Proin eget odio. Aliquam vulputate ullamcorper magna. Sed eu eros. Nam consequat dolor vitae dolor.
1376	91	9	2	2021-09-24 08:13:00	Nunc ullamcorper, velit in aliquet lobortis, nisi nibh lacinia orci, consectetuer euismod est arcu
1377	28	4	2	2021-10-24 10:03:00	dignissim. Maecenas ornare egestas ligula. Nullam feugiat placerat velit. Quisque varius. Nam porttitor
1378	93	86	2	2022-04-23 04:43:00	a, magna. Lorem ipsum dolor sit amet, consectetuer adipiscing elit. Etiam laoreet, libero et tristique pellentesque, tellus sem
1379	79	52	1	2021-12-08 10:42:00	id risus quis diam luctus lobortis. Class aptent taciti sociosqu ad litora torquent per conubia nostra,
1380	18	51	1	2022-08-06 10:12:00	nunc est, mollis non, cursus non, egestas a, dui. Cras pellentesque. Sed dictum. Proin eget odio. Aliquam vulputate
1381	87	28	1	2022-09-13 08:11:00	pede. Suspendisse dui. Fusce diam nunc, ullamcorper eu, euismod ac, fermentum vel, mauris. Integer sem
1382	60	44	2	2022-08-09 02:29:00	vitae odio sagittis semper. Nam tempor diam dictum sapien. Aenean massa. Integer vitae
1383	85	87	2	2022-02-07 08:03:00	gravida nunc sed pede. Cum sociis natoque penatibus et magnis dis parturient montes, nascetur ridiculus mus.
1384	24	64	1	2022-08-07 06:43:00	Integer vitae nibh. Donec est mauris, rhoncus id, mollis nec, cursus a, enim. Suspendisse aliquet,
1385	72	91	3	2022-06-22 10:59:00	elementum, dui quis accumsan convallis, ante lectus convallis est, vitae sodales nisi magna sed dui. Fusce
1386	75	29	1	2021-11-07 12:34:00	magna tellus faucibus leo, in lobortis tellus justo sit amet nulla. Donec
1387	45	60	3	2022-05-14 08:29:00	tincidunt vehicula risus. Nulla eget metus eu erat semper rutrum. Fusce dolor quam, elementum at,
1388	38	76	2	2022-03-08 07:14:00	pellentesque, tellus sem mollis dui, in sodales elit erat vitae risus. Duis
1389	13	11	2	2022-04-20 10:47:00	auctor, velit eget laoreet posuere, enim nisl elementum purus, accumsan interdum
1390	6	9	2	2022-07-30 11:26:00	amet, dapibus id, blandit at, nisi. Cum sociis natoque penatibus et magnis
1391	36	61	2	2022-01-09 07:48:00	enim, gravida sit amet, dapibus id, blandit at, nisi. Cum sociis
1392	66	71	2	2022-06-29 10:51:00	Morbi non sapien molestie orci tincidunt adipiscing. Mauris molestie pharetra nibh. Aliquam ornare, libero at auctor
1393	28	39	2	2022-05-19 08:40:00	ac metus vitae velit egestas lacinia. Sed congue, elit sed consequat auctor, nunc nulla vulputate dui, nec tempus
1394	25	22	2	2022-01-08 10:01:00	Suspendisse sed dolor. Fusce mi lorem, vehicula et, rutrum eu, ultrices sit amet, risus.
1395	5	50	2	2022-01-24 06:07:00	sagittis semper. Nam tempor diam dictum sapien. Aenean massa. Integer vitae nibh. Donec est mauris, rhoncus
1396	30	100	2	2022-01-04 12:30:00	enim. Mauris quis turpis vitae purus gravida sagittis. Duis gravida. Praesent eu nulla at sem molestie sodales. Mauris blandit enim
1397	18	32	2	2021-09-20 08:12:00	nunc interdum feugiat. Sed nec metus facilisis lorem tristique aliquet. Phasellus fermentum convallis ligula. Donec luctus aliquet odio. Etiam
1398	90	55	2	2022-06-23 01:34:00	dis parturient montes, nascetur ridiculus mus. Aenean eget magna. Suspendisse tristique neque venenatis
1399	41	73	2	2022-03-16 11:11:00	Duis elementum, dui quis accumsan convallis, ante lectus convallis est, vitae sodales nisi magna
1400	92	46	1	2022-08-14 05:28:00	vestibulum massa rutrum magna. Cras convallis convallis dolor. Quisque tincidunt pede ac urna. Ut tincidunt vehicula risus. Nulla eget metus
1401	15	74	2	2022-01-08 05:33:00	sapien molestie orci tincidunt adipiscing. Mauris molestie pharetra nibh. Aliquam ornare, libero at auctor ullamcorper, nisl
1402	2	77	1	2022-06-22 11:57:00	parturient montes, nascetur ridiculus mus. Donec dignissim magna a tortor. Nunc commodo auctor velit. Aliquam nisl. Nulla eu
1403	88	67	2	2022-03-03 03:31:00	interdum. Sed auctor odio a purus. Duis elementum, dui quis accumsan convallis, ante lectus convallis
1404	86	15	3	2022-09-12 06:25:00	turpis non enim. Mauris quis turpis vitae purus gravida sagittis. Duis gravida. Praesent eu nulla
1405	93	39	2	2022-05-21 10:27:00	fringilla mi lacinia mattis. Integer eu lacus. Quisque imperdiet, erat nonummy ultricies ornare,
1406	97	49	1	2022-06-14 11:21:00	Mauris nulla. Integer urna. Vivamus molestie dapibus ligula. Aliquam erat volutpat. Nulla dignissim. Maecenas ornare
1407	58	43	2	2022-05-20 01:22:00	eu tempor erat neque non quam. Pellentesque habitant morbi tristique senectus et netus et malesuada fames ac
1408	32	66	1	2021-12-02 02:03:00	Aenean eget magna. Suspendisse tristique neque venenatis lacus. Etiam bibendum fermentum metus. Aenean sed pede nec
1409	62	30	1	2021-11-18 09:56:00	pellentesque, tellus sem mollis dui, in sodales elit erat vitae risus. Duis a
1410	10	17	2	2021-11-21 11:53:00	augue ac ipsum. Phasellus vitae mauris sit amet lorem semper auctor.
1411	2	6	1	2022-05-08 04:42:00	enim non nisi. Aenean eget metus. In nec orci. Donec nibh. Quisque
1412	72	32	2	2022-06-14 12:28:00	lorem. Donec elementum, lorem ut aliquam iaculis, lacus pede sagittis augue, eu tempor erat neque non quam.
1413	92	38	3	2021-11-17 05:24:00	magna. Praesent interdum ligula eu enim. Etiam imperdiet dictum magna. Ut tincidunt orci quis
1414	79	5	3	2022-07-01 09:00:00	magna. Phasellus dolor elit, pellentesque a, facilisis non, bibendum sed, est. Nunc laoreet lectus quis massa. Mauris
1415	26	67	2	2022-05-06 06:19:00	vitae purus gravida sagittis. Duis gravida. Praesent eu nulla at sem molestie sodales. Mauris
1416	83	5	2	2021-10-11 09:03:00	adipiscing. Mauris molestie pharetra nibh. Aliquam ornare, libero at auctor ullamcorper, nisl arcu iaculis enim, sit amet ornare lectus
1417	61	85	1	2022-03-30 12:01:00	Cras dolor dolor, tempus non, lacinia at, iaculis quis, pede. Praesent eu dui.
1418	67	96	3	2022-03-06 05:51:00	facilisis facilisis, magna tellus faucibus leo, in lobortis tellus justo sit amet nulla. Donec non justo.
1419	31	84	2	2022-03-05 08:45:00	imperdiet, erat nonummy ultricies ornare, elit elit fermentum risus, at fringilla purus mauris
1420	20	35	1	2022-04-19 05:56:00	malesuada fringilla est. Mauris eu turpis. Nulla aliquet. Proin velit. Sed malesuada augue ut lacus. Nulla
1421	38	14	2	2021-10-27 07:27:00	turpis egestas. Aliquam fringilla cursus purus. Nullam scelerisque neque sed sem egestas blandit. Nam nulla magna, malesuada vel, convallis
1422	63	38	3	2021-12-15 12:42:00	lectus ante dictum mi, ac mattis velit justo nec ante. Maecenas mi felis, adipiscing fringilla,
1423	43	78	1	2022-06-03 05:55:00	urna justo faucibus lectus, a sollicitudin orci sem eget massa. Suspendisse eleifend. Cras sed leo. Cras vehicula aliquet
1424	67	63	2	2022-08-09 06:26:00	egestas. Fusce aliquet magna a neque. Nullam ut nisi a odio semper cursus. Integer
1425	53	54	3	2022-09-13 11:56:00	mattis velit justo nec ante. Maecenas mi felis, adipiscing fringilla, porttitor vulputate, posuere vulputate, lacus.
1426	3	50	2	2021-10-04 04:52:00	montes, nascetur ridiculus mus. Donec dignissim magna a tortor. Nunc
1427	66	88	3	2021-11-11 09:35:00	ornare, facilisis eget, ipsum. Donec sollicitudin adipiscing ligula. Aenean gravida nunc sed pede. Cum sociis
1428	95	20	2	2022-03-30 01:22:00	fringilla ornare placerat, orci lacus vestibulum lorem, sit amet ultricies sem
1429	57	74	2	2021-12-15 09:13:00	Phasellus at augue id ante dictum cursus. Nunc mauris elit, dictum
1430	46	89	1	2022-04-15 02:13:00	lobortis ultrices. Vivamus rhoncus. Donec est. Nunc ullamcorper, velit in aliquet lobortis,
1431	58	37	2	2021-10-12 07:52:00	ac nulla. In tincidunt congue turpis. In condimentum. Donec at arcu. Vestibulum ante ipsum
1432	12	75	1	2022-05-07 06:42:00	tellus eu augue porttitor interdum. Sed auctor odio a purus. Duis elementum, dui quis accumsan
1433	17	10	2	2022-03-06 12:02:00	purus mauris a nunc. In at pede. Cras vulputate velit eu sem. Pellentesque ut ipsum ac mi eleifend egestas. Sed
1434	69	17	2	2021-11-21 12:47:00	diam at pretium aliquet, metus urna convallis erat, eget tincidunt dui augue eu tellus. Phasellus elit
1435	37	33	2	2021-10-19 12:48:00	erat eget ipsum. Suspendisse sagittis. Nullam vitae diam. Proin dolor. Nulla semper tellus id nunc
1436	47	92	3	2022-05-24 05:20:00	cursus, diam at pretium aliquet, metus urna convallis erat, eget tincidunt dui augue eu
1437	24	51	2	2021-11-20 05:26:00	ornare. Fusce mollis. Duis sit amet diam eu dolor egestas
1438	68	70	3	2022-09-02 04:33:00	egestas a, scelerisque sed, sapien. Nunc pulvinar arcu et pede. Nunc sed orci lobortis augue scelerisque mollis. Phasellus libero
1439	63	86	3	2022-06-09 08:56:00	metus eu erat semper rutrum. Fusce dolor quam, elementum at, egestas a,
1440	49	69	3	2022-04-23 01:09:00	non massa non ante bibendum ullamcorper. Duis cursus, diam at pretium aliquet, metus urna convallis erat,
1441	95	62	3	2021-09-17 03:09:00	pede, malesuada vel, venenatis vel, faucibus id, libero. Donec consectetuer mauris id sapien.
1442	40	79	2	2022-05-04 01:23:00	ipsum leo elementum sem, vitae aliquam eros turpis non enim. Mauris quis
1443	8	2	2	2022-04-10 06:45:00	Fusce mi lorem, vehicula et, rutrum eu, ultrices sit amet, risus. Donec nibh enim, gravida sit
1444	78	91	1	2022-01-29 05:31:00	commodo ipsum. Suspendisse non leo. Vivamus nibh dolor, nonummy ac,
1445	53	23	1	2022-08-29 11:04:00	quis, tristique ac, eleifend vitae, erat. Vivamus nisi. Mauris nulla. Integer urna. Vivamus molestie dapibus ligula. Aliquam erat volutpat.
1446	35	54	1	2021-11-27 08:04:00	libero. Donec consectetuer mauris id sapien. Cras dolor dolor, tempus non, lacinia at, iaculis quis, pede.
1447	17	28	2	2022-02-03 10:16:00	magna. Duis dignissim tempor arcu. Vestibulum ut eros non enim commodo hendrerit.
1448	79	91	2	2022-03-05 03:48:00	at, iaculis quis, pede. Praesent eu dui. Cum sociis natoque penatibus
1449	13	50	3	2022-09-09 06:01:00	ante. Vivamus non lorem vitae odio sagittis semper. Nam tempor diam
1450	49	26	2	2022-06-11 11:10:00	Donec dignissim magna a tortor. Nunc commodo auctor velit. Aliquam nisl. Nulla eu neque pellentesque massa lobortis ultrices. Vivamus
1451	13	47	2	2022-07-01 11:38:00	orci lobortis augue scelerisque mollis. Phasellus libero mauris, aliquam eu, accumsan sed,
1452	64	31	2	2022-08-13 12:54:00	Nunc lectus pede, ultrices a, auctor non, feugiat nec, diam.
1453	73	20	2	2022-08-24 01:07:00	erat vel pede blandit congue. In scelerisque scelerisque dui. Suspendisse ac metus vitae velit egestas lacinia. Sed congue, elit
1454	46	12	1	2021-10-10 07:38:00	eu turpis. Nulla aliquet. Proin velit. Sed malesuada augue ut lacus.
1455	18	78	2	2021-09-24 11:27:00	euismod ac, fermentum vel, mauris. Integer sem elit, pharetra ut, pharetra sed, hendrerit a, arcu. Sed et libero. Proin mi.
1456	11	14	1	2022-01-26 11:29:00	tellus, imperdiet non, vestibulum nec, euismod in, dolor. Fusce feugiat. Lorem ipsum dolor sit amet, consectetuer adipiscing elit.
1457	41	84	1	2022-06-01 03:46:00	tellus faucibus leo, in lobortis tellus justo sit amet nulla.
1458	82	59	2	2022-07-16 06:51:00	dui lectus rutrum urna, nec luctus felis purus ac tellus. Suspendisse sed dolor. Fusce mi lorem, vehicula et, rutrum eu,
1459	12	78	1	2021-10-01 01:25:00	nascetur ridiculus mus. Donec dignissim magna a tortor. Nunc commodo auctor velit. Aliquam nisl. Nulla
1460	90	73	2	2022-07-25 12:46:00	orci tincidunt adipiscing. Mauris molestie pharetra nibh. Aliquam ornare, libero at auctor ullamcorper, nisl
1461	92	54	1	2022-04-08 08:03:00	Fusce aliquet magna a neque. Nullam ut nisi a odio semper cursus. Integer mollis. Integer tincidunt aliquam arcu.
1462	13	82	3	2022-03-17 03:11:00	molestie dapibus ligula. Aliquam erat volutpat. Nulla dignissim. Maecenas ornare egestas ligula. Nullam feugiat placerat velit. Quisque
1463	25	29	2	2022-04-16 03:46:00	vestibulum nec, euismod in, dolor. Fusce feugiat. Lorem ipsum dolor sit amet, consectetuer adipiscing elit. Aliquam auctor, velit
1465	69	37	2	2022-05-31 07:52:00	vitae mauris sit amet lorem semper auctor. Mauris vel turpis. Aliquam adipiscing lobortis risus. In mi
1466	55	88	2	2021-11-09 02:16:00	massa rutrum magna. Cras convallis convallis dolor. Quisque tincidunt pede ac urna. Ut tincidunt vehicula risus.
1467	11	72	3	2022-07-25 11:28:00	gravida sagittis. Duis gravida. Praesent eu nulla at sem molestie sodales. Mauris blandit
1468	81	15	1	2022-06-30 07:27:00	Suspendisse aliquet, sem ut cursus luctus, ipsum leo elementum sem, vitae aliquam eros
1469	29	1	2	2022-06-04 03:30:00	mauris. Morbi non sapien molestie orci tincidunt adipiscing. Mauris molestie pharetra
1470	84	69	2	2021-11-12 12:44:00	Phasellus fermentum convallis ligula. Donec luctus aliquet odio. Etiam ligula tortor, dictum eu, placerat eget, venenatis a,
1471	60	97	2	2022-01-11 03:54:00	tempor bibendum. Donec felis orci, adipiscing non, luctus sit amet, faucibus ut, nulla. Cras eu tellus eu augue porttitor
1472	18	56	1	2022-07-24 12:10:00	urna. Nullam lobortis quam a felis ullamcorper viverra. Maecenas iaculis aliquet diam. Sed diam lorem, auctor quis, tristique
1473	65	38	1	2022-04-07 11:58:00	Proin vel nisl. Quisque fringilla euismod enim. Etiam gravida molestie arcu. Sed eu nibh vulputate mauris sagittis placerat. Cras
1474	87	27	2	2021-10-04 05:03:00	ante dictum cursus. Nunc mauris elit, dictum eu, eleifend nec, malesuada
1475	43	87	2	2022-07-04 07:49:00	libero nec ligula consectetuer rhoncus. Nullam velit dui, semper et, lacinia vitae,
1476	38	24	2	2022-01-08 11:53:00	faucibus. Morbi vehicula. Pellentesque tincidunt tempus risus. Donec egestas. Duis ac arcu.
1477	89	71	1	2021-10-21 06:14:00	consectetuer, cursus et, magna. Praesent interdum ligula eu enim. Etiam imperdiet dictum magna.
1478	36	77	3	2021-09-18 11:34:00	congue turpis. In condimentum. Donec at arcu. Vestibulum ante ipsum primis in
1479	19	69	2	2022-07-27 03:20:00	elit erat vitae risus. Duis a mi fringilla mi lacinia mattis. Integer
1480	59	75	2	2022-08-16 02:10:00	pharetra. Nam ac nulla. In tincidunt congue turpis. In condimentum. Donec at arcu. Vestibulum ante ipsum primis in faucibus
1481	45	34	1	2021-10-14 02:51:00	quis lectus. Nullam suscipit, est ac facilisis facilisis, magna tellus faucibus
1482	83	81	2	2021-09-30 04:56:00	ut odio vel est tempor bibendum. Donec felis orci, adipiscing non, luctus sit amet, faucibus
1483	80	100	1	2021-12-18 01:51:00	Mauris ut quam vel sapien imperdiet ornare. In faucibus. Morbi vehicula. Pellentesque tincidunt tempus risus.
1484	62	33	1	2022-01-11 07:02:00	tortor, dictum eu, placerat eget, venenatis a, magna. Lorem ipsum dolor sit amet, consectetuer adipiscing elit.
1485	49	70	3	2022-08-24 01:58:00	nunc, ullamcorper eu, euismod ac, fermentum vel, mauris. Integer sem elit, pharetra ut, pharetra
1486	74	89	2	2022-01-17 11:32:00	Etiam bibendum fermentum metus. Aenean sed pede nec ante blandit viverra.
1487	8	55	2	2022-01-29 10:16:00	non nisi. Aenean eget metus. In nec orci. Donec nibh. Quisque nonummy
1488	92	96	3	2022-01-02 03:51:00	a feugiat tellus lorem eu metus. In lorem. Donec elementum, lorem ut aliquam iaculis, lacus pede sagittis augue,
1489	65	66	2	2022-08-03 06:40:00	turpis egestas. Aliquam fringilla cursus purus. Nullam scelerisque neque sed sem
1490	97	43	1	2022-08-01 01:08:00	mi fringilla mi lacinia mattis. Integer eu lacus. Quisque imperdiet, erat nonummy ultricies
1491	11	73	1	2021-11-09 07:09:00	vehicula risus. Nulla eget metus eu erat semper rutrum. Fusce dolor quam,
1492	48	90	1	2022-07-07 11:21:00	porttitor scelerisque neque. Nullam nisl. Maecenas malesuada fringilla est. Mauris eu
1493	77	8	2	2021-09-15 03:44:00	habitant morbi tristique senectus et netus et malesuada fames ac turpis egestas.
1494	38	14	2	2022-05-13 11:17:00	pellentesque, tellus sem mollis dui, in sodales elit erat vitae
1495	71	31	3	2022-07-12 04:15:00	id, mollis nec, cursus a, enim. Suspendisse aliquet, sem ut cursus luctus, ipsum
1496	17	63	1	2022-04-01 05:32:00	non sapien molestie orci tincidunt adipiscing. Mauris molestie pharetra nibh. Aliquam ornare, libero at auctor ullamcorper, nisl arcu
1497	10	74	2	2022-07-06 02:25:00	et netus et malesuada fames ac turpis egestas. Fusce aliquet magna
1498	65	18	3	2022-08-03 03:31:00	condimentum. Donec at arcu. Vestibulum ante ipsum primis in faucibus orci
1499	89	40	2	2022-03-13 09:22:00	commodo ipsum. Suspendisse non leo. Vivamus nibh dolor, nonummy ac, feugiat non, lobortis quis, pede. Suspendisse dui. Fusce
1500	69	96	1	2022-07-24 01:07:00	cubilia Curae Phasellus ornare. Fusce mollis. Duis sit amet diam eu dolor egestas rhoncus. Proin nisl sem, consequat
1501	36	57	2	2022-06-15 11:53:00	turpis vitae purus gravida sagittis. Duis gravida. Praesent eu nulla at sem molestie sodales.
1502	98	10	1	2022-04-24 05:48:00	aliquam, enim nec tempus scelerisque, lorem ipsum sodales purus, in molestie tortor nibh sit amet orci. Ut
1503	19	90	2	2022-05-11 04:27:00	Ut tincidunt vehicula risus. Nulla eget metus eu erat semper rutrum. Fusce
1504	94	55	2	2022-02-18 05:21:00	metus. In nec orci. Donec nibh. Quisque nonummy ipsum non arcu. Vivamus sit amet risus. Donec
1505	68	22	3	2022-03-27 01:37:00	sit amet, consectetuer adipiscing elit. Etiam laoreet, libero et tristique pellentesque, tellus sem mollis dui, in sodales elit
1506	49	84	2	2022-08-28 07:17:00	In at pede. Cras vulputate velit eu sem. Pellentesque ut ipsum ac mi eleifend
1507	46	8	3	2022-08-28 04:41:00	nonummy. Fusce fermentum fermentum arcu. Vestibulum ante ipsum primis in faucibus orci
1508	78	19	2	2022-05-17 10:55:00	tincidunt orci quis lectus. Nullam suscipit, est ac facilisis facilisis, magna tellus faucibus leo,
1509	56	61	1	2022-06-10 08:19:00	elit elit fermentum risus, at fringilla purus mauris a nunc. In at pede.
1510	31	79	2	2022-03-17 02:24:00	libero est, congue a, aliquet vel, vulputate eu, odio. Phasellus at augue id ante dictum cursus. Nunc mauris
1511	2	20	1	2022-09-05 05:03:00	nunc est, mollis non, cursus non, egestas a, dui. Cras pellentesque. Sed
1512	39	61	3	2022-06-26 01:01:00	sodales at, velit. Pellentesque ultricies dignissim lacus. Aliquam rutrum lorem ac risus. Morbi metus. Vivamus euismod urna.
1513	42	3	2	2021-11-20 10:33:00	tempor diam dictum sapien. Aenean massa. Integer vitae nibh. Donec est mauris, rhoncus
1514	21	9	2	2022-06-19 06:40:00	tempor diam dictum sapien. Aenean massa. Integer vitae nibh. Donec est mauris, rhoncus id, mollis nec, cursus
1515	73	28	2	2021-10-30 06:39:00	dolor, tempus non, lacinia at, iaculis quis, pede. Praesent eu dui. Cum sociis natoque penatibus et magnis dis parturient montes,
1516	36	75	3	2022-07-09 11:35:00	ac ipsum. Phasellus vitae mauris sit amet lorem semper auctor. Mauris vel turpis.
1517	87	71	2	2022-02-09 01:16:00	convallis dolor. Quisque tincidunt pede ac urna. Ut tincidunt vehicula risus. Nulla eget metus
1674	62	74	2	2021-11-17 09:31:00	dignissim magna a tortor. Nunc commodo auctor velit. Aliquam nisl. Nulla eu
1518	37	54	3	2022-01-08 04:44:00	tempus eu, ligula. Aenean euismod mauris eu elit. Nulla facilisi. Sed neque. Sed
1519	52	1	2	2021-12-04 02:04:00	Nullam scelerisque neque sed sem egestas blandit. Nam nulla magna, malesuada vel, convallis
1520	76	26	1	2022-01-23 02:19:00	In tincidunt congue turpis. In condimentum. Donec at arcu. Vestibulum ante ipsum primis in faucibus orci
1521	91	53	2	2022-03-13 09:19:00	lectus sit amet luctus vulputate, nisi sem semper erat, in
1522	15	69	2	2021-12-24 11:18:00	malesuada ut, sem. Nulla interdum. Curabitur dictum. Phasellus in felis. Nulla
1523	94	92	2	2021-09-20 11:01:00	ipsum. Suspendisse non leo. Vivamus nibh dolor, nonummy ac, feugiat non, lobortis quis, pede. Suspendisse dui. Fusce
1524	65	41	2	2022-01-29 08:26:00	adipiscing, enim mi tempor lorem, eget mollis lectus pede et risus. Quisque libero lacus, varius et, euismod et,
1525	68	35	3	2022-03-23 02:24:00	eu turpis. Nulla aliquet. Proin velit. Sed malesuada augue ut lacus. Nulla tincidunt, neque vitae semper
1526	15	23	2	2022-01-17 01:49:00	sit amet massa. Quisque porttitor eros nec tellus. Nunc lectus pede, ultrices a, auctor non,
1527	43	69	2	2022-06-11 05:52:00	tellus id nunc interdum feugiat. Sed nec metus facilisis lorem tristique aliquet. Phasellus fermentum
1528	67	49	3	2022-02-08 10:30:00	risus odio, auctor vitae, aliquet nec, imperdiet nec, leo. Morbi neque tellus, imperdiet non,
1529	50	1	2	2022-09-01 02:37:00	parturient montes, nascetur ridiculus mus. Proin vel arcu eu odio tristique
1530	12	98	1	2022-06-13 12:46:00	ultrices sit amet, risus. Donec nibh enim, gravida sit amet, dapibus id, blandit
1531	57	69	1	2022-08-30 06:31:00	lectus ante dictum mi, ac mattis velit justo nec ante. Maecenas mi felis, adipiscing fringilla,
1532	96	67	2	2021-12-16 03:12:00	ac turpis egestas. Fusce aliquet magna a neque. Nullam ut nisi a odio semper cursus. Integer mollis. Integer tincidunt
1533	56	53	2	2021-10-07 09:05:00	diam lorem, auctor quis, tristique ac, eleifend vitae, erat. Vivamus nisi. Mauris nulla. Integer
1534	13	91	2	2021-09-28 06:25:00	consectetuer adipiscing elit. Aliquam auctor, velit eget laoreet posuere, enim nisl elementum purus, accumsan interdum libero
1535	97	48	2	2022-06-01 03:54:00	nec mauris blandit mattis. Cras eget nisi dictum augue malesuada malesuada. Integer id magna et ipsum cursus vestibulum.
1536	24	99	1	2022-08-08 01:34:00	Nam interdum enim non nisi. Aenean eget metus. In nec orci. Donec
1537	31	52	1	2022-07-05 05:05:00	venenatis a, magna. Lorem ipsum dolor sit amet, consectetuer adipiscing elit. Etiam laoreet,
1538	50	91	2	2021-09-20 09:52:00	mi enim, condimentum eget, volutpat ornare, facilisis eget, ipsum. Donec sollicitudin adipiscing ligula. Aenean gravida
1539	78	61	1	2022-05-25 05:59:00	Duis dignissim tempor arcu. Vestibulum ut eros non enim commodo hendrerit. Donec
1540	84	28	2	2021-10-03 04:43:00	urna. Nunc quis arcu vel quam dignissim pharetra. Nam ac nulla. In tincidunt congue turpis. In condimentum.
1541	73	23	3	2022-05-23 05:25:00	semper. Nam tempor diam dictum sapien. Aenean massa. Integer vitae nibh. Donec est
1542	51	25	1	2022-01-22 03:05:00	nascetur ridiculus mus. Aenean eget magna. Suspendisse tristique neque venenatis lacus.
1543	8	65	2	2022-05-29 06:32:00	vehicula risus. Nulla eget metus eu erat semper rutrum. Fusce dolor quam, elementum at, egestas a, scelerisque
1544	98	92	2	2022-09-02 05:11:00	vel est tempor bibendum. Donec felis orci, adipiscing non, luctus sit amet, faucibus ut, nulla. Cras eu tellus eu
1545	42	4	2	2022-04-22 12:25:00	sem ut dolor dapibus gravida. Aliquam tincidunt, nunc ac mattis ornare, lectus ante dictum mi, ac mattis velit
1546	5	15	3	2022-01-25 01:34:00	nibh. Donec est mauris, rhoncus id, mollis nec, cursus a, enim. Suspendisse aliquet, sem
1547	53	66	2	2022-08-19 11:26:00	consequat nec, mollis vitae, posuere at, velit. Cras lorem lorem, luctus ut, pellentesque eget, dictum placerat, augue. Sed molestie.
1548	77	2	2	2021-09-17 05:34:00	lorem fringilla ornare placerat, orci lacus vestibulum lorem, sit amet ultricies sem magna nec quam. Curabitur vel
1549	74	40	2	2021-11-03 03:32:00	Proin eget odio. Aliquam vulputate ullamcorper magna. Sed eu eros. Nam consequat dolor vitae dolor.
1550	20	15	3	2022-05-01 09:58:00	ligula elit, pretium et, rutrum non, hendrerit id, ante. Nunc mauris sapien, cursus in, hendrerit consectetuer, cursus et,
1551	42	48	2	2022-06-20 10:27:00	eget magna. Suspendisse tristique neque venenatis lacus. Etiam bibendum fermentum metus. Aenean sed pede nec
1552	95	62	1	2022-07-28 02:53:00	eget laoreet posuere, enim nisl elementum purus, accumsan interdum libero dui
1553	44	93	3	2022-09-04 06:48:00	feugiat nec, diam. Duis mi enim, condimentum eget, volutpat ornare, facilisis eget, ipsum. Donec sollicitudin adipiscing
1554	84	35	2	2021-10-21 08:15:00	enim. Curabitur massa. Vestibulum accumsan neque et nunc. Quisque ornare tortor at risus. Nunc ac
1555	70	96	3	2022-03-28 07:53:00	quam. Pellentesque habitant morbi tristique senectus et netus et malesuada fames ac turpis egestas. Aliquam fringilla cursus purus. Nullam
1556	72	46	1	2022-09-01 07:05:00	tempus risus. Donec egestas. Duis ac arcu. Nunc mauris. Morbi non sapien molestie orci
1557	8	74	1	2022-02-26 10:20:00	massa. Mauris vestibulum, neque sed dictum eleifend, nunc risus varius orci, in consequat enim diam vel
1558	94	95	3	2022-03-10 09:59:00	fringilla purus mauris a nunc. In at pede. Cras vulputate velit eu sem. Pellentesque ut ipsum ac
1559	6	35	2	2021-10-10 03:31:00	orci quis lectus. Nullam suscipit, est ac facilisis facilisis, magna tellus faucibus
1560	92	4	2	2022-06-29 08:04:00	elementum at, egestas a, scelerisque sed, sapien. Nunc pulvinar arcu et pede. Nunc sed orci lobortis augue
1561	4	18	2	2022-08-31 03:33:00	Proin ultrices. Duis volutpat nunc sit amet metus. Aliquam erat volutpat. Nulla
1562	95	94	1	2021-11-17 04:11:00	velit in aliquet lobortis, nisi nibh lacinia orci, consectetuer euismod est arcu ac orci. Ut
1563	24	46	1	2022-01-11 02:21:00	dictum augue malesuada malesuada. Integer id magna et ipsum cursus vestibulum.
1564	24	21	3	2021-12-07 01:22:00	libero est, congue a, aliquet vel, vulputate eu, odio. Phasellus at augue id ante dictum cursus.
1565	19	25	3	2022-04-22 06:54:00	dictum ultricies ligula. Nullam enim. Sed nulla ante, iaculis nec, eleifend non, dapibus rutrum, justo. Praesent luctus.
1566	98	78	1	2022-08-06 06:23:00	ac libero nec ligula consectetuer rhoncus. Nullam velit dui, semper et, lacinia
1567	92	68	2	2021-12-29 06:15:00	nulla. Integer urna. Vivamus molestie dapibus ligula. Aliquam erat volutpat. Nulla dignissim. Maecenas ornare egestas ligula. Nullam feugiat
1568	48	94	2	2022-03-05 01:54:00	nec urna et arcu imperdiet ullamcorper. Duis at lacus. Quisque purus sapien,
1569	49	3	2	2022-08-28 10:23:00	lorem ac risus. Morbi metus. Vivamus euismod urna. Nullam lobortis quam a felis ullamcorper viverra. Maecenas iaculis aliquet diam.
1570	53	27	2	2022-01-19 12:04:00	tellus. Aenean egestas hendrerit neque. In ornare sagittis felis. Donec tempor, est ac
1571	54	34	1	2022-05-26 05:37:00	sit amet, consectetuer adipiscing elit. Etiam laoreet, libero et tristique pellentesque, tellus
1572	26	85	3	2022-05-14 04:35:00	a odio semper cursus. Integer mollis. Integer tincidunt aliquam arcu. Aliquam ultrices iaculis odio.
1573	76	31	2	2022-08-16 09:35:00	sit amet risus. Donec egestas. Aliquam nec enim. Nunc ut erat. Sed nunc est, mollis non, cursus non,
1574	88	61	2	2021-12-12 08:39:00	elit. Etiam laoreet, libero et tristique pellentesque, tellus sem mollis dui, in sodales elit erat vitae risus. Duis a mi
1575	2	3	2	2022-05-20 03:57:00	tempor lorem, eget mollis lectus pede et risus. Quisque libero lacus, varius et, euismod et, commodo at, libero.
1576	3	94	3	2021-12-30 07:43:00	massa non ante bibendum ullamcorper. Duis cursus, diam at pretium aliquet, metus urna convallis erat, eget
1577	85	20	2	2022-04-19 12:41:00	sagittis semper. Nam tempor diam dictum sapien. Aenean massa. Integer vitae nibh. Donec est
1578	71	51	3	2021-10-29 02:54:00	lobortis. Class aptent taciti sociosqu ad litora torquent per conubia nostra, per inceptos hymenaeos. Mauris ut quam
1579	50	66	2	2022-03-05 06:42:00	at, egestas a, scelerisque sed, sapien. Nunc pulvinar arcu et pede. Nunc
1580	98	78	2	2021-09-27 06:45:00	non nisi. Aenean eget metus. In nec orci. Donec nibh. Quisque
1581	13	47	3	2022-07-08 10:52:00	auctor odio a purus. Duis elementum, dui quis accumsan convallis, ante lectus convallis est,
1582	53	62	1	2022-04-04 03:45:00	ante lectus convallis est, vitae sodales nisi magna sed dui. Fusce aliquam,
1583	26	66	1	2022-06-19 03:45:00	a, auctor non, feugiat nec, diam. Duis mi enim, condimentum eget, volutpat ornare, facilisis eget, ipsum. Donec sollicitudin
1584	45	82	3	2022-07-13 03:54:00	Nunc laoreet lectus quis massa. Mauris vestibulum, neque sed dictum
1585	17	70	2	2022-06-30 02:03:00	amet orci. Ut sagittis lobortis mauris. Suspendisse aliquet molestie tellus. Aenean egestas
1586	11	31	2	2022-04-07 12:42:00	sit amet luctus vulputate, nisi sem semper erat, in consectetuer ipsum
1587	71	98	2	2022-01-14 07:05:00	Duis volutpat nunc sit amet metus. Aliquam erat volutpat. Nulla facilisis. Suspendisse commodo tincidunt nibh. Phasellus
1588	73	8	2	2021-10-02 06:36:00	facilisi. Sed neque. Sed eget lacus. Mauris non dui nec urna suscipit nonummy. Fusce fermentum
1589	77	81	2	2021-11-01 07:08:00	porta elit, a feugiat tellus lorem eu metus. In lorem. Donec elementum, lorem ut aliquam
1590	41	61	3	2022-01-01 04:18:00	augue malesuada malesuada. Integer id magna et ipsum cursus vestibulum. Mauris magna. Duis dignissim tempor arcu. Vestibulum ut
1591	21	46	2	2022-08-17 04:24:00	enim. Nunc ut erat. Sed nunc est, mollis non, cursus non, egestas a, dui. Cras pellentesque. Sed dictum. Proin
1592	4	57	2	2021-11-23 06:52:00	semper. Nam tempor diam dictum sapien. Aenean massa. Integer vitae nibh. Donec est mauris, rhoncus id, mollis nec, cursus
1593	15	29	1	2021-11-08 11:17:00	mollis. Integer tincidunt aliquam arcu. Aliquam ultrices iaculis odio. Nam interdum enim non nisi.
1594	52	71	3	2022-08-29 01:44:00	libero est, congue a, aliquet vel, vulputate eu, odio. Phasellus at augue id ante dictum cursus.
1595	4	3	2	2022-02-28 06:18:00	ante. Vivamus non lorem vitae odio sagittis semper. Nam tempor diam dictum sapien.
1596	67	54	2	2021-11-24 08:42:00	Curabitur massa. Vestibulum accumsan neque et nunc. Quisque ornare tortor at risus. Nunc ac sem ut dolor dapibus gravida.
1597	89	92	1	2021-12-08 10:52:00	iaculis aliquet diam. Sed diam lorem, auctor quis, tristique ac, eleifend vitae, erat. Vivamus nisi. Mauris nulla. Integer
1598	85	55	3	2022-05-11 06:51:00	dolor, tempus non, lacinia at, iaculis quis, pede. Praesent eu dui. Cum sociis natoque penatibus et magnis
1599	38	98	2	2022-08-30 09:03:00	turpis non enim. Mauris quis turpis vitae purus gravida sagittis. Duis gravida. Praesent eu nulla
1600	52	90	2	2022-07-29 08:28:00	libero nec ligula consectetuer rhoncus. Nullam velit dui, semper et, lacinia vitae, sodales at, velit. Pellentesque ultricies dignissim
1601	75	36	2	2021-09-21 06:04:00	vulputate, posuere vulputate, lacus. Cras interdum. Nunc sollicitudin commodo ipsum. Suspendisse non leo. Vivamus nibh dolor, nonummy ac,
1602	27	77	2	2022-09-07 11:47:00	a, malesuada id, erat. Etiam vestibulum massa rutrum magna. Cras convallis
1603	97	82	3	2022-01-12 10:21:00	sem egestas blandit. Nam nulla magna, malesuada vel, convallis in, cursus et, eros.
1604	83	21	3	2022-06-22 06:59:00	neque vitae semper egestas, urna justo faucibus lectus, a sollicitudin orci sem eget massa. Suspendisse eleifend. Cras
1605	55	3	2	2021-12-16 03:38:00	sed libero. Proin sed turpis nec mauris blandit mattis. Cras eget nisi dictum augue malesuada malesuada.
1606	43	71	3	2021-10-15 03:31:00	nulla. Cras eu tellus eu augue porttitor interdum. Sed auctor odio a purus. Duis elementum, dui quis
1607	72	79	2	2021-11-25 09:30:00	laoreet lectus quis massa. Mauris vestibulum, neque sed dictum eleifend, nunc risus varius orci, in consequat enim
1608	9	2	2	2021-11-09 03:16:00	Nunc sollicitudin commodo ipsum. Suspendisse non leo. Vivamus nibh dolor, nonummy ac, feugiat non,
1609	69	97	3	2022-08-04 01:20:00	lectus justo eu arcu. Morbi sit amet massa. Quisque porttitor eros nec
1610	23	43	2	2022-01-15 07:37:00	fermentum convallis ligula. Donec luctus aliquet odio. Etiam ligula tortor, dictum eu,
1611	60	70	3	2022-01-02 02:44:00	lacus. Ut nec urna et arcu imperdiet ullamcorper. Duis at lacus. Quisque purus sapien, gravida non, sollicitudin
1612	6	53	3	2022-02-05 09:28:00	faucibus id, libero. Donec consectetuer mauris id sapien. Cras dolor
1613	27	89	1	2022-07-19 05:49:00	vel, faucibus id, libero. Donec consectetuer mauris id sapien. Cras dolor dolor, tempus non, lacinia at,
1614	27	66	3	2021-10-11 03:56:00	pede, ultrices a, auctor non, feugiat nec, diam. Duis mi enim, condimentum eget, volutpat ornare, facilisis eget, ipsum.
1615	28	5	1	2022-02-27 02:20:00	est ac mattis semper, dui lectus rutrum urna, nec luctus felis purus ac tellus. Suspendisse sed dolor. Fusce mi
1616	58	81	2	2022-02-01 03:53:00	lectus justo eu arcu. Morbi sit amet massa. Quisque porttitor eros nec tellus. Nunc
1617	74	45	2	2021-09-23 12:45:00	egestas hendrerit neque. In ornare sagittis felis. Donec tempor, est ac mattis semper, dui lectus rutrum urna, nec
1618	8	78	2	2022-02-27 06:25:00	ullamcorper, velit in aliquet lobortis, nisi nibh lacinia orci, consectetuer euismod
1619	5	9	1	2021-10-08 05:36:00	ligula eu enim. Etiam imperdiet dictum magna. Ut tincidunt orci quis lectus. Nullam suscipit, est ac
1620	45	48	2	2022-03-16 08:30:00	euismod in, dolor. Fusce feugiat. Lorem ipsum dolor sit amet, consectetuer adipiscing elit. Aliquam auctor, velit
1621	26	93	3	2021-10-27 12:00:00	dolor dapibus gravida. Aliquam tincidunt, nunc ac mattis ornare, lectus ante dictum mi,
1622	36	71	2	2022-05-04 05:30:00	enim, sit amet ornare lectus justo eu arcu. Morbi sit amet massa. Quisque porttitor eros nec
1623	7	8	2	2022-06-23 03:40:00	Nulla aliquet. Proin velit. Sed malesuada augue ut lacus. Nulla tincidunt, neque vitae semper egestas, urna justo faucibus lectus,
1624	19	36	3	2022-04-18 03:41:00	nascetur ridiculus mus. Proin vel nisl. Quisque fringilla euismod enim. Etiam gravida molestie arcu. Sed eu nibh vulputate mauris sagittis
1625	80	70	2	2022-08-28 06:45:00	ante dictum cursus. Nunc mauris elit, dictum eu, eleifend nec, malesuada ut, sem. Nulla interdum.
1626	31	86	2	2021-10-17 07:32:00	dui lectus rutrum urna, nec luctus felis purus ac tellus. Suspendisse sed dolor. Fusce mi lorem, vehicula et, rutrum
1627	74	72	2	2021-09-22 01:17:00	tellus sem mollis dui, in sodales elit erat vitae risus. Duis a mi fringilla mi lacinia mattis. Integer
1628	27	85	1	2022-03-22 03:37:00	commodo at, libero. Morbi accumsan laoreet ipsum. Curabitur consequat, lectus sit amet luctus vulputate, nisi sem semper erat,
1629	83	69	3	2022-01-17 07:45:00	sollicitudin commodo ipsum. Suspendisse non leo. Vivamus nibh dolor, nonummy ac, feugiat
1630	61	16	2	2021-12-16 10:10:00	et magnis dis parturient montes, nascetur ridiculus mus. Proin vel arcu eu odio tristique pharetra. Quisque ac libero
1631	84	100	1	2022-07-21 06:13:00	posuere cubilia Curae Phasellus ornare. Fusce mollis. Duis sit amet diam eu dolor
1632	93	32	2	2022-03-01 11:29:00	ultrices sit amet, risus. Donec nibh enim, gravida sit amet, dapibus id, blandit at, nisi.
1633	14	93	1	2021-12-13 10:09:00	consectetuer adipiscing elit. Etiam laoreet, libero et tristique pellentesque, tellus sem mollis dui, in sodales elit erat
1634	99	50	2	2022-06-12 01:43:00	eu erat semper rutrum. Fusce dolor quam, elementum at, egestas a, scelerisque
1635	9	64	1	2021-10-28 06:23:00	Donec felis orci, adipiscing non, luctus sit amet, faucibus ut, nulla. Cras eu tellus eu augue porttitor interdum.
1636	61	85	3	2022-07-17 11:20:00	Aenean gravida nunc sed pede. Cum sociis natoque penatibus et magnis dis parturient montes, nascetur ridiculus
1637	81	64	2	2021-12-11 10:10:00	Nam consequat dolor vitae dolor. Donec fringilla. Donec feugiat metus sit
1638	81	47	2	2021-11-21 06:59:00	vel, mauris. Integer sem elit, pharetra ut, pharetra sed, hendrerit a, arcu. Sed et libero. Proin
1639	56	81	2	2021-12-05 03:45:00	blandit viverra. Donec tempus, lorem fringilla ornare placerat, orci lacus vestibulum lorem, sit amet ultricies
1640	3	59	3	2022-06-20 08:58:00	euismod enim. Etiam gravida molestie arcu. Sed eu nibh vulputate mauris
1641	7	7	1	2022-02-24 10:24:00	arcu. Curabitur ut odio vel est tempor bibendum. Donec felis orci, adipiscing non, luctus sit amet, faucibus ut, nulla.
1642	4	58	1	2022-02-03 04:33:00	diam luctus lobortis. Class aptent taciti sociosqu ad litora torquent per conubia nostra, per
1643	18	73	3	2021-09-20 12:04:00	turpis vitae purus gravida sagittis. Duis gravida. Praesent eu nulla at sem molestie sodales. Mauris blandit enim
1644	49	94	1	2022-03-10 07:28:00	Vivamus molestie dapibus ligula. Aliquam erat volutpat. Nulla dignissim. Maecenas ornare egestas ligula. Nullam feugiat placerat velit. Quisque
1645	41	66	2	2021-12-06 08:18:00	auctor odio a purus. Duis elementum, dui quis accumsan convallis, ante lectus
1646	78	41	2	2022-02-24 01:00:00	arcu ac orci. Ut semper pretium neque. Morbi quis urna. Nunc quis arcu vel quam dignissim
1647	3	9	2	2022-08-07 02:00:00	leo, in lobortis tellus justo sit amet nulla. Donec non justo. Proin non massa non ante bibendum ullamcorper.
1648	47	55	3	2022-01-17 06:55:00	et magnis dis parturient montes, nascetur ridiculus mus. Aenean eget magna. Suspendisse tristique neque
1649	77	20	2	2022-07-25 05:35:00	amet ornare lectus justo eu arcu. Morbi sit amet massa. Quisque porttitor eros nec tellus. Nunc lectus pede,
1650	17	10	1	2022-02-14 05:39:00	vel nisl. Quisque fringilla euismod enim. Etiam gravida molestie arcu. Sed eu nibh vulputate
1651	21	8	1	2022-07-14 08:55:00	fringilla purus mauris a nunc. In at pede. Cras vulputate velit eu
1652	68	12	2	2022-05-10 06:32:00	sed leo. Cras vehicula aliquet libero. Integer in magna. Phasellus dolor elit,
1653	90	87	2	2021-10-07 10:13:00	pede, malesuada vel, venenatis vel, faucibus id, libero. Donec consectetuer mauris id sapien. Cras dolor dolor, tempus non, lacinia
1654	2	78	3	2022-07-15 06:36:00	Vivamus sit amet risus. Donec egestas. Aliquam nec enim. Nunc ut erat. Sed
1655	97	73	1	2021-10-30 10:03:00	sed dictum eleifend, nunc risus varius orci, in consequat enim diam vel arcu. Curabitur ut odio
1656	65	73	2	2021-10-30 12:46:00	amet ultricies sem magna nec quam. Curabitur vel lectus. Cum sociis natoque penatibus et
1657	14	94	2	2021-10-03 10:42:00	lacus. Mauris non dui nec urna suscipit nonummy. Fusce fermentum fermentum arcu. Vestibulum ante ipsum primis in faucibus orci
1658	86	70	3	2022-03-23 03:14:00	velit. Cras lorem lorem, luctus ut, pellentesque eget, dictum placerat, augue. Sed molestie.
1659	60	32	2	2021-12-11 09:50:00	non, bibendum sed, est. Nunc laoreet lectus quis massa. Mauris vestibulum,
1660	52	86	3	2022-06-25 08:01:00	risus. Donec egestas. Aliquam nec enim. Nunc ut erat. Sed nunc est, mollis non, cursus non, egestas a, dui.
1661	1	1	3	2022-06-19 02:53:00	Integer aliquam adipiscing lacus. Ut nec urna et arcu imperdiet ullamcorper. Duis at lacus. Quisque purus sapien, gravida non,
1662	5	11	3	2021-09-19 11:12:00	dignissim tempor arcu. Vestibulum ut eros non enim commodo hendrerit. Donec porttitor tellus non
1663	83	50	3	2022-03-31 03:01:00	porttitor vulputate, posuere vulputate, lacus. Cras interdum. Nunc sollicitudin commodo ipsum. Suspendisse non leo. Vivamus nibh
1664	63	31	3	2021-10-31 03:04:00	erat semper rutrum. Fusce dolor quam, elementum at, egestas a, scelerisque sed, sapien. Nunc pulvinar
1665	88	88	2	2022-08-25 01:14:00	cursus luctus, ipsum leo elementum sem, vitae aliquam eros turpis non
1666	37	16	3	2022-04-17 08:39:00	et malesuada fames ac turpis egestas. Fusce aliquet magna a neque. Nullam ut
1667	14	87	3	2022-04-08 07:24:00	feugiat. Lorem ipsum dolor sit amet, consectetuer adipiscing elit. Aliquam auctor, velit eget laoreet posuere,
1668	79	52	2	2022-01-21 07:08:00	amet ante. Vivamus non lorem vitae odio sagittis semper. Nam tempor diam
1669	69	57	1	2022-07-31 10:49:00	nec, malesuada ut, sem. Nulla interdum. Curabitur dictum. Phasellus in felis. Nulla tempor augue ac ipsum. Phasellus vitae mauris
1670	69	98	3	2022-08-14 03:02:00	pede nec ante blandit viverra. Donec tempus, lorem fringilla ornare placerat, orci
1671	36	21	2	2022-06-24 02:28:00	enim, sit amet ornare lectus justo eu arcu. Morbi sit amet massa. Quisque porttitor eros nec tellus. Nunc lectus pede,
1672	62	93	3	2022-02-18 05:37:00	urna, nec luctus felis purus ac tellus. Suspendisse sed dolor. Fusce mi
1673	17	16	2	2022-04-05 01:06:00	vehicula aliquet libero. Integer in magna. Phasellus dolor elit, pellentesque a,
1675	48	93	2	2021-11-25 07:18:00	augue ut lacus. Nulla tincidunt, neque vitae semper egestas, urna
1676	83	60	3	2021-11-16 06:40:00	velit. Sed malesuada augue ut lacus. Nulla tincidunt, neque vitae semper egestas, urna justo
1677	8	24	2	2022-01-21 09:44:00	quis diam. Pellentesque habitant morbi tristique senectus et netus et malesuada fames ac turpis egestas. Fusce aliquet magna
1678	85	44	2	2022-04-25 06:56:00	ac orci. Ut semper pretium neque. Morbi quis urna. Nunc quis arcu vel quam dignissim pharetra. Nam
1679	28	64	3	2021-10-27 06:01:00	luctus, ipsum leo elementum sem, vitae aliquam eros turpis non enim. Mauris
1680	6	48	1	2022-04-15 04:35:00	nisl. Quisque fringilla euismod enim. Etiam gravida molestie arcu. Sed eu
1681	9	96	3	2021-10-02 03:48:00	orci luctus et ultrices posuere cubilia Curae Phasellus ornare. Fusce mollis. Duis
1682	80	27	3	2021-10-02 01:59:00	consectetuer, cursus et, magna. Praesent interdum ligula eu enim. Etiam imperdiet dictum magna. Ut tincidunt orci
1683	11	34	3	2022-04-17 04:44:00	dolor. Donec fringilla. Donec feugiat metus sit amet ante. Vivamus non lorem vitae odio
1684	16	67	2	2022-05-19 03:49:00	eu, euismod ac, fermentum vel, mauris. Integer sem elit, pharetra ut, pharetra sed, hendrerit a, arcu.
1685	32	82	3	2022-04-28 04:36:00	pellentesque a, facilisis non, bibendum sed, est. Nunc laoreet lectus quis massa. Mauris vestibulum, neque sed dictum eleifend,
1686	35	49	2	2022-08-30 12:19:00	sociis natoque penatibus et magnis dis parturient montes, nascetur ridiculus mus. Proin vel arcu eu
1687	67	9	3	2021-10-05 10:19:00	Mauris magna. Duis dignissim tempor arcu. Vestibulum ut eros non enim commodo hendrerit. Donec
1688	33	1	3	2022-01-28 07:27:00	vitae erat vel pede blandit congue. In scelerisque scelerisque dui. Suspendisse ac metus vitae velit egestas lacinia. Sed
1689	27	98	3	2021-12-04 10:14:00	magna. Phasellus dolor elit, pellentesque a, facilisis non, bibendum sed, est. Nunc laoreet lectus quis massa. Mauris
1690	27	81	2	2022-07-05 08:18:00	justo sit amet nulla. Donec non justo. Proin non massa non ante bibendum ullamcorper.
1691	12	39	1	2022-01-16 07:55:00	ullamcorper, nisl arcu iaculis enim, sit amet ornare lectus justo eu arcu. Morbi sit amet massa.
1692	37	50	1	2022-03-17 05:34:00	purus mauris a nunc. In at pede. Cras vulputate velit eu sem. Pellentesque ut ipsum ac mi eleifend egestas. Sed
1693	24	10	2	2022-05-19 11:04:00	luctus lobortis. Class aptent taciti sociosqu ad litora torquent per conubia nostra, per inceptos hymenaeos. Mauris
1694	95	51	2	2021-12-18 05:58:00	vel, faucibus id, libero. Donec consectetuer mauris id sapien. Cras dolor dolor, tempus non, lacinia at, iaculis
1695	45	51	3	2022-08-19 02:29:00	placerat velit. Quisque varius. Nam porttitor scelerisque neque. Nullam nisl. Maecenas malesuada fringilla est. Mauris eu
1696	70	49	1	2022-03-16 12:06:00	dui, in sodales elit erat vitae risus. Duis a mi fringilla mi lacinia mattis. Integer eu lacus. Quisque
1697	74	43	2	2022-08-05 05:48:00	auctor, velit eget laoreet posuere, enim nisl elementum purus, accumsan interdum
1698	96	8	2	2021-11-22 01:14:00	consequat purus. Maecenas libero est, congue a, aliquet vel, vulputate
1699	21	71	2	2022-01-01 10:04:00	quam vel sapien imperdiet ornare. In faucibus. Morbi vehicula. Pellentesque tincidunt tempus
1700	67	46	2	2021-09-21 06:49:00	ipsum dolor sit amet, consectetuer adipiscing elit. Aliquam auctor, velit eget laoreet posuere, enim nisl elementum
1701	89	86	3	2022-06-12 01:45:00	nec tempus scelerisque, lorem ipsum sodales purus, in molestie tortor nibh sit amet orci.
1702	57	29	3	2022-08-31 10:30:00	Sed congue, elit sed consequat auctor, nunc nulla vulputate dui, nec
1703	61	46	3	2022-08-21 12:44:00	dictum sapien. Aenean massa. Integer vitae nibh. Donec est mauris, rhoncus id, mollis
1704	41	73	1	2021-10-08 02:47:00	Sed dictum. Proin eget odio. Aliquam vulputate ullamcorper magna. Sed eu eros. Nam consequat dolor vitae dolor.
1705	38	65	1	2022-06-03 10:09:00	magna. Cras convallis convallis dolor. Quisque tincidunt pede ac urna. Ut tincidunt vehicula risus. Nulla eget
1706	19	59	2	2022-05-02 02:22:00	justo sit amet nulla. Donec non justo. Proin non massa non ante bibendum
1707	49	98	2	2022-02-26 06:16:00	bibendum fermentum metus. Aenean sed pede nec ante blandit viverra. Donec
1708	55	60	2	2021-11-18 08:49:00	enim, sit amet ornare lectus justo eu arcu. Morbi sit amet massa. Quisque porttitor
1709	12	93	2	2022-03-07 07:38:00	dui. Suspendisse ac metus vitae velit egestas lacinia. Sed congue, elit sed consequat auctor, nunc nulla vulputate
1710	59	24	1	2021-12-16 04:31:00	id, blandit at, nisi. Cum sociis natoque penatibus et magnis dis parturient montes, nascetur ridiculus mus. Proin vel nisl.
1711	55	18	2	2022-05-02 01:32:00	diam. Proin dolor. Nulla semper tellus id nunc interdum feugiat. Sed nec metus facilisis lorem tristique
1712	12	27	2	2021-12-06 01:41:00	aliquam adipiscing lacus. Ut nec urna et arcu imperdiet ullamcorper. Duis at
1713	4	86	2	2022-03-06 01:10:00	Quisque imperdiet, erat nonummy ultricies ornare, elit elit fermentum risus, at fringilla purus mauris a nunc. In at
1714	29	26	3	2021-10-27 11:27:00	Aliquam nec enim. Nunc ut erat. Sed nunc est, mollis non, cursus non, egestas a, dui. Cras pellentesque. Sed
1715	53	23	2	2022-05-10 12:14:00	ac libero nec ligula consectetuer rhoncus. Nullam velit dui, semper et, lacinia vitae, sodales
1716	97	32	2	2021-12-16 01:52:00	fermentum vel, mauris. Integer sem elit, pharetra ut, pharetra sed, hendrerit a, arcu.
1717	40	50	2	2022-06-15 05:42:00	quis lectus. Nullam suscipit, est ac facilisis facilisis, magna tellus faucibus
1718	29	76	2	2021-12-25 01:49:00	Integer vitae nibh. Donec est mauris, rhoncus id, mollis nec, cursus a, enim. Suspendisse aliquet, sem ut cursus luctus, ipsum
1719	64	58	1	2022-07-25 12:52:00	non magna. Nam ligula elit, pretium et, rutrum non, hendrerit id, ante. Nunc
1720	44	39	1	2021-11-17 04:24:00	Quisque tincidunt pede ac urna. Ut tincidunt vehicula risus. Nulla eget metus eu erat semper rutrum. Fusce dolor
1721	44	54	3	2022-02-13 07:38:00	sit amet, consectetuer adipiscing elit. Aliquam auctor, velit eget laoreet
1722	13	85	3	2022-02-21 12:04:00	Donec dignissim magna a tortor. Nunc commodo auctor velit. Aliquam nisl. Nulla eu neque pellentesque massa lobortis ultrices.
1723	5	85	1	2022-03-17 11:27:00	morbi tristique senectus et netus et malesuada fames ac turpis egestas. Fusce aliquet magna a neque. Nullam ut
1724	18	53	3	2021-11-02 07:47:00	nonummy ac, feugiat non, lobortis quis, pede. Suspendisse dui. Fusce diam nunc, ullamcorper eu, euismod ac, fermentum
1725	83	14	2	2022-04-23 06:42:00	Sed congue, elit sed consequat auctor, nunc nulla vulputate dui, nec tempus mauris erat eget ipsum. Suspendisse sagittis. Nullam vitae
1726	8	23	3	2022-01-30 05:32:00	tincidunt congue turpis. In condimentum. Donec at arcu. Vestibulum ante ipsum primis in faucibus orci luctus et
1727	10	18	2	2021-10-24 11:10:00	vel, mauris. Integer sem elit, pharetra ut, pharetra sed, hendrerit a, arcu. Sed et libero.
1728	30	62	3	2022-06-30 08:02:00	mattis velit justo nec ante. Maecenas mi felis, adipiscing fringilla, porttitor vulputate, posuere vulputate, lacus. Cras
1729	80	60	3	2022-04-05 05:31:00	pretium aliquet, metus urna convallis erat, eget tincidunt dui augue eu
1730	22	55	2	2021-10-21 07:09:00	nisi a odio semper cursus. Integer mollis. Integer tincidunt aliquam arcu. Aliquam ultrices iaculis odio. Nam interdum
1731	77	6	2	2021-11-30 08:36:00	ultricies dignissim lacus. Aliquam rutrum lorem ac risus. Morbi metus. Vivamus euismod urna. Nullam lobortis quam
1732	4	74	2	2022-02-07 08:03:00	nibh enim, gravida sit amet, dapibus id, blandit at, nisi. Cum sociis natoque penatibus et magnis dis parturient
1733	17	29	1	2022-01-29 11:33:00	nec ante. Maecenas mi felis, adipiscing fringilla, porttitor vulputate, posuere vulputate, lacus.
1734	82	40	2	2022-01-21 01:56:00	pede, malesuada vel, venenatis vel, faucibus id, libero. Donec consectetuer mauris id sapien. Cras dolor dolor,
1735	23	38	2	2022-01-13 09:39:00	Sed neque. Sed eget lacus. Mauris non dui nec urna suscipit nonummy. Fusce fermentum fermentum arcu. Vestibulum ante
1736	63	43	2	2022-08-08 11:16:00	feugiat metus sit amet ante. Vivamus non lorem vitae odio sagittis semper. Nam tempor diam
1737	50	78	1	2021-11-12 03:01:00	ante bibendum ullamcorper. Duis cursus, diam at pretium aliquet, metus urna convallis
1738	63	100	1	2021-11-07 03:02:00	turpis. In condimentum. Donec at arcu. Vestibulum ante ipsum primis in
1739	69	97	2	2022-04-02 06:46:00	ornare, elit elit fermentum risus, at fringilla purus mauris a nunc. In at
1740	82	69	2	2022-06-23 01:56:00	vel arcu eu odio tristique pharetra. Quisque ac libero nec ligula consectetuer rhoncus. Nullam velit dui, semper et, lacinia
1741	87	15	3	2021-11-11 02:39:00	mauris sagittis placerat. Cras dictum ultricies ligula. Nullam enim. Sed nulla ante, iaculis nec, eleifend non,
1742	48	78	2	2021-11-17 02:03:00	commodo auctor velit. Aliquam nisl. Nulla eu neque pellentesque massa lobortis ultrices. Vivamus rhoncus. Donec est. Nunc
1743	78	2	1	2021-10-24 08:52:00	pharetra. Nam ac nulla. In tincidunt congue turpis. In condimentum. Donec at arcu. Vestibulum ante ipsum primis
1744	79	14	2	2022-06-21 10:28:00	Fusce mi lorem, vehicula et, rutrum eu, ultrices sit amet, risus. Donec nibh enim, gravida sit
1745	88	35	1	2022-06-26 06:09:00	odio a purus. Duis elementum, dui quis accumsan convallis, ante lectus
1746	52	43	2	2022-03-30 02:44:00	Suspendisse commodo tincidunt nibh. Phasellus nulla. Integer vulputate, risus a ultricies
1747	6	95	2	2021-10-21 12:52:00	volutpat. Nulla facilisis. Suspendisse commodo tincidunt nibh. Phasellus nulla. Integer vulputate, risus a ultricies adipiscing, enim mi tempor lorem, eget
1748	14	17	2	2022-09-01 12:00:00	varius ultrices, mauris ipsum porta elit, a feugiat tellus lorem eu metus. In lorem. Donec elementum,
1749	62	71	2	2022-07-08 07:00:00	at, velit. Pellentesque ultricies dignissim lacus. Aliquam rutrum lorem ac risus. Morbi metus. Vivamus euismod urna. Nullam
1750	66	74	3	2022-01-15 01:18:00	iaculis enim, sit amet ornare lectus justo eu arcu. Morbi sit amet
1751	73	51	2	2021-12-12 10:53:00	nonummy ultricies ornare, elit elit fermentum risus, at fringilla purus mauris a nunc. In
1752	81	20	2	2022-07-21 12:49:00	egestas blandit. Nam nulla magna, malesuada vel, convallis in, cursus et, eros. Proin ultrices. Duis volutpat nunc sit amet metus.
1753	61	70	3	2022-08-27 09:04:00	semper cursus. Integer mollis. Integer tincidunt aliquam arcu. Aliquam ultrices iaculis odio. Nam interdum
1754	50	35	2	2022-06-07 05:39:00	consequat enim diam vel arcu. Curabitur ut odio vel est tempor
1755	9	42	2	2022-09-05 12:03:00	faucibus id, libero. Donec consectetuer mauris id sapien. Cras dolor dolor, tempus
1756	19	31	1	2022-05-08 11:51:00	tellus faucibus leo, in lobortis tellus justo sit amet nulla. Donec non justo.
1757	28	30	3	2022-07-21 11:23:00	Cras lorem lorem, luctus ut, pellentesque eget, dictum placerat, augue. Sed molestie. Sed
1758	60	64	3	2021-11-21 08:34:00	nulla. Donec non justo. Proin non massa non ante bibendum ullamcorper. Duis cursus, diam at pretium aliquet,
1759	5	72	3	2022-09-01 05:34:00	Suspendisse eleifend. Cras sed leo. Cras vehicula aliquet libero. Integer in magna. Phasellus dolor elit, pellentesque a, facilisis non,
1760	57	82	3	2022-08-13 02:21:00	egestas nunc sed libero. Proin sed turpis nec mauris blandit
1761	29	100	2	2021-11-02 05:47:00	aliquam eros turpis non enim. Mauris quis turpis vitae purus gravida sagittis.
1762	20	68	2	2022-08-30 02:02:00	mauris eu elit. Nulla facilisi. Sed neque. Sed eget lacus. Mauris non dui nec urna suscipit
1763	22	82	2	2021-12-01 05:09:00	orci lobortis augue scelerisque mollis. Phasellus libero mauris, aliquam eu, accumsan sed, facilisis vitae, orci. Phasellus dapibus
1764	81	68	2	2022-06-27 09:51:00	eget tincidunt dui augue eu tellus. Phasellus elit pede, malesuada vel, venenatis
1765	63	71	2	2021-12-24 05:35:00	enim nec tempus scelerisque, lorem ipsum sodales purus, in molestie tortor nibh sit amet orci. Ut sagittis lobortis mauris. Suspendisse
1766	27	77	2	2022-07-20 08:41:00	elit, pellentesque a, facilisis non, bibendum sed, est. Nunc laoreet lectus quis massa. Mauris vestibulum, neque sed
1767	93	31	3	2021-10-30 03:13:00	ante dictum mi, ac mattis velit justo nec ante. Maecenas mi felis, adipiscing fringilla, porttitor vulputate, posuere vulputate,
1768	4	40	1	2022-01-07 04:12:00	turpis vitae purus gravida sagittis. Duis gravida. Praesent eu nulla at sem molestie
1769	14	62	2	2022-07-27 11:52:00	rhoncus. Nullam velit dui, semper et, lacinia vitae, sodales at, velit. Pellentesque ultricies dignissim lacus. Aliquam
1770	74	15	1	2021-11-13 02:29:00	ornare placerat, orci lacus vestibulum lorem, sit amet ultricies sem magna nec quam. Curabitur vel lectus. Cum
1771	69	56	2	2022-09-12 11:59:00	amet, faucibus ut, nulla. Cras eu tellus eu augue porttitor interdum. Sed auctor
1772	70	45	2	2021-12-02 05:07:00	arcu. Sed et libero. Proin mi. Aliquam gravida mauris ut mi. Duis risus odio, auctor vitae, aliquet
1773	27	85	2	2022-01-22 12:41:00	Morbi quis urna. Nunc quis arcu vel quam dignissim pharetra. Nam ac nulla. In tincidunt congue turpis. In
1774	40	27	2	2021-12-10 08:40:00	sem. Pellentesque ut ipsum ac mi eleifend egestas. Sed pharetra, felis eget
1775	16	81	2	2021-12-27 01:09:00	egestas hendrerit neque. In ornare sagittis felis. Donec tempor, est ac mattis semper, dui lectus
1776	39	5	1	2021-09-17 09:26:00	lorem, auctor quis, tristique ac, eleifend vitae, erat. Vivamus nisi. Mauris
1777	86	36	1	2021-12-29 09:17:00	consequat auctor, nunc nulla vulputate dui, nec tempus mauris erat eget ipsum. Suspendisse sagittis.
1778	76	90	3	2021-10-10 12:05:00	Pellentesque tincidunt tempus risus. Donec egestas. Duis ac arcu. Nunc mauris. Morbi non sapien molestie orci tincidunt adipiscing.
1779	96	33	2	2021-11-25 07:16:00	sed dolor. Fusce mi lorem, vehicula et, rutrum eu, ultrices sit amet,
1780	68	70	1	2021-11-30 12:22:00	quis lectus. Nullam suscipit, est ac facilisis facilisis, magna tellus faucibus leo, in
1781	48	40	2	2022-03-20 12:01:00	gravida nunc sed pede. Cum sociis natoque penatibus et magnis dis parturient montes, nascetur
1782	95	7	3	2021-12-27 08:01:00	Integer tincidunt aliquam arcu. Aliquam ultrices iaculis odio. Nam interdum enim non nisi. Aenean eget metus. In nec
1783	56	25	2	2021-10-22 01:43:00	hendrerit consectetuer, cursus et, magna. Praesent interdum ligula eu enim. Etiam imperdiet dictum magna. Ut tincidunt orci quis lectus. Nullam
1784	91	81	1	2022-02-09 08:15:00	dolor dapibus gravida. Aliquam tincidunt, nunc ac mattis ornare, lectus ante dictum mi,
1785	77	56	2	2022-09-12 07:14:00	et pede. Nunc sed orci lobortis augue scelerisque mollis. Phasellus
1786	87	54	1	2022-06-17 07:37:00	vulputate, posuere vulputate, lacus. Cras interdum. Nunc sollicitudin commodo ipsum. Suspendisse non leo.
1787	2	5	2	2022-06-11 04:35:00	montes, nascetur ridiculus mus. Donec dignissim magna a tortor. Nunc commodo auctor velit. Aliquam nisl. Nulla eu neque
1788	28	66	3	2021-12-25 04:06:00	turpis. Aliquam adipiscing lobortis risus. In mi pede, nonummy ut, molestie in, tempus eu, ligula. Aenean euismod mauris eu elit.
1789	44	81	3	2022-09-10 10:47:00	tellus. Suspendisse sed dolor. Fusce mi lorem, vehicula et, rutrum eu, ultrices sit amet, risus. Donec nibh enim,
1790	74	73	3	2022-05-25 06:05:00	Etiam laoreet, libero et tristique pellentesque, tellus sem mollis dui, in
1791	55	58	1	2021-11-28 08:06:00	leo. Cras vehicula aliquet libero. Integer in magna. Phasellus dolor elit, pellentesque a, facilisis non,
1792	60	95	3	2022-03-07 03:15:00	dui. Cum sociis natoque penatibus et magnis dis parturient montes, nascetur ridiculus mus. Aenean eget magna. Suspendisse tristique
1793	64	42	1	2022-02-14 12:24:00	lobortis tellus justo sit amet nulla. Donec non justo. Proin non massa non ante bibendum ullamcorper. Duis
1794	16	27	2	2022-08-25 11:53:00	ante. Nunc mauris sapien, cursus in, hendrerit consectetuer, cursus et, magna. Praesent interdum ligula eu enim. Etiam imperdiet dictum
1795	31	29	1	2022-01-05 12:48:00	mauris ut mi. Duis risus odio, auctor vitae, aliquet nec, imperdiet
1796	43	60	1	2022-02-28 03:44:00	eu lacus. Quisque imperdiet, erat nonummy ultricies ornare, elit elit fermentum risus, at
1797	86	97	1	2022-06-12 12:59:00	orci. Phasellus dapibus quam quis diam. Pellentesque habitant morbi tristique senectus et netus
1798	18	84	2	2022-04-05 08:38:00	penatibus et magnis dis parturient montes, nascetur ridiculus mus. Proin vel arcu
1799	41	99	2	2022-04-30 04:29:00	dolor dolor, tempus non, lacinia at, iaculis quis, pede. Praesent eu dui. Cum sociis natoque penatibus
1800	36	5	3	2021-12-29 07:18:00	velit. Pellentesque ultricies dignissim lacus. Aliquam rutrum lorem ac risus. Morbi metus. Vivamus
1801	93	16	3	2021-10-09 05:14:00	vulputate velit eu sem. Pellentesque ut ipsum ac mi eleifend egestas. Sed pharetra, felis eget varius ultrices, mauris ipsum porta
1802	95	57	1	2021-12-18 05:23:00	augue id ante dictum cursus. Nunc mauris elit, dictum eu, eleifend nec, malesuada ut, sem.
1803	22	21	1	2022-03-07 10:11:00	Pellentesque ut ipsum ac mi eleifend egestas. Sed pharetra, felis eget varius ultrices, mauris ipsum porta
1804	13	19	3	2022-05-06 02:21:00	faucibus lectus, a sollicitudin orci sem eget massa. Suspendisse eleifend. Cras sed
1805	29	7	3	2021-12-04 03:33:00	pede. Cum sociis natoque penatibus et magnis dis parturient montes, nascetur ridiculus mus. Proin vel arcu eu odio tristique
1806	29	69	2	2021-11-29 01:38:00	nunc id enim. Curabitur massa. Vestibulum accumsan neque et nunc. Quisque ornare tortor at risus. Nunc ac sem ut
1807	63	100	1	2022-08-08 06:59:00	dolor quam, elementum at, egestas a, scelerisque sed, sapien. Nunc pulvinar arcu et
1808	3	34	2	2022-01-31 09:03:00	ante. Maecenas mi felis, adipiscing fringilla, porttitor vulputate, posuere vulputate,
1809	6	9	2	2022-03-09 01:54:00	et, euismod et, commodo at, libero. Morbi accumsan laoreet ipsum. Curabitur consequat, lectus sit amet luctus vulputate, nisi sem semper
1810	45	51	1	2022-06-12 06:21:00	risus quis diam luctus lobortis. Class aptent taciti sociosqu ad litora
1811	68	93	3	2022-09-02 10:16:00	Nunc laoreet lectus quis massa. Mauris vestibulum, neque sed dictum eleifend, nunc risus varius orci,
1812	57	62	3	2022-01-21 02:08:00	ac mattis semper, dui lectus rutrum urna, nec luctus felis purus ac tellus. Suspendisse sed dolor. Fusce mi
1813	80	100	1	2022-05-16 02:45:00	cursus luctus, ipsum leo elementum sem, vitae aliquam eros turpis non enim. Mauris quis turpis
1814	47	7	3	2022-05-14 06:34:00	eu, placerat eget, venenatis a, magna. Lorem ipsum dolor sit
1815	98	40	1	2022-07-12 12:23:00	id enim. Curabitur massa. Vestibulum accumsan neque et nunc. Quisque ornare tortor at risus. Nunc ac sem
1816	53	56	1	2021-10-20 06:47:00	libero nec ligula consectetuer rhoncus. Nullam velit dui, semper et, lacinia
1817	60	42	3	2022-07-04 05:12:00	Aliquam nec enim. Nunc ut erat. Sed nunc est, mollis non, cursus non, egestas a, dui. Cras
1818	91	26	2	2022-07-11 02:41:00	Cras dictum ultricies ligula. Nullam enim. Sed nulla ante, iaculis nec, eleifend non, dapibus
1819	26	75	1	2022-07-20 05:12:00	feugiat metus sit amet ante. Vivamus non lorem vitae odio sagittis semper. Nam tempor diam dictum sapien. Aenean massa.
1820	89	32	2	2022-07-30 04:56:00	massa lobortis ultrices. Vivamus rhoncus. Donec est. Nunc ullamcorper, velit in
1821	69	44	2	2021-11-27 02:24:00	Sed diam lorem, auctor quis, tristique ac, eleifend vitae, erat. Vivamus nisi. Mauris nulla.
1822	87	50	1	2022-02-28 12:40:00	Maecenas ornare egestas ligula. Nullam feugiat placerat velit. Quisque varius. Nam porttitor scelerisque neque. Nullam nisl.
1823	91	6	2	2021-09-22 08:03:00	Mauris non dui nec urna suscipit nonummy. Fusce fermentum fermentum arcu. Vestibulum ante ipsum primis
1824	37	73	2	2022-02-19 07:10:00	tellus. Suspendisse sed dolor. Fusce mi lorem, vehicula et, rutrum eu, ultrices
1825	22	74	1	2021-12-27 01:37:00	auctor, nunc nulla vulputate dui, nec tempus mauris erat eget ipsum. Suspendisse sagittis.
1826	90	70	3	2022-01-07 07:33:00	Ut sagittis lobortis mauris. Suspendisse aliquet molestie tellus. Aenean egestas hendrerit neque.
1827	87	21	2	2022-05-03 10:50:00	Vestibulum ante ipsum primis in faucibus orci luctus et ultrices posuere cubilia Curae Donec tincidunt. Donec vitae erat vel pede
1828	47	89	3	2022-07-19 02:03:00	vitae nibh. Donec est mauris, rhoncus id, mollis nec, cursus a, enim.
1829	73	3	3	2021-11-23 12:12:00	dolor egestas rhoncus. Proin nisl sem, consequat nec, mollis vitae, posuere at,
1830	43	42	1	2021-10-13 05:50:00	Proin non massa non ante bibendum ullamcorper. Duis cursus, diam at pretium aliquet, metus urna convallis erat, eget
1831	69	79	2	2021-10-05 12:57:00	ultrices. Duis volutpat nunc sit amet metus. Aliquam erat volutpat. Nulla
1832	66	55	2	2022-02-10 04:45:00	eget odio. Aliquam vulputate ullamcorper magna. Sed eu eros. Nam consequat dolor vitae dolor. Donec fringilla.
1833	95	62	2	2022-06-12 05:28:00	commodo at, libero. Morbi accumsan laoreet ipsum. Curabitur consequat, lectus sit amet luctus vulputate, nisi sem
1834	74	71	1	2021-12-07 09:33:00	Donec elementum, lorem ut aliquam iaculis, lacus pede sagittis augue, eu tempor erat neque non
1835	1	81	3	2022-06-20 09:47:00	turpis egestas. Aliquam fringilla cursus purus. Nullam scelerisque neque sed sem egestas blandit. Nam nulla magna, malesuada vel, convallis
1836	41	73	2	2022-09-07 07:14:00	pellentesque eget, dictum placerat, augue. Sed molestie. Sed id risus quis diam luctus lobortis. Class aptent taciti sociosqu ad litora
1837	61	9	1	2022-07-08 04:53:00	quam dignissim pharetra. Nam ac nulla. In tincidunt congue turpis. In condimentum. Donec at arcu. Vestibulum
1838	88	23	2	2022-08-05 09:29:00	euismod urna. Nullam lobortis quam a felis ullamcorper viverra. Maecenas iaculis
1839	2	72	2	2021-09-21 08:47:00	fringilla cursus purus. Nullam scelerisque neque sed sem egestas blandit. Nam nulla magna, malesuada vel,
1840	3	11	1	2021-10-01 06:33:00	Cum sociis natoque penatibus et magnis dis parturient montes, nascetur ridiculus
1841	39	90	3	2021-10-23 07:46:00	id, mollis nec, cursus a, enim. Suspendisse aliquet, sem ut cursus luctus, ipsum leo elementum
1842	56	64	2	2022-04-18 01:05:00	imperdiet ornare. In faucibus. Morbi vehicula. Pellentesque tincidunt tempus risus. Donec egestas. Duis ac
1843	75	98	1	2022-05-01 09:40:00	faucibus lectus, a sollicitudin orci sem eget massa. Suspendisse eleifend. Cras sed leo. Cras vehicula aliquet
1844	62	86	3	2022-04-23 12:22:00	tristique ac, eleifend vitae, erat. Vivamus nisi. Mauris nulla. Integer urna. Vivamus molestie dapibus ligula. Aliquam erat volutpat. Nulla
1845	14	14	2	2021-10-23 03:46:00	libero mauris, aliquam eu, accumsan sed, facilisis vitae, orci. Phasellus dapibus quam quis diam.
1846	40	2	2	2021-11-19 04:31:00	metus. In lorem. Donec elementum, lorem ut aliquam iaculis, lacus pede sagittis augue, eu tempor erat
1847	68	66	2	2022-04-30 06:34:00	sed turpis nec mauris blandit mattis. Cras eget nisi dictum augue malesuada malesuada. Integer id magna et
1848	86	89	1	2021-11-04 08:21:00	libero. Integer in magna. Phasellus dolor elit, pellentesque a, facilisis non, bibendum sed, est. Nunc laoreet lectus
1849	58	75	3	2022-08-16 01:15:00	nisl. Nulla eu neque pellentesque massa lobortis ultrices. Vivamus rhoncus. Donec est. Nunc ullamcorper, velit in aliquet
1850	63	78	2	2022-03-19 01:28:00	gravida. Praesent eu nulla at sem molestie sodales. Mauris blandit enim consequat purus.
1851	71	81	3	2022-07-11 12:05:00	euismod enim. Etiam gravida molestie arcu. Sed eu nibh vulputate mauris sagittis placerat. Cras dictum
1852	89	76	3	2022-05-15 06:04:00	mauris elit, dictum eu, eleifend nec, malesuada ut, sem. Nulla interdum. Curabitur dictum. Phasellus in felis. Nulla tempor augue ac
1853	43	26	3	2021-09-18 03:53:00	ante dictum mi, ac mattis velit justo nec ante. Maecenas mi felis, adipiscing fringilla,
1854	87	91	1	2021-10-30 12:20:00	dui. Cum sociis natoque penatibus et magnis dis parturient montes, nascetur ridiculus
1855	59	63	2	2022-08-12 04:04:00	Phasellus elit pede, malesuada vel, venenatis vel, faucibus id, libero. Donec consectetuer mauris id sapien. Cras dolor dolor, tempus
1856	54	13	2	2022-05-30 11:35:00	Praesent eu dui. Cum sociis natoque penatibus et magnis dis parturient montes, nascetur
1857	53	58	2	2022-03-21 06:58:00	aliquam eros turpis non enim. Mauris quis turpis vitae purus gravida sagittis. Duis gravida.
1858	10	69	3	2022-05-17 12:51:00	tempor diam dictum sapien. Aenean massa. Integer vitae nibh. Donec est mauris, rhoncus id, mollis nec, cursus
1859	33	19	2	2022-06-19 03:57:00	sociis natoque penatibus et magnis dis parturient montes, nascetur ridiculus mus. Donec dignissim magna a tortor. Nunc commodo
1860	4	82	2	2021-11-12 07:24:00	dictum sapien. Aenean massa. Integer vitae nibh. Donec est mauris, rhoncus id,
1861	50	90	1	2022-03-01 03:21:00	turpis nec mauris blandit mattis. Cras eget nisi dictum augue malesuada malesuada. Integer id
1862	45	30	2	2022-05-29 03:20:00	convallis erat, eget tincidunt dui augue eu tellus. Phasellus elit pede,
1863	44	37	3	2022-08-26 09:24:00	aliquet libero. Integer in magna. Phasellus dolor elit, pellentesque a, facilisis non, bibendum sed,
1864	15	94	2	2022-06-21 10:14:00	Etiam laoreet, libero et tristique pellentesque, tellus sem mollis dui, in sodales elit erat vitae risus.
1865	61	35	2	2021-10-27 09:22:00	Aliquam tincidunt, nunc ac mattis ornare, lectus ante dictum mi, ac mattis
1866	47	37	2	2022-06-23 12:18:00	metus eu erat semper rutrum. Fusce dolor quam, elementum at, egestas a, scelerisque sed, sapien. Nunc
1867	49	78	2	2022-06-05 02:06:00	gravida. Praesent eu nulla at sem molestie sodales. Mauris blandit enim consequat purus. Maecenas libero est, congue
1868	84	83	1	2022-06-14 06:54:00	Morbi sit amet massa. Quisque porttitor eros nec tellus. Nunc lectus pede, ultrices a,
1869	20	32	2	2022-08-12 11:26:00	porttitor eros nec tellus. Nunc lectus pede, ultrices a, auctor non,
1870	53	22	3	2022-06-03 11:42:00	arcu ac orci. Ut semper pretium neque. Morbi quis urna. Nunc quis arcu
1871	87	48	1	2022-01-20 09:19:00	lorem ipsum sodales purus, in molestie tortor nibh sit amet orci. Ut sagittis lobortis mauris. Suspendisse aliquet molestie tellus.
1872	67	49	3	2021-09-23 04:02:00	mauris ut mi. Duis risus odio, auctor vitae, aliquet nec, imperdiet nec, leo. Morbi
1873	19	36	2	2022-03-05 09:03:00	Suspendisse non leo. Vivamus nibh dolor, nonummy ac, feugiat non, lobortis quis, pede. Suspendisse dui. Fusce diam nunc, ullamcorper
1874	34	87	2	2021-12-29 08:55:00	egestas. Sed pharetra, felis eget varius ultrices, mauris ipsum porta elit, a feugiat tellus lorem eu metus.
1875	34	87	2	2022-08-31 05:32:00	consequat, lectus sit amet luctus vulputate, nisi sem semper erat, in consectetuer ipsum nunc id enim. Curabitur massa. Vestibulum accumsan
1876	84	17	3	2022-07-29 05:41:00	massa rutrum magna. Cras convallis convallis dolor. Quisque tincidunt pede ac urna.
1877	76	22	2	2022-03-09 08:31:00	netus et malesuada fames ac turpis egestas. Fusce aliquet magna a neque. Nullam ut nisi a
1878	58	86	2	2021-10-29 09:20:00	est, congue a, aliquet vel, vulputate eu, odio. Phasellus at augue id ante dictum cursus. Nunc mauris elit,
1879	6	82	1	2022-02-23 03:28:00	dapibus id, blandit at, nisi. Cum sociis natoque penatibus et magnis dis parturient montes, nascetur ridiculus mus.
1880	26	53	2	2022-07-29 09:03:00	vitae, erat. Vivamus nisi. Mauris nulla. Integer urna. Vivamus molestie dapibus
1881	89	51	3	2022-08-18 04:52:00	cursus luctus, ipsum leo elementum sem, vitae aliquam eros turpis non enim. Mauris quis turpis vitae purus gravida sagittis. Duis
1882	71	39	2	2022-01-27 01:55:00	dui. Suspendisse ac metus vitae velit egestas lacinia. Sed congue, elit sed consequat auctor,
1883	3	78	1	2022-06-25 03:30:00	imperdiet ornare. In faucibus. Morbi vehicula. Pellentesque tincidunt tempus risus. Donec egestas. Duis ac arcu. Nunc mauris. Morbi non
1884	62	81	2	2022-05-06 10:25:00	sit amet metus. Aliquam erat volutpat. Nulla facilisis. Suspendisse commodo tincidunt nibh. Phasellus nulla. Integer vulputate, risus a ultricies
1885	82	64	2	2022-01-25 02:12:00	Donec egestas. Duis ac arcu. Nunc mauris. Morbi non sapien molestie orci tincidunt adipiscing. Mauris molestie pharetra nibh.
1886	43	97	3	2022-06-30 05:21:00	nunc. Quisque ornare tortor at risus. Nunc ac sem ut dolor dapibus
1887	58	84	2	2022-01-24 02:40:00	odio. Aliquam vulputate ullamcorper magna. Sed eu eros. Nam consequat dolor vitae
1888	100	81	3	2022-04-29 10:48:00	dapibus ligula. Aliquam erat volutpat. Nulla dignissim. Maecenas ornare egestas ligula. Nullam
1889	72	43	1	2021-11-08 11:47:00	posuere at, velit. Cras lorem lorem, luctus ut, pellentesque eget,
1890	83	1	2	2022-05-30 02:26:00	Nam interdum enim non nisi. Aenean eget metus. In nec orci.
1891	86	35	3	2022-02-08 02:46:00	libero. Morbi accumsan laoreet ipsum. Curabitur consequat, lectus sit amet luctus vulputate, nisi sem semper erat, in consectetuer ipsum
1892	32	28	2	2022-05-12 10:08:00	Donec porttitor tellus non magna. Nam ligula elit, pretium et, rutrum non, hendrerit id, ante. Nunc
1893	9	72	2	2022-03-04 12:03:00	consectetuer mauris id sapien. Cras dolor dolor, tempus non, lacinia at, iaculis quis, pede.
1894	99	81	2	2022-06-28 08:43:00	Integer vitae nibh. Donec est mauris, rhoncus id, mollis nec, cursus
1895	35	7	2	2022-01-31 05:30:00	Phasellus dolor elit, pellentesque a, facilisis non, bibendum sed, est. Nunc laoreet
1896	89	44	2	2021-12-17 06:21:00	porttitor scelerisque neque. Nullam nisl. Maecenas malesuada fringilla est. Mauris eu turpis. Nulla aliquet. Proin velit. Sed malesuada augue
1897	57	57	1	2022-01-16 07:36:00	Quisque libero lacus, varius et, euismod et, commodo at, libero. Morbi accumsan laoreet ipsum. Curabitur consequat, lectus sit amet luctus
1898	79	16	1	2022-01-23 02:49:00	diam at pretium aliquet, metus urna convallis erat, eget tincidunt dui augue eu tellus. Phasellus elit pede, malesuada
1899	26	22	3	2022-01-05 12:43:00	Cras sed leo. Cras vehicula aliquet libero. Integer in magna. Phasellus dolor elit,
1900	20	9	1	2021-11-11 01:25:00	sit amet luctus vulputate, nisi sem semper erat, in consectetuer ipsum
1901	79	78	2	2021-10-11 01:32:00	habitant morbi tristique senectus et netus et malesuada fames ac turpis egestas.
1902	58	17	1	2021-09-21 08:43:00	ipsum. Suspendisse sagittis. Nullam vitae diam. Proin dolor. Nulla semper tellus id nunc
1903	11	45	1	2022-08-31 09:48:00	laoreet lectus quis massa. Mauris vestibulum, neque sed dictum eleifend, nunc risus varius orci,
1904	80	83	1	2021-10-28 09:39:00	ac urna. Ut tincidunt vehicula risus. Nulla eget metus eu
1905	74	19	1	2022-04-25 06:14:00	dolor quam, elementum at, egestas a, scelerisque sed, sapien. Nunc pulvinar arcu et pede. Nunc
1906	10	93	2	2022-08-23 04:32:00	nibh. Aliquam ornare, libero at auctor ullamcorper, nisl arcu iaculis enim, sit amet ornare lectus justo eu arcu. Morbi
1907	76	15	1	2022-03-21 12:59:00	Pellentesque habitant morbi tristique senectus et netus et malesuada fames ac turpis
1908	34	11	2	2022-05-08 09:04:00	Nam interdum enim non nisi. Aenean eget metus. In nec orci. Donec nibh. Quisque nonummy ipsum non arcu. Vivamus sit
1909	6	71	2	2021-12-19 12:53:00	ultrices sit amet, risus. Donec nibh enim, gravida sit amet, dapibus id, blandit at,
1910	13	83	2	2021-10-12 04:13:00	pretium aliquet, metus urna convallis erat, eget tincidunt dui augue eu tellus. Phasellus
1911	71	19	1	2021-12-11 08:28:00	ac tellus. Suspendisse sed dolor. Fusce mi lorem, vehicula et, rutrum eu, ultrices sit amet, risus. Donec nibh enim,
1912	49	74	2	2022-05-30 07:05:00	Integer sem elit, pharetra ut, pharetra sed, hendrerit a, arcu. Sed et libero. Proin mi. Aliquam
1913	46	36	2	2022-04-20 11:32:00	ultricies sem magna nec quam. Curabitur vel lectus. Cum sociis natoque penatibus et magnis dis parturient montes, nascetur
1914	75	97	2	2022-08-09 06:37:00	lacus. Nulla tincidunt, neque vitae semper egestas, urna justo faucibus lectus,
1915	64	25	2	2021-11-16 10:17:00	sed, facilisis vitae, orci. Phasellus dapibus quam quis diam. Pellentesque habitant morbi tristique senectus et netus
1916	51	4	2	2021-10-04 07:19:00	rhoncus id, mollis nec, cursus a, enim. Suspendisse aliquet, sem ut cursus
1917	39	93	2	2021-09-20 12:41:00	tincidunt adipiscing. Mauris molestie pharetra nibh. Aliquam ornare, libero at auctor
1918	30	6	2	2022-02-16 07:24:00	rhoncus id, mollis nec, cursus a, enim. Suspendisse aliquet, sem ut cursus luctus, ipsum leo elementum sem, vitae
1919	34	2	3	2022-08-12 01:11:00	enim non nisi. Aenean eget metus. In nec orci. Donec nibh. Quisque nonummy ipsum
1920	89	9	1	2021-09-18 05:39:00	primis in faucibus orci luctus et ultrices posuere cubilia Curae Phasellus ornare. Fusce mollis.
1921	12	64	2	2022-05-01 07:11:00	Duis elementum, dui quis accumsan convallis, ante lectus convallis est, vitae sodales nisi magna sed dui.
1922	29	52	2	2022-02-10 04:49:00	semper auctor. Mauris vel turpis. Aliquam adipiscing lobortis risus. In mi
1923	9	33	3	2022-08-04 02:07:00	parturient montes, nascetur ridiculus mus. Aenean eget magna. Suspendisse tristique neque venenatis lacus.
1924	97	83	2	2022-03-15 04:56:00	venenatis a, magna. Lorem ipsum dolor sit amet, consectetuer adipiscing elit. Etiam laoreet, libero et tristique pellentesque, tellus sem mollis
1925	28	42	2	2022-01-10 09:07:00	eget, venenatis a, magna. Lorem ipsum dolor sit amet, consectetuer adipiscing
1926	46	72	1	2021-09-17 07:42:00	ac urna. Ut tincidunt vehicula risus. Nulla eget metus eu erat semper rutrum. Fusce dolor quam, elementum at,
1927	16	50	2	2021-10-07 04:30:00	egestas. Sed pharetra, felis eget varius ultrices, mauris ipsum porta elit, a feugiat tellus
1928	56	55	1	2022-07-22 05:47:00	velit eu sem. Pellentesque ut ipsum ac mi eleifend egestas. Sed pharetra, felis eget varius ultrices, mauris ipsum porta elit,
1929	95	74	3	2021-12-20 06:35:00	at fringilla purus mauris a nunc. In at pede. Cras vulputate velit
1930	71	69	1	2021-12-10 05:30:00	magna a tortor. Nunc commodo auctor velit. Aliquam nisl. Nulla eu
1931	31	26	2	2022-03-04 03:17:00	Nunc sollicitudin commodo ipsum. Suspendisse non leo. Vivamus nibh dolor, nonummy ac, feugiat non, lobortis quis, pede. Suspendisse dui. Fusce
1932	33	76	2	2022-08-16 09:34:00	Cras vulputate velit eu sem. Pellentesque ut ipsum ac mi eleifend egestas. Sed pharetra, felis
1933	2	14	2	2022-01-14 05:11:00	dui quis accumsan convallis, ante lectus convallis est, vitae sodales nisi magna sed dui. Fusce
1934	37	6	2	2022-08-19 12:41:00	adipiscing elit. Etiam laoreet, libero et tristique pellentesque, tellus sem mollis dui, in sodales
1935	96	75	2	2022-05-03 12:09:00	Suspendisse non leo. Vivamus nibh dolor, nonummy ac, feugiat non, lobortis quis, pede. Suspendisse dui.
1936	64	90	2	2021-12-04 10:46:00	blandit. Nam nulla magna, malesuada vel, convallis in, cursus et, eros.
1937	35	83	1	2022-08-28 02:15:00	Mauris eu turpis. Nulla aliquet. Proin velit. Sed malesuada augue ut lacus. Nulla tincidunt,
1938	18	68	3	2022-01-20 11:12:00	eu elit. Nulla facilisi. Sed neque. Sed eget lacus. Mauris non dui
1939	91	2	2	2021-09-21 06:55:00	lacus. Etiam bibendum fermentum metus. Aenean sed pede nec ante blandit viverra. Donec tempus, lorem fringilla
1940	57	66	2	2022-08-31 01:13:00	non enim commodo hendrerit. Donec porttitor tellus non magna. Nam ligula elit, pretium et,
1941	44	76	3	2022-08-21 01:32:00	arcu et pede. Nunc sed orci lobortis augue scelerisque mollis. Phasellus libero mauris, aliquam eu, accumsan sed, facilisis vitae,
1942	17	34	2	2021-09-15 08:29:00	commodo ipsum. Suspendisse non leo. Vivamus nibh dolor, nonummy ac, feugiat non, lobortis quis, pede. Suspendisse
1943	59	100	2	2022-05-24 01:38:00	Cras eget nisi dictum augue malesuada malesuada. Integer id magna et ipsum cursus vestibulum.
1944	54	60	1	2022-04-19 10:17:00	nunc. In at pede. Cras vulputate velit eu sem. Pellentesque ut ipsum ac mi eleifend egestas. Sed pharetra, felis
1945	75	25	2	2021-09-19 04:19:00	odio. Aliquam vulputate ullamcorper magna. Sed eu eros. Nam consequat dolor vitae dolor. Donec fringilla. Donec
1946	14	49	3	2022-02-17 04:24:00	amet lorem semper auctor. Mauris vel turpis. Aliquam adipiscing lobortis
1947	98	72	2	2021-12-14 04:47:00	luctus ut, pellentesque eget, dictum placerat, augue. Sed molestie. Sed id risus quis diam luctus
1948	96	16	2	2021-12-02 05:26:00	tristique aliquet. Phasellus fermentum convallis ligula. Donec luctus aliquet odio. Etiam
1949	58	62	3	2022-07-14 08:02:00	commodo tincidunt nibh. Phasellus nulla. Integer vulputate, risus a ultricies adipiscing, enim mi tempor lorem, eget mollis
1950	48	69	1	2022-08-02 12:47:00	porttitor vulputate, posuere vulputate, lacus. Cras interdum. Nunc sollicitudin commodo ipsum. Suspendisse non leo. Vivamus nibh dolor, nonummy
1951	80	44	2	2021-11-13 07:45:00	fringilla euismod enim. Etiam gravida molestie arcu. Sed eu nibh vulputate
1952	31	8	2	2022-02-18 09:25:00	facilisis vitae, orci. Phasellus dapibus quam quis diam. Pellentesque habitant morbi tristique senectus et netus et malesuada fames ac
1953	92	57	2	2022-02-07 03:34:00	ligula eu enim. Etiam imperdiet dictum magna. Ut tincidunt orci quis
1954	7	81	1	2022-04-18 09:05:00	tempus risus. Donec egestas. Duis ac arcu. Nunc mauris. Morbi non sapien molestie orci tincidunt
1955	87	57	2	2022-02-22 12:38:00	lacus. Quisque imperdiet, erat nonummy ultricies ornare, elit elit fermentum risus, at fringilla
1956	96	39	3	2021-10-16 06:32:00	Quisque nonummy ipsum non arcu. Vivamus sit amet risus. Donec egestas. Aliquam nec enim.
1957	23	59	1	2022-06-06 02:29:00	porttitor scelerisque neque. Nullam nisl. Maecenas malesuada fringilla est. Mauris eu turpis.
1958	54	32	2	2022-06-02 11:40:00	dolor. Nulla semper tellus id nunc interdum feugiat. Sed nec metus facilisis lorem tristique aliquet.
1959	56	22	1	2021-12-10 03:04:00	purus. Nullam scelerisque neque sed sem egestas blandit. Nam nulla magna,
1960	83	2	2	2022-04-30 08:09:00	molestie tortor nibh sit amet orci. Ut sagittis lobortis mauris. Suspendisse aliquet molestie tellus.
1961	48	3	3	2022-05-02 09:55:00	neque pellentesque massa lobortis ultrices. Vivamus rhoncus. Donec est. Nunc ullamcorper, velit in
1962	4	20	3	2021-12-12 10:33:00	Maecenas libero est, congue a, aliquet vel, vulputate eu, odio. Phasellus at augue id
1963	81	45	1	2022-04-26 08:04:00	dui. Cum sociis natoque penatibus et magnis dis parturient montes, nascetur ridiculus mus. Aenean eget magna. Suspendisse
1964	49	64	2	2022-07-05 12:53:00	nibh. Quisque nonummy ipsum non arcu. Vivamus sit amet risus. Donec egestas. Aliquam nec enim. Nunc ut erat.
1965	15	89	1	2022-08-18 04:35:00	dolor vitae dolor. Donec fringilla. Donec feugiat metus sit amet ante. Vivamus non lorem vitae
1966	10	98	3	2021-09-30 10:06:00	est, congue a, aliquet vel, vulputate eu, odio. Phasellus at augue id ante dictum cursus. Nunc mauris elit, dictum
1967	40	31	1	2022-02-06 04:23:00	sapien imperdiet ornare. In faucibus. Morbi vehicula. Pellentesque tincidunt tempus risus. Donec egestas. Duis ac
1968	26	6	3	2021-10-24 07:50:00	ultrices posuere cubilia Curae Phasellus ornare. Fusce mollis. Duis sit amet diam eu dolor egestas rhoncus. Proin nisl
1969	50	87	3	2021-11-17 10:19:00	litora torquent per conubia nostra, per inceptos hymenaeos. Mauris ut quam
1970	22	12	1	2021-11-21 08:38:00	Nam ligula elit, pretium et, rutrum non, hendrerit id, ante. Nunc mauris sapien, cursus in, hendrerit
1971	26	68	2	2022-03-29 11:36:00	nunc sed pede. Cum sociis natoque penatibus et magnis dis parturient montes, nascetur ridiculus mus. Proin vel
1972	32	29	2	2022-03-30 03:23:00	consectetuer rhoncus. Nullam velit dui, semper et, lacinia vitae, sodales at, velit. Pellentesque ultricies dignissim lacus. Aliquam rutrum
1973	30	63	2	2021-11-15 07:59:00	libero. Morbi accumsan laoreet ipsum. Curabitur consequat, lectus sit amet luctus vulputate, nisi sem semper erat,
1974	12	8	3	2022-07-23 08:46:00	nec tempus scelerisque, lorem ipsum sodales purus, in molestie tortor nibh sit amet
1975	43	93	3	2021-09-19 02:52:00	velit. Cras lorem lorem, luctus ut, pellentesque eget, dictum placerat, augue. Sed molestie. Sed id
1976	33	80	2	2021-10-16 08:52:00	commodo at, libero. Morbi accumsan laoreet ipsum. Curabitur consequat, lectus sit amet luctus
1977	65	88	2	2021-09-26 03:41:00	Suspendisse ac metus vitae velit egestas lacinia. Sed congue, elit sed consequat auctor, nunc nulla vulputate dui, nec tempus
1978	19	17	2	2022-05-20 07:58:00	Donec tincidunt. Donec vitae erat vel pede blandit congue. In scelerisque scelerisque dui. Suspendisse ac metus
1979	82	58	1	2022-09-08 11:21:00	Nunc laoreet lectus quis massa. Mauris vestibulum, neque sed dictum eleifend, nunc risus varius orci, in consequat enim diam
1980	10	54	2	2022-09-05 06:28:00	Quisque varius. Nam porttitor scelerisque neque. Nullam nisl. Maecenas malesuada fringilla est. Mauris eu turpis. Nulla aliquet.
1981	79	54	2	2022-01-09 04:30:00	sed pede nec ante blandit viverra. Donec tempus, lorem fringilla ornare placerat, orci
1982	67	64	2	2021-11-04 08:52:00	amet lorem semper auctor. Mauris vel turpis. Aliquam adipiscing lobortis risus. In mi pede, nonummy ut, molestie in, tempus
1983	20	87	2	2021-09-28 02:01:00	sem mollis dui, in sodales elit erat vitae risus. Duis a mi fringilla mi
1984	69	83	1	2022-01-09 06:56:00	Ut tincidunt orci quis lectus. Nullam suscipit, est ac facilisis facilisis, magna tellus faucibus leo, in lobortis tellus
1985	43	62	2	2022-07-22 10:53:00	ultrices sit amet, risus. Donec nibh enim, gravida sit amet, dapibus id,
1986	71	67	2	2022-03-24 07:42:00	mi lacinia mattis. Integer eu lacus. Quisque imperdiet, erat nonummy ultricies ornare, elit elit fermentum
1987	41	9	2	2022-03-02 02:30:00	dolor. Quisque tincidunt pede ac urna. Ut tincidunt vehicula risus. Nulla eget metus eu erat semper rutrum. Fusce dolor
1988	61	39	1	2022-05-09 07:46:00	ut eros non enim commodo hendrerit. Donec porttitor tellus non magna. Nam
1989	55	79	2	2022-04-07 10:56:00	fringilla, porttitor vulputate, posuere vulputate, lacus. Cras interdum. Nunc sollicitudin commodo ipsum. Suspendisse non leo. Vivamus nibh
1990	17	49	1	2021-11-01 03:18:00	Aenean massa. Integer vitae nibh. Donec est mauris, rhoncus id, mollis nec, cursus
1991	51	54	1	2022-03-06 02:21:00	Fusce diam nunc, ullamcorper eu, euismod ac, fermentum vel, mauris. Integer sem elit, pharetra
1992	79	92	2	2021-12-09 03:57:00	pede, malesuada vel, venenatis vel, faucibus id, libero. Donec consectetuer mauris id sapien. Cras dolor
1993	79	80	3	2022-06-15 04:07:00	dolor sit amet, consectetuer adipiscing elit. Aliquam auctor, velit eget laoreet posuere, enim nisl elementum purus, accumsan
1994	25	83	2	2022-06-15 03:39:00	Praesent luctus. Curabitur egestas nunc sed libero. Proin sed turpis nec mauris blandit mattis. Cras eget nisi
1995	25	76	2	2022-02-26 11:23:00	vel, convallis in, cursus et, eros. Proin ultrices. Duis volutpat nunc sit amet metus. Aliquam erat volutpat. Nulla facilisis. Suspendisse
1996	53	6	1	2021-12-04 04:46:00	est ac facilisis facilisis, magna tellus faucibus leo, in lobortis tellus
1997	62	66	2	2021-12-15 09:05:00	orci quis lectus. Nullam suscipit, est ac facilisis facilisis, magna tellus faucibus leo, in lobortis tellus
1998	95	2	2	2021-11-04 08:55:00	interdum feugiat. Sed nec metus facilisis lorem tristique aliquet. Phasellus fermentum convallis
1999	10	79	1	2021-11-01 10:26:00	ultrices a, auctor non, feugiat nec, diam. Duis mi enim, condimentum eget, volutpat ornare, facilisis eget, ipsum.
2000	50	5	2	2021-10-28 06:25:00	augue, eu tempor erat neque non quam. Pellentesque habitant morbi tristique senectus et
\.


--
-- TOC entry 2887 (class 0 OID 92502)
-- Dependencies: 198
-- Data for Name: hubs; Type: TABLE DATA; Schema: public; Owner: postgres
--

COPY public.hubs (id, name, description) FROM stdin;
3	Реверс-инжиниринг	Расковырять и понять как работает
4	DIY или Сделай сам	Для тех, у кого руки растут из нужного места
5	Управление персоналом	Как правильно нанимать, управлять и расставаться
6	Управление проектами	Как заставить всё работать
7	Python	Высокоуровневый язык программирования
8	Java	Объектно-ориентированный язык программирования
9	Open source	Открытое программное обеспечение
10	Машинное обучение	Основа искусственного интеллекта
11	История IT	Занимательные истории из прошлого
12	Разработка игр	Разработка игр
13	Системное администрирование	Лишь бы юзер был доволен
14	Компьютерное железо	Мать, видюха, память, звук и вот это все
15	Программирование микроконтроллеров	Учимся программировать микроконтроллеры
17	IT-инфраструктура	Инфоцентры + базы данных + системы связи
40	C#	Объектно-ориентированный язык программирования
41	Big Data	Большие данные и всё о них
42	.NET	Хаб со знаниями про .NET
43	Браузеры	Веб-обозреватели
44	Обработка изображений	Работаем с фото и видео
45	Разработка под Windows	Разработка под операционные системы от Microsoft
46	Интерфейсы	То, что помогает ориентироваться
47	Серверное администрирование	Установка, настройка, обслуживание
48	PostgreSQL	Свободная объектно-реляционная СУБД
49	Хранение данных	Что имеем, то храним
50	Облачные сервисы	SaaS, облака и как в них живётся данным
51	Мозг	Как он работает
52	Go	Компилируемый, многопоточный язык программирования
53	Софт	Программное обеспечение
54	Kubernetes	Фреймворк для работы с контейнерными приложениями
55	Экология	Бережём природу
56	Статистика в IT	Статистика, исследования, тенденции
57	Математика	Мать всех наук
58	Дизайн	Дизайн спасёт мир
59	Удалённая работа	Удалённая работа и жизнь распределённых команд
60	Алгоритмы	Все об алгоритмах
61	3D-принтеры	Всё о 3D-принтерах и технологии 3D-печати
62	Научная фантастика	Любимый жанр гиков
63	Смартфоны	Умные телефоны, фаблеты, мобильники
64	Периферия	Все, что вставляется в разные порты ПК
65	Дизайн игр	Визуальное игростроение
66	Подготовка технической документации	Всё о деятельности технических писателей
67	Визуализация данных	Облекаем данные в красивую оболочку
68	Сетевое оборудование	Чтобы работала компьютерная сеть
69	Разработка на Raspberry Pi	Одноплатный компьютер компактного размер
70	GitHub	Веб-сервис для хостинга и разработки IT-проектов
71	Администрирование баз данных	Все об администрировании БД
72	Промышленное программирование	Все об АСУ ТП
73	Разработка робототехники	Программирование и разработка робототехники
74	Копирайт	Авторское право в интернете
75	Робототехника	Роботы, роботы, роботы
76	Химия	Наука о веществах, их строении и свойствах
77	Работа с 3D-графикой	Рендеринг наше все
78	Хостинг	Виртуальный, Dedicated, Colocation
79	Транспорт	Ездит или летает?
80	API	Интерфейс программирования приложений
81	Восстановление данных	Резервное копирование и восстановление данных
82	Ноутбуки	Лэптопы, ноутбуки и всё, что с ними связано
16	Игры и игровые консоли	Камень, ножницы, бумага
18	Искусственный интеллект	AI, ANN и иные формы искусственного разума
19	Сетевые технологии	От Ethernet до IPv6
20	Работа с видео	Все о создании и обработке видео
21	Разработка под Arduino	Платформа для создания автоматики
22	Разработка веб-сайтов	Делаем веб лучше
23	C++	Типизированный язык программирования
24	PHP	Скриптовый язык общего назначения
25	Физика	Наука об окружающем нас мире
26	DevOps	Методология разработки программного обеспечения
27	Разработка мобильных приложений	Android, iOS, Windows Phone и прочие
28	Электроника для начинающих	Arduino, DYI и как собрать Электроника
29	Исследования и прогнозы в IT	Исследования, тренды и прогнозы в IT-сфере
30	Геоинформационные сервисы	Карты и геотеггинг в вебе
31	JavaScript	Прототипно-ориентированный язык программирования
32	Астрономия	Естественная наука о Вселенной
33	Системное программирование	Обеспечение работы системного ПО
34	Социальные сети и сообщества	Виртуальная жизнь
35	Криптовалюты	Деньги 2.0
36	Законодательство в IT	Следим за тем, как регулируют IT-индустрию
37	Энергия и элементы питания	Чтобы лампочка горела
38	Биология	Всё о живых системах
39	Настройка Linux	Вечный кайф
83	Мессенджеры	Системы обмена сообщениями
84	Умный дом	Управлением домом
85	Накопители	Записать, сохранить и передать потомкам
86	Отладка	Поиск и устранение ошибок в коде
87	Лазеры	Оптические квантовые генераторы
88	Виртуализация	Виртуализируем машины, ресурсы, приложения
89	Платежные системы	Отправляем деньги через Сеть
90	Процессоры	Изучаем мозги вычислительных устройств
91	Беспроводные технологии	WiFi, Bluetooth и все такое
92	Облачные вычисления	Концепция общего доступа к ресурсам
93	Настольные компьютеры	ПК
94	Криптография	Шифрование и криптоанализ
95	1С	Разработка и администрирование 1С
96	Фриланс	Всё, что вы хотели знать про удалённую работу
97	Assembler	Язык программирования низкого уровня
98	Типографика	Играем с шрифтами
99	CSS	Каскадные таблицы стилей
100	ReactJS	JavaScript-библиотека для создания интерфейсов
2	Информационная безопасность	Защита данных
1	Программирование	Искусство создания компьютерных программ
\.


--
-- TOC entry 2888 (class 0 OID 92509)
-- Dependencies: 199
-- Data for Name: hubs_publications; Type: TABLE DATA; Schema: public; Owner: postgres
--

COPY public.hubs_publications (hub_id, publication_id) FROM stdin;
6	1
94	8
95	44
34	79
41	74
14	82
10	99
77	5
50	83
95	81
72	59
27	53
85	56
92	75
22	22
66	78
44	43
90	24
48	20
73	56
28	86
26	38
12	73
37	16
73	48
75	61
94	34
53	73
73	62
59	65
12	10
84	17
8	38
18	47
45	41
20	12
74	32
62	63
26	6
28	15
74	28
46	21
66	93
1	37
41	95
43	54
50	14
12	43
67	80
46	81
33	45
92	20
51	7
89	57
13	47
45	32
94	57
10	31
12	48
85	80
56	77
74	88
23	6
16	46
52	30
43	28
42	84
52	61
54	66
68	71
11	25
89	25
99	56
31	81
54	77
29	78
27	82
31	65
43	95
33	77
65	95
98	82
93	10
72	64
81	70
53	7
76	12
93	44
74	29
34	72
96	57
98	70
54	63
24	48
21	37
37	86
18	30
78	40
16	29
6	19
\.


--
-- TOC entry 2898 (class 0 OID 93783)
-- Dependencies: 209
-- Data for Name: images; Type: TABLE DATA; Schema: public; Owner: postgres
--

COPY public.images (id, url, owner_id, description, uploaded_at, size) FROM stdin;
1	https://myimages.com/lyqjaiybuhcwydj	71	sed orci lobortis augue scelerisque mollis. Phasellus libero mauris, aliquam	2022-08-07 04:35:40	161
2	https://myimages.com/nuldwffmfvzlvod	16	lectus sit amet luctus vulputate,	2022-08-08 04:41:15	482
3	http://myimages.com/mvfatifttmxgqya	92	convallis in, cursus et, eros. Proin ultrices.	2022-08-04 16:16:22	712
4	https://myimages.com/copfnnyfzzdnxgp	84	elementum at, egestas a, scelerisque sed, sapien. Nunc pulvinar arcu	2022-08-04 14:34:05	628
5	https://myimages.com/pxqbvkqosvnhpfs	34	scelerisque scelerisque dui. Suspendisse ac metus	2022-08-07 00:54:14	643
6	http://myimages.com/ikjzxefydnnjtix	66	porta elit, a feugiat tellus lorem eu metus. In	2022-08-07 20:17:55	887
7	http://myimages.com/xmjwnjzqrzkvxix	7	ac, eleifend	2022-08-06 02:58:58	942
8	http://myimages.com/htldfszrqkvixjq	71	ac, feugiat non, lobortis	2022-08-05 21:43:39	338
9	http://myimages.com/dkecfyuhmzfctna	53	ipsum ac mi eleifend	2022-08-02 01:05:10	227
10	https://myimages.com/viudyjujjglhzse	34	egestas. Aliquam nec enim. Nunc ut erat. Sed nunc est,	2022-08-06 20:53:52	764
11	https://myimages.com/jtgtxggvscyqnxh	2	accumsan convallis, ante lectus convallis est, vitae	2022-08-08 04:32:11	990
12	http://myimages.com/pfkllvgqamfzkht	32	Sed neque. Sed eget lacus. Mauris non	2022-08-02 21:52:48	602
13	https://myimages.com/oznyhvgestouuuw	7	aliquet libero. Integer in	2022-08-01 22:17:06	363
14	http://myimages.com/acegrpwpvcxmeum	36	sed pede.	2022-08-01 11:37:48	498
15	http://myimages.com/evxrnssynxtzslf	19	lectus. Cum sociis natoque penatibus et magnis dis	2022-08-07 13:46:04	143
16	https://myimages.com/aghlyjeqzunurit	92	lectus sit amet luctus vulputate,	2022-08-06 15:45:26	781
17	http://myimages.com/rprlqlyvqtemipk	88	eu arcu. Morbi	2022-08-02 13:54:06	176
18	http://myimages.com/uctxyompfbstnbw	4	enim diam vel arcu. Curabitur ut odio	2022-08-02 20:45:30	915
19	http://myimages.com/awebbzbhwcablis	5	elit, dictum eu, eleifend nec, malesuada	2022-08-03 05:36:13	193
20	https://myimages.com/cinnxjuxzexeyqy	41	non, cursus non,	2022-08-01 19:46:31	475
21	https://myimages.com/qnmsssfvahswdqg	60	fermentum fermentum arcu. Vestibulum ante ipsum primis	2022-08-01 22:31:49	525
22	http://myimages.com/zedmqtflikkjbli	46	Integer id magna et ipsum cursus vestibulum. Mauris magna.	2022-08-03 10:44:25	404
23	https://myimages.com/yfpdlbttcqjwxlh	40	a, facilisis non, bibendum sed, est. Nunc laoreet lectus	2022-08-03 10:01:42	579
24	http://myimages.com/yffvoddcdffqvph	6	nec luctus felis purus ac tellus. Suspendisse sed dolor.	2022-08-08 00:35:35	974
25	https://myimages.com/rhhvhhinhyhgskp	32	luctus. Curabitur egestas nunc sed libero. Proin sed turpis nec	2022-08-03 00:16:47	744
26	http://myimages.com/dqwljenygdcnupc	48	vel, vulputate eu, odio. Phasellus	2022-08-05 19:14:40	134
27	https://myimages.com/yxfuojxhjmbiign	5	Aliquam	2022-08-05 01:38:46	959
28	https://myimages.com/bpksppxhzvneozk	69	eget laoreet posuere, enim nisl elementum purus,	2022-08-05 04:51:43	155
29	http://myimages.com/mxhezopgaxsdlbs	14	pede, malesuada	2022-08-08 08:45:08	477
30	https://myimages.com/lcrqjilgejhembu	93	tempus mauris erat eget ipsum. Suspendisse sagittis. Nullam vitae	2022-08-07 05:13:13	968
31	https://myimages.com/ldtlupkvdrleeko	56	magna. Duis dignissim	2022-08-05 01:43:26	342
32	http://myimages.com/riimjfqmendnzzl	92	neque. In ornare sagittis felis. Donec	2022-08-01 20:13:24	886
33	http://myimages.com/znyluksypteayiz	29	augue ac ipsum. Phasellus vitae mauris sit amet lorem	2022-08-05 13:58:41	735
34	https://myimages.com/jtxxfmdtbkxfeat	49	quam quis diam. Pellentesque habitant morbi tristique	2022-08-05 04:20:18	971
35	https://myimages.com/kmtodvowilvokxm	94	mi. Aliquam	2022-08-02 01:10:18	958
36	https://myimages.com/swuveessswsoksh	56	neque. Morbi quis urna. Nunc quis arcu vel	2022-08-03 05:07:55	624
37	http://myimages.com/svpnjcornwciziq	84	ac facilisis facilisis, magna tellus faucibus	2022-08-06 02:33:00	385
38	http://myimages.com/vvxevikowbebwbs	48	sed libero. Proin sed turpis nec mauris blandit	2022-08-05 06:53:09	486
39	http://myimages.com/evomsnkqjfhlksi	56	non dui nec urna suscipit nonummy. Fusce	2022-08-05 20:22:18	941
40	http://myimages.com/wshrjycmmbtknta	5	ipsum porta elit, a	2022-08-02 12:10:06	589
41	https://myimages.com/cewufwhibhmnbnl	20	vulputate, lacus. Cras interdum. Nunc sollicitudin commodo ipsum. Suspendisse	2022-08-07 04:01:15	351
42	https://myimages.com/ahkcsaeqzwsuvku	98	a, malesuada id, erat. Etiam vestibulum massa rutrum	2022-08-02 10:15:19	106
43	http://myimages.com/zupqvupkpepgymi	1	dolor.	2022-08-03 02:37:13	192
44	https://myimages.com/ehdxwfwjabxtiml	85	Donec	2022-08-05 07:56:35	409
45	http://myimages.com/xzolcnssmgovnnv	38	lacus vestibulum lorem, sit	2022-08-02 14:38:39	896
46	https://myimages.com/znexrmfdsbzepie	61	Proin vel arcu eu odio	2022-08-04 04:44:52	267
47	http://myimages.com/yockucpjfsdylba	41	risus quis diam luctus lobortis.	2022-08-02 02:56:41	604
48	https://myimages.com/ouwjacqufhlecyc	85	Morbi sit amet massa. Quisque porttitor eros nec	2022-08-07 02:03:57	359
49	https://myimages.com/wtcmqblgviwdnnu	69	auctor	2022-08-04 19:54:03	646
50	https://myimages.com/zimdrxcfrvgsafn	71	Quisque ornare tortor at risus. Nunc ac sem	2022-08-04 15:00:04	521
51	https://myimages.com/hhqrkzwtajtdzfp	84	magna. Duis dignissim tempor arcu. Vestibulum ut	2022-08-04 09:54:46	801
52	http://myimages.com/itldwfgrrfosmth	52	vulputate mauris sagittis placerat. Cras dictum ultricies	2022-08-02 03:23:48	592
53	http://myimages.com/krsyvtonkcbvlyw	87	enim nisl elementum	2022-08-05 06:29:27	393
54	http://myimages.com/fmmglpjvefcxvhv	38	lorem, eget mollis lectus pede et	2022-08-02 02:15:22	450
55	http://myimages.com/puvwebioixeurvh	19	at pretium aliquet, metus	2022-08-02 15:43:43	219
56	https://myimages.com/vdozvwdrwwxsbfy	9	Nulla aliquet. Proin	2022-08-01 21:51:53	407
57	http://myimages.com/akqzkoirmoilqwe	58	vulputate ullamcorper magna. Sed	2022-08-06 16:50:47	343
58	https://myimages.com/krzihgmzxbggxza	63	Donec fringilla.	2022-08-03 22:47:58	420
59	http://myimages.com/pxqbvkqosvnhpfs	86	metus. Aliquam erat volutpat. Nulla	2022-08-06 15:28:55	372
60	http://myimages.com/qzatmnyjwcjswgy	70	adipiscing ligula. Aenean	2022-08-04 08:54:27	698
61	https://myimages.com/jwfematztbvspuz	64	bibendum. Donec felis	2022-08-05 03:44:31	822
62	https://myimages.com/lhjzaeuvqbuulyp	23	laoreet ipsum. Curabitur consequat, lectus sit	2022-08-05 02:39:58	572
63	http://myimages.com/gwnzgstuwzmusid	2	Nam ac nulla. In tincidunt congue turpis.	2022-08-01 17:27:24	499
64	http://myimages.com/edjoexffdeunfun	4	aliquam eu, accumsan sed, facilisis vitae, orci. Phasellus dapibus	2022-08-07 13:45:19	780
65	http://myimages.com/kspplocabnfmgfg	66	a mi fringilla mi lacinia mattis. Integer eu lacus.	2022-08-03 12:05:32	732
66	https://myimages.com/gxkshnecxeoznzh	30	quis arcu vel quam dignissim	2022-08-04 09:13:37	438
67	https://myimages.com/ayipzaarnsfilsx	49	massa. Quisque porttitor eros nec tellus.	2022-08-07 06:31:50	100
68	https://myimages.com/rfbtwuxslasdjtz	65	lectus ante dictum mi, ac mattis velit justo	2022-08-06 17:32:15	111
69	http://myimages.com/lopclijcwtgianp	36	a, auctor	2022-08-01 20:10:19	505
70	https://myimages.com/fsftonjcfqnixil	25	ut odio vel est tempor bibendum. Donec felis	2022-08-07 19:19:07	218
71	https://myimages.com/crzpbdgusmmrwrh	3	tincidunt, nunc ac mattis ornare, lectus	2022-08-05 15:38:29	670
72	http://myimages.com/iokrwrkueufyrab	46	ante lectus convallis est, vitae	2022-08-02 21:55:10	683
73	http://myimages.com/qvrvhnpupjtsott	23	vulputate, nisi sem semper	2022-08-04 01:50:01	841
74	http://myimages.com/xnfgiyyixiufgpr	65	tristique senectus et netus	2022-08-01 17:50:09	693
75	http://myimages.com/dlzmqgzgjnyryjp	46	quis, pede.	2022-08-06 03:11:43	403
76	http://myimages.com/rjmwlbxxucwxayw	39	consequat enim diam vel arcu. Curabitur ut odio	2022-08-04 06:23:07	933
77	https://myimages.com/isulqycmfydcbfs	26	quis arcu vel quam dignissim	2022-08-06 12:21:08	980
78	https://myimages.com/rhgrmytjouryyrl	55	in, tempus	2022-08-06 01:34:15	968
79	http://myimages.com/eovihtvvbpfnlhp	22	faucibus. Morbi vehicula. Pellentesque tincidunt tempus risus. Donec egestas.	2022-08-01 10:54:00	816
80	https://myimages.com/volcxtmyyizpjhj	33	lorem, eget mollis lectus	2022-08-06 07:54:59	761
81	https://myimages.com/fxkptpygjkkbkll	20	felis, adipiscing fringilla, porttitor vulputate,	2022-08-04 02:54:24	137
82	http://myimages.com/lyoumfkxgjsduhp	90	In scelerisque scelerisque dui. Suspendisse ac metus vitae	2022-08-06 11:50:29	651
83	http://myimages.com/redlesnxvxapekl	99	lacus, varius et, euismod et, commodo at, libero. Morbi	2022-08-05 16:56:01	782
84	https://myimages.com/jvavowfpocphltr	48	tortor. Integer aliquam adipiscing lacus.	2022-08-07 19:39:00	132
85	https://myimages.com/pxgkzqlevbxncck	62	sed tortor. Integer	2022-08-02 11:05:12	259
86	https://myimages.com/kcvcaiojvovpoum	57	libero. Proin mi. Aliquam gravida mauris ut	2022-08-01 11:32:08	863
87	https://myimages.com/cmkppztahrrafrk	96	ut erat. Sed	2022-08-05 22:17:44	717
88	http://myimages.com/nqwapnmhnmvvlsf	79	eu turpis. Nulla aliquet.	2022-08-06 07:04:16	379
89	http://myimages.com/cnulqjiizwixeab	57	leo. Cras vehicula aliquet libero. Integer in	2022-08-05 15:51:03	821
90	https://myimages.com/hhhpldgfrwljptk	35	tristique aliquet. Phasellus fermentum	2022-08-04 08:26:05	442
91	https://myimages.com/jysreibteuesjmw	61	risus odio, auctor vitae,	2022-08-06 15:39:21	507
92	https://myimages.com/uzuzgpugumrjoze	28	Nunc laoreet lectus quis massa. Mauris vestibulum, neque sed	2022-08-08 06:59:35	534
93	http://myimages.com/vrjtofbxrdoglxk	5	ligula. Aliquam erat volutpat. Nulla dignissim.	2022-08-04 05:52:16	279
94	https://myimages.com/mhuorarmaqswonm	69	aliquam iaculis,	2022-08-04 00:22:14	908
95	https://myimages.com/rhhvhhinhyhgskj	87	erat volutpat.	2022-08-05 22:11:09	409
96	http://myimages.com/tfeyfoaoayasjef	77	enim. Curabitur massa. Vestibulum accumsan neque et nunc. Quisque	2022-08-02 18:09:16	710
97	http://myimages.com/klqrvzxwlfcgiqr	43	a, aliquet	2022-08-02 08:17:54	940
98	https://myimages.com/xcrstizykwjmmwe	88	convallis est,	2022-08-01 12:47:17	635
99	http://myimages.com/jikyenkeouglgsv	94	dolor. Fusce mi lorem, vehicula et, rutrum eu, ultrices	2022-08-08 10:17:02	625
100	http://myimages.com/qykfrcmexblsrux	28	nec, imperdiet nec, leo. Morbi neque tellus, imperdiet	2022-08-07 21:26:01	678
\.


--
-- TOC entry 2896 (class 0 OID 92659)
-- Dependencies: 207
-- Data for Name: notification_types; Type: TABLE DATA; Schema: public; Owner: postgres
--

COPY public.notification_types (id, name) FROM stdin;
1	О новых побликациях
2	Комментарии к моим публикациям
3	Комментарии к публикациям в закладках
4	Об изменениях на сайте
\.


--
-- TOC entry 2895 (class 0 OID 92654)
-- Dependencies: 206
-- Data for Name: notifications; Type: TABLE DATA; Schema: public; Owner: postgres
--

COPY public.notifications (user_id, notification_type_id) FROM stdin;
97	2
83	4
44	1
78	1
20	4
27	3
98	4
64	2
50	1
99	2
66	1
24	4
84	2
26	3
48	3
90	3
50	2
86	3
38	3
66	3
82	4
89	2
87	2
5	2
89	3
69	4
13	3
56	2
21	3
91	2
60	1
4	2
27	1
32	4
52	4
83	3
81	2
49	2
6	3
55	3
25	4
9	4
16	2
34	2
60	2
50	3
5	3
7	2
64	3
74	3
62	3
49	4
28	2
99	4
47	2
92	4
79	4
97	1
69	2
83	2
19	1
95	1
37	3
23	4
93	4
40	1
34	4
35	2
19	2
97	3
35	4
76	4
86	2
2	1
59	2
78	4
20	3
94	2
62	4
39	1
45	3
20	2
9	1
9	3
9	2
72	4
99	1
78	2
98	3
79	1
49	3
29	2
76	2
5	4
77	2
69	3
22	2
24	2
34	1
47	3
\.


--
-- TOC entry 2893 (class 0 OID 92634)
-- Dependencies: 204
-- Data for Name: profiles; Type: TABLE DATA; Schema: public; Owner: postgres
--

COPY public.profiles (user_id, avatar_image_id, gender, birthday) FROM stdin;
92	32	M	1963-08-17
87	\N	F	1963-08-26
71	\N	M	1988-01-31
68	\N	F	1984-07-04
51	\N	F	1985-10-21
80	\N	M	1965-01-26
70	\N	F	1956-08-05
52	\N	F	1969-11-22
69	\N	F	1961-01-19
60	\N	M	1952-04-02
97	\N	F	1968-04-11
22	\N	F	1957-10-18
59	\N	M	1979-04-23
65	\N	M	1989-05-18
98	\N	F	1960-03-20
73	\N	F	1972-10-26
44	\N	F	1974-06-07
11	\N	M	1952-07-20
42	\N	M	1988-05-11
88	\N	F	1965-08-14
82	\N	F	1977-12-11
40	\N	F	1975-11-29
43	\N	M	1955-06-15
9	\N	M	1992-07-22
15	\N	M	1985-10-22
79	\N	M	1959-09-15
48	\N	M	1991-06-10
26	\N	F	1999-10-22
85	\N	F	1976-09-03
72	\N	M	1996-11-10
95	\N	M	1958-06-25
57	\N	F	1992-09-29
81	\N	F	1978-08-26
61	\N	M	1965-11-11
19	\N	F	1969-02-01
77	\N	M	1999-12-08
30	\N	F	1968-07-21
21	\N	M	1955-05-22
3	\N	F	1992-01-23
17	\N	M	1997-06-02
37	\N	F	1995-07-23
28	\N	F	1963-04-18
5	\N	F	1978-02-01
56	\N	M	1958-01-01
91	\N	M	1998-07-08
74	\N	F	1983-12-30
54	\N	F	1962-06-04
29	\N	F	1989-09-11
34	\N	M	1958-03-06
96	\N	M	1988-12-28
83	\N	M	1959-08-04
67	\N	M	1995-07-24
63	\N	M	1983-02-07
90	\N	M	1978-04-08
10	\N	F	1962-11-01
35	\N	F	1976-03-19
45	\N	M	1951-02-16
6	\N	F	1995-07-06
86	\N	M	1996-07-27
39	\N	M	1986-03-14
93	\N	F	1967-11-01
89	\N	F	1953-05-26
36	\N	M	1980-12-22
31	\N	F	1981-11-01
50	\N	M	1957-04-24
14	\N	F	1967-01-24
13	\N	F	1957-08-15
2	\N	F	1994-03-23
62	\N	F	1970-06-08
75	\N	M	1952-12-27
99	\N	F	1999-04-07
41	\N	F	1972-07-13
46	\N	F	1996-05-04
32	\N	F	1989-09-19
7	\N	F	1966-03-26
100	\N	M	1980-05-10
38	\N	F	1978-08-22
12	\N	F	1979-02-08
78	\N	M	1977-08-30
24	\N	F	1989-09-04
16	2	F	1966-09-24
53	9	M	1988-09-25
4	18	F	1968-07-29
84	37	F	1995-02-07
66	65	M	1968-02-01
25	\N	F	1982-03-15
94	\N	M	1965-02-01
49	\N	M	2000-03-11
47	\N	M	1959-09-30
20	\N	M	1968-09-15
33	\N	F	1977-02-04
1	\N	M	1971-04-11
76	\N	F	1968-04-03
18	\N	F	1954-12-30
64	\N	F	1977-01-12
55	\N	M	1970-08-06
27	\N	F	1987-06-13
23	\N	F	1967-06-06
58	\N	M	1955-06-07
8	\N	F	1987-05-04
\.


--
-- TOC entry 2890 (class 0 OID 92610)
-- Dependencies: 201
-- Data for Name: publications; Type: TABLE DATA; Schema: public; Owner: postgres
--

COPY public.publications (id, title, cover_image_id, body, author_id, created_at) FROM stdin;
1	scelerisque neque.	39	turpis egestas. Aliquam fringilla cursus purus. Nullam scelerisque neque sed sem egestas blandit. Nam nulla magna, malesuada vel, convallis in, cursus et, eros. Proin ultrices. Duis volutpat nunc sit amet metus. Aliquam erat volutpat. Nulla facilisis. Suspendisse commodo tincidunt nibh. Phasellus nulla. Integer vulputate, risus a ultricies adipiscing, enim mi tempor lorem, eget mollis lectus pede et risus. Quisque libero lacus, varius et, euismod et, commodo at, libero. Morbi accumsan laoreet ipsum. Curabitur consequat, lectus sit amet luctus vulputate, nisi sem semper erat, in consectetuer ipsum nunc id enim. Curabitur massa. Vestibulum accumsan neque et nunc. Quisque ornare tortor at risus. Nunc ac sem ut dolor dapibus gravida. Aliquam tincidunt, nunc ac mattis ornare, lectus ante dictum mi, ac mattis velit justo nec ante. Maecenas mi felis, adipiscing fringilla, porttitor vulputate, posuere vulputate, lacus. Cras interdum. Nunc sollicitudin commodo ipsum. Suspendisse non leo. Vivamus nibh dolor, nonummy ac, feugiat non, lobortis quis, pede. Suspendisse dui. Fusce diam nunc, ullamcorper eu, euismod ac, fermentum vel, mauris. Integer sem elit, pharetra ut, pharetra sed, hendrerit a, arcu. Sed et libero. Proin mi. Aliquam gravida mauris ut mi. Duis risus odio, auctor vitae, aliquet nec, imperdiet nec, leo. Morbi	57	2023-06-10 10:14:00
2	libero. Proin mi. Aliquam	89	hendrerit neque. In ornare sagittis felis. Donec tempor, est ac mattis semper, dui lectus rutrum urna, nec luctus felis purus ac tellus. Suspendisse sed dolor. Fusce mi lorem, vehicula et, rutrum eu, ultrices sit amet, risus. Donec nibh enim, gravida sit amet, dapibus id, blandit at, nisi. Cum sociis natoque penatibus et magnis dis parturient montes, nascetur ridiculus mus. Proin vel nisl. Quisque fringilla euismod enim. Etiam gravida molestie arcu. Sed eu nibh vulputate mauris sagittis placerat. Cras dictum ultricies ligula. Nullam enim. Sed nulla ante, iaculis nec, eleifend non, dapibus rutrum, justo. Praesent luctus. Curabitur egestas nunc sed libero. Proin sed turpis nec mauris blandit mattis. Cras eget nisi dictum augue malesuada malesuada. Integer id magna et ipsum cursus vestibulum. Mauris magna. Duis dignissim tempor arcu. Vestibulum ut eros non enim commodo hendrerit. Donec porttitor tellus non magna. Nam ligula elit, pretium et, rutrum non, hendrerit id, ante. Nunc mauris sapien, cursus in, hendrerit consectetuer, cursus et, magna. Praesent interdum ligula eu enim. Etiam imperdiet dictum magna. Ut tincidunt orci quis lectus. Nullam suscipit, est ac facilisis facilisis, magna tellus faucibus leo, in lobortis tellus justo sit amet nulla. Donec non justo. Proin non massa non ante bibendum ullamcorper. Duis cursus, diam at pretium aliquet, metus urna convallis erat, eget tincidunt dui augue eu tellus. Phasellus elit pede, malesuada vel, venenatis vel, faucibus id, libero. Donec consectetuer mauris id sapien. Cras dolor dolor, tempus non, lacinia at, iaculis quis, pede. Praesent eu dui. Cum sociis natoque penatibus et magnis dis parturient montes,	12	2023-05-06 12:30:00
3	vulputate, risus a	86	Maecenas iaculis aliquet diam. Sed diam lorem, auctor quis, tristique ac, eleifend vitae, erat. Vivamus nisi. Mauris nulla. Integer urna. Vivamus molestie dapibus ligula. Aliquam erat volutpat. Nulla dignissim. Maecenas ornare egestas ligula. Nullam feugiat placerat velit. Quisque varius. Nam porttitor scelerisque neque. Nullam nisl. Maecenas malesuada fringilla est. Mauris eu turpis. Nulla aliquet. Proin velit. Sed malesuada augue ut lacus. Nulla tincidunt, neque vitae semper egestas, urna justo faucibus lectus, a sollicitudin orci sem eget massa. Suspendisse eleifend. Cras sed leo. Cras vehicula aliquet libero. Integer in magna. Phasellus dolor elit, pellentesque a, facilisis non, bibendum sed, est. Nunc laoreet lectus quis massa. Mauris vestibulum, neque sed dictum eleifend, nunc risus varius orci, in consequat enim diam vel arcu. Curabitur ut odio vel est tempor bibendum. Donec felis orci, adipiscing non, luctus sit amet, faucibus ut, nulla. Cras eu tellus eu augue porttitor interdum. Sed auctor odio a purus. Duis elementum, dui	84	2022-01-28 12:08:00
4	tortor, dictum	11	tellus. Aenean egestas hendrerit neque. In ornare sagittis felis. Donec tempor, est ac mattis semper, dui lectus rutrum urna, nec luctus felis purus ac tellus. Suspendisse sed dolor. Fusce mi lorem, vehicula et, rutrum eu, ultrices sit amet, risus. Donec nibh enim, gravida sit amet, dapibus id, blandit at, nisi. Cum sociis natoque penatibus et magnis dis parturient montes, nascetur ridiculus mus. Proin vel nisl. Quisque fringilla euismod enim. Etiam gravida molestie arcu. Sed eu nibh vulputate mauris sagittis placerat. Cras dictum ultricies ligula. Nullam enim. Sed nulla ante, iaculis nec, eleifend non, dapibus rutrum, justo. Praesent luctus. Curabitur egestas nunc sed libero. Proin sed turpis nec mauris blandit mattis. Cras eget nisi dictum augue malesuada malesuada. Integer id magna et ipsum cursus vestibulum. Mauris magna. Duis dignissim tempor arcu. Vestibulum ut eros non enim commodo hendrerit. Donec porttitor tellus non magna. Nam ligula elit, pretium et, rutrum non, hendrerit id, ante. Nunc mauris sapien, cursus in, hendrerit consectetuer, cursus et, magna. Praesent interdum ligula eu enim. Etiam imperdiet dictum magna. Ut tincidunt orci quis lectus. Nullam suscipit, est ac facilisis facilisis, magna tellus faucibus leo, in lobortis tellus justo sit amet nulla. Donec non justo. Proin non massa non ante bibendum ullamcorper. Duis cursus, diam at pretium aliquet, metus urna convallis erat, eget tincidunt dui augue eu tellus. Phasellus elit pede, malesuada vel, venenatis vel, faucibus id, libero. Donec consectetuer mauris id sapien. Cras dolor dolor, tempus non, lacinia at, iaculis quis, pede. Praesent eu dui. Cum sociis natoque penatibus et magnis dis parturient montes, nascetur ridiculus mus. Aenean eget magna. Suspendisse tristique neque venenatis lacus.	46	2023-03-31 05:14:00
5	a, malesuada id,	59	interdum. Sed auctor odio a purus. Duis elementum, dui quis accumsan convallis, ante lectus convallis est, vitae sodales nisi magna sed dui. Fusce aliquam, enim nec tempus scelerisque, lorem ipsum sodales purus, in molestie tortor nibh sit amet orci. Ut sagittis lobortis mauris. Suspendisse aliquet molestie tellus. Aenean egestas hendrerit neque. In ornare sagittis felis. Donec tempor, est ac mattis semper, dui lectus rutrum urna, nec luctus felis purus ac tellus. Suspendisse sed dolor. Fusce mi lorem, vehicula et, rutrum eu, ultrices sit amet, risus. Donec nibh enim, gravida sit amet, dapibus id, blandit at, nisi. Cum sociis natoque penatibus et magnis dis parturient montes, nascetur ridiculus mus.	32	2021-11-16 12:53:00
17	Quisque fringilla euismod enim. Etiam gravida molestie arcu. Sed eu	14	quis accumsan convallis, ante lectus convallis est, vitae sodales nisi magna sed dui. Fusce aliquam, enim nec tempus scelerisque, lorem ipsum sodales purus, in molestie tortor nibh sit amet orci. Ut sagittis lobortis mauris. Suspendisse aliquet molestie tellus. Aenean egestas hendrerit neque. In ornare sagittis felis. Donec tempor, est ac mattis semper, dui lectus rutrum urna, nec luctus felis purus ac tellus. Suspendisse sed dolor. Fusce mi lorem, vehicula et, rutrum eu, ultrices sit amet, risus. Donec nibh enim, gravida sit amet, dapibus id, blandit at, nisi. Cum sociis natoque penatibus et magnis dis parturient montes, nascetur ridiculus mus. Proin vel nisl. Quisque fringilla euismod enim. Etiam gravida molestie arcu. Sed eu nibh vulputate mauris sagittis placerat. Cras dictum ultricies ligula. Nullam enim. Sed nulla ante, iaculis nec, eleifend non, dapibus rutrum, justo. Praesent luctus. Curabitur egestas nunc sed libero. Proin sed turpis nec mauris blandit mattis. Cras eget nisi dictum augue malesuada malesuada. Integer id magna et ipsum cursus vestibulum. Mauris magna.	55	2022-10-18 11:02:00
6	non, cursus	69	fermentum convallis ligula. Donec luctus aliquet odio. Etiam ligula tortor, dictum eu, placerat eget, venenatis a, magna. Lorem ipsum dolor sit amet, consectetuer adipiscing elit. Etiam laoreet, libero et tristique pellentesque, tellus sem mollis dui, in sodales elit erat vitae risus. Duis a mi fringilla mi lacinia mattis. Integer eu lacus. Quisque imperdiet, erat nonummy ultricies ornare, elit elit fermentum risus, at fringilla purus mauris a nunc. In at pede. Cras vulputate velit eu sem. Pellentesque ut ipsum ac mi eleifend egestas. Sed pharetra, felis eget varius ultrices, mauris ipsum porta elit, a feugiat tellus lorem eu metus. In lorem. Donec elementum, lorem ut aliquam iaculis, lacus pede sagittis augue, eu tempor erat neque non quam. Pellentesque habitant morbi tristique senectus et netus et malesuada fames ac turpis egestas. Aliquam fringilla cursus purus. Nullam scelerisque neque sed sem egestas blandit. Nam nulla magna, malesuada vel, convallis in, cursus et, eros. Proin ultrices. Duis volutpat nunc sit amet metus. Aliquam erat volutpat. Nulla facilisis. Suspendisse commodo tincidunt nibh. Phasellus nulla. Integer vulputate, risus a ultricies adipiscing, enim mi tempor lorem, eget mollis lectus pede et risus. Quisque libero lacus, varius et, euismod et, commodo at, libero. Morbi accumsan laoreet ipsum. Curabitur consequat, lectus sit amet luctus vulputate, nisi sem semper erat, in consectetuer ipsum nunc id enim. Curabitur massa. Vestibulum accumsan neque et nunc. Quisque ornare tortor at risus. Nunc ac sem ut dolor dapibus gravida. Aliquam tincidunt, nunc ac mattis ornare, lectus	89	2021-10-02 05:24:00
7	dui augue eu tellus. Phasellus elit	21	imperdiet ullamcorper. Duis at lacus. Quisque purus sapien, gravida non, sollicitudin a, malesuada id, erat. Etiam vestibulum massa rutrum magna. Cras convallis convallis dolor. Quisque tincidunt pede ac urna. Ut tincidunt vehicula risus. Nulla eget metus eu erat semper rutrum. Fusce dolor quam, elementum at, egestas a, scelerisque sed, sapien. Nunc pulvinar arcu et pede. Nunc sed orci lobortis augue scelerisque mollis. Phasellus libero mauris, aliquam eu, accumsan sed, facilisis vitae, orci. Phasellus dapibus quam quis diam. Pellentesque habitant morbi tristique senectus et netus et malesuada fames ac turpis egestas. Fusce aliquet magna a neque. Nullam ut nisi a odio semper cursus. Integer mollis. Integer tincidunt aliquam arcu. Aliquam ultrices iaculis odio. Nam interdum enim non nisi. Aenean eget metus. In nec orci. Donec nibh. Quisque nonummy ipsum non arcu. Vivamus sit amet risus. Donec egestas. Aliquam nec enim. Nunc ut erat. Sed nunc est, mollis non, cursus non, egestas a, dui. Cras pellentesque. Sed dictum. Proin eget odio. Aliquam vulputate ullamcorper magna. Sed eu eros. Nam consequat dolor vitae dolor. Donec fringilla. Donec feugiat metus sit amet ante. Vivamus non lorem vitae odio sagittis semper. Nam tempor diam dictum sapien. Aenean massa. Integer vitae nibh. Donec est mauris, rhoncus id, mollis nec, cursus a, enim. Suspendisse aliquet, sem ut cursus luctus, ipsum leo elementum sem, vitae aliquam eros turpis non enim. Mauris quis turpis vitae purus gravida sagittis. Duis gravida. Praesent eu nulla at sem molestie sodales. Mauris blandit enim consequat purus. Maecenas libero est, congue a, aliquet vel, vulputate eu, odio. Phasellus at augue id ante dictum cursus. Nunc mauris elit, dictum eu, eleifend nec, malesuada ut, sem. Nulla interdum. Curabitur dictum. Phasellus in felis. Nulla	75	2022-11-02 04:38:00
8	consequat dolor vitae dolor. Donec fringilla. Donec feugiat metus	63	nisl. Nulla eu neque pellentesque massa lobortis ultrices. Vivamus rhoncus. Donec est. Nunc ullamcorper, velit in aliquet lobortis, nisi nibh lacinia orci, consectetuer euismod est arcu ac orci. Ut semper pretium neque. Morbi quis urna. Nunc quis arcu vel quam dignissim pharetra. Nam ac nulla. In tincidunt congue turpis. In condimentum. Donec at arcu. Vestibulum ante ipsum primis in faucibus orci luctus et ultrices posuere cubilia Curae Donec tincidunt. Donec vitae erat vel pede blandit congue. In scelerisque scelerisque dui. Suspendisse ac metus vitae velit egestas lacinia. Sed congue, elit sed consequat auctor, nunc nulla vulputate dui, nec tempus mauris erat eget ipsum. Suspendisse sagittis. Nullam vitae diam. Proin dolor. Nulla semper tellus id nunc interdum feugiat. Sed nec metus facilisis lorem tristique aliquet. Phasellus fermentum convallis ligula. Donec luctus aliquet odio. Etiam ligula tortor, dictum eu, placerat eget, venenatis a, magna. Lorem ipsum dolor sit amet, consectetuer adipiscing elit. Etiam laoreet, libero et tristique pellentesque, tellus sem mollis dui, in sodales elit erat vitae risus. Duis a mi fringilla mi lacinia mattis. Integer eu lacus. Quisque imperdiet, erat nonummy ultricies ornare, elit elit fermentum risus, at fringilla purus mauris a nunc. In at pede. Cras vulputate velit eu sem. Pellentesque ut ipsum ac mi eleifend egestas. Sed pharetra, felis eget varius ultrices, mauris ipsum porta elit, a feugiat tellus lorem eu metus. In lorem. Donec elementum, lorem ut aliquam iaculis, lacus pede sagittis augue, eu tempor erat neque non quam. Pellentesque habitant morbi tristique senectus et netus et malesuada fames ac turpis egestas. Aliquam fringilla cursus purus. Nullam scelerisque neque sed sem egestas blandit. Nam nulla magna, malesuada vel, convallis in, cursus et, eros. Proin ultrices. Duis volutpat nunc sit amet metus. Aliquam erat volutpat. Nulla facilisis. Suspendisse commodo tincidunt nibh. Phasellus nulla. Integer vulputate, risus a	42	2022-11-01 01:38:00
9	consequat	42	viverra. Donec tempus, lorem fringilla ornare placerat, orci lacus vestibulum lorem, sit amet ultricies sem magna nec quam. Curabitur vel lectus. Cum sociis natoque penatibus et magnis dis parturient montes, nascetur ridiculus mus. Donec dignissim magna a tortor. Nunc commodo auctor velit. Aliquam nisl. Nulla eu neque pellentesque massa lobortis ultrices. Vivamus rhoncus. Donec est. Nunc ullamcorper, velit in aliquet lobortis, nisi nibh lacinia orci, consectetuer euismod est arcu ac orci. Ut semper pretium neque. Morbi quis urna. Nunc quis arcu vel quam dignissim pharetra. Nam ac nulla. In tincidunt congue turpis. In condimentum. Donec at arcu. Vestibulum ante ipsum primis in faucibus	44	2022-09-17 07:22:00
10	Phasellus vitae mauris sit amet lorem semper auctor.	67	faucibus lectus, a sollicitudin orci sem eget massa. Suspendisse eleifend. Cras sed leo. Cras vehicula aliquet libero. Integer in magna. Phasellus dolor elit, pellentesque a, facilisis non, bibendum sed, est. Nunc laoreet lectus quis massa. Mauris vestibulum, neque sed dictum eleifend, nunc risus varius orci, in consequat enim diam vel arcu. Curabitur ut odio vel est tempor bibendum. Donec felis orci, adipiscing non, luctus sit amet, faucibus ut, nulla. Cras eu tellus eu augue porttitor interdum. Sed auctor odio a purus. Duis elementum, dui quis accumsan convallis, ante lectus convallis est, vitae sodales nisi magna sed dui. Fusce aliquam, enim nec tempus scelerisque, lorem ipsum sodales purus, in molestie tortor nibh sit amet orci. Ut sagittis lobortis mauris. Suspendisse aliquet molestie tellus. Aenean egestas hendrerit neque. In ornare sagittis felis. Donec tempor, est ac mattis semper, dui lectus rutrum urna, nec luctus felis purus ac tellus. Suspendisse sed dolor. Fusce mi lorem, vehicula et, rutrum eu, ultrices sit amet, risus. Donec nibh enim, gravida sit amet, dapibus id, blandit at, nisi. Cum sociis natoque penatibus et magnis dis parturient montes, nascetur ridiculus mus. Proin vel nisl. Quisque fringilla euismod enim. Etiam gravida molestie arcu. Sed eu nibh vulputate mauris sagittis placerat. Cras dictum ultricies ligula. Nullam enim. Sed nulla ante, iaculis nec, eleifend non, dapibus rutrum, justo. Praesent luctus. Curabitur egestas nunc sed libero. Proin sed turpis nec mauris blandit mattis. Cras eget nisi dictum	39	2021-12-05 07:57:00
11	sit amet ultricies sem magna nec quam. Curabitur	52	iaculis aliquet diam. Sed diam lorem, auctor quis, tristique ac, eleifend vitae, erat. Vivamus nisi. Mauris nulla. Integer urna. Vivamus molestie dapibus ligula. Aliquam erat volutpat. Nulla dignissim. Maecenas ornare egestas ligula. Nullam feugiat placerat velit. Quisque varius. Nam porttitor scelerisque neque. Nullam nisl. Maecenas malesuada fringilla est. Mauris eu turpis. Nulla aliquet. Proin velit. Sed malesuada augue ut lacus. Nulla tincidunt, neque vitae semper egestas, urna justo faucibus lectus, a sollicitudin orci sem eget massa. Suspendisse eleifend. Cras sed leo. Cras vehicula aliquet libero. Integer in magna. Phasellus dolor elit, pellentesque a, facilisis non, bibendum sed, est. Nunc laoreet lectus quis massa. Mauris vestibulum, neque sed dictum eleifend, nunc risus varius orci, in consequat enim diam vel arcu. Curabitur ut odio vel est tempor bibendum. Donec felis orci, adipiscing non, luctus sit amet, faucibus ut, nulla. Cras eu tellus eu augue porttitor interdum. Sed auctor odio a purus. Duis elementum, dui quis accumsan convallis, ante lectus convallis est, vitae sodales nisi magna sed dui. Fusce aliquam, enim nec tempus scelerisque, lorem ipsum sodales purus, in molestie tortor nibh sit amet orci. Ut sagittis lobortis mauris. Suspendisse aliquet molestie tellus. Aenean egestas hendrerit neque. In ornare sagittis felis. Donec tempor, est ac mattis semper, dui lectus rutrum urna, nec luctus felis purus ac tellus. Suspendisse sed dolor. Fusce mi lorem, vehicula et, rutrum eu, ultrices sit	45	2023-07-26 02:12:00
12	lacinia at, iaculis quis, pede. Praesent eu	11	augue ac ipsum. Phasellus vitae mauris sit amet lorem semper auctor. Mauris vel turpis. Aliquam adipiscing lobortis risus. In mi pede, nonummy ut, molestie in, tempus eu, ligula. Aenean euismod mauris eu elit. Nulla facilisi. Sed neque. Sed eget lacus. Mauris non dui nec urna suscipit nonummy. Fusce fermentum fermentum arcu. Vestibulum ante ipsum primis in faucibus orci luctus et ultrices posuere cubilia Curae Phasellus ornare. Fusce mollis. Duis sit amet diam eu dolor egestas rhoncus. Proin nisl sem, consequat nec, mollis vitae, posuere at, velit. Cras lorem lorem, luctus ut, pellentesque eget, dictum placerat, augue. Sed molestie. Sed id risus quis diam luctus lobortis. Class aptent taciti sociosqu ad litora torquent per conubia nostra, per inceptos hymenaeos. Mauris ut quam vel sapien imperdiet ornare. In faucibus. Morbi vehicula. Pellentesque tincidunt tempus risus. Donec egestas. Duis ac arcu.	39	2023-05-14 10:34:00
13	Cum sociis natoque penatibus et magnis dis	32	Phasellus elit pede, malesuada vel, venenatis vel, faucibus id, libero. Donec consectetuer mauris id sapien. Cras dolor dolor, tempus non, lacinia at, iaculis quis, pede. Praesent eu dui. Cum sociis natoque penatibus et magnis dis parturient montes, nascetur ridiculus mus. Aenean eget magna. Suspendisse tristique neque venenatis lacus. Etiam bibendum fermentum metus. Aenean sed pede nec ante blandit viverra. Donec tempus, lorem fringilla ornare placerat, orci lacus vestibulum lorem, sit amet ultricies sem magna nec quam. Curabitur vel lectus. Cum sociis natoque penatibus et magnis dis parturient montes, nascetur ridiculus mus. Donec dignissim magna a tortor. Nunc commodo auctor velit. Aliquam nisl. Nulla eu neque pellentesque massa lobortis ultrices. Vivamus rhoncus. Donec est. Nunc ullamcorper, velit in aliquet lobortis, nisi nibh lacinia orci, consectetuer euismod est arcu ac orci. Ut semper pretium neque. Morbi quis urna. Nunc quis arcu vel quam dignissim pharetra. Nam ac nulla. In tincidunt congue turpis. In condimentum. Donec at arcu. Vestibulum ante ipsum primis in faucibus orci luctus et ultrices posuere cubilia Curae Donec tincidunt. Donec vitae erat vel pede blandit congue. In scelerisque scelerisque dui. Suspendisse ac metus vitae velit egestas lacinia. Sed congue, elit sed consequat auctor, nunc nulla vulputate dui, nec tempus mauris erat eget ipsum. Suspendisse sagittis. Nullam vitae diam. Proin dolor. Nulla semper tellus id nunc interdum feugiat. Sed nec metus facilisis lorem tristique aliquet. Phasellus fermentum convallis ligula. Donec luctus aliquet odio. Etiam ligula	35	2023-08-06 10:40:00
14	facilisis vitae, orci. Phasellus dapibus quam quis diam.	83	felis ullamcorper viverra. Maecenas iaculis aliquet diam. Sed diam lorem, auctor quis, tristique ac, eleifend vitae, erat. Vivamus nisi. Mauris nulla. Integer urna. Vivamus molestie dapibus ligula. Aliquam erat volutpat. Nulla dignissim. Maecenas ornare egestas ligula. Nullam feugiat placerat velit. Quisque varius. Nam porttitor scelerisque neque. Nullam nisl. Maecenas malesuada fringilla est. Mauris eu turpis. Nulla aliquet. Proin velit. Sed malesuada augue ut lacus. Nulla tincidunt, neque vitae semper egestas, urna justo faucibus lectus, a sollicitudin orci sem eget massa. Suspendisse eleifend. Cras sed leo. Cras vehicula aliquet libero. Integer in magna. Phasellus dolor elit, pellentesque a, facilisis non, bibendum sed, est. Nunc laoreet lectus quis massa. Mauris vestibulum, neque sed dictum eleifend, nunc risus varius orci, in consequat enim diam vel arcu. Curabitur ut odio vel est tempor bibendum. Donec felis orci, adipiscing non, luctus sit amet, faucibus ut, nulla. Cras eu tellus eu	55	2023-06-28 08:15:00
15	eros. Proin ultrices. Duis	9	eget tincidunt dui augue eu tellus. Phasellus elit pede, malesuada vel, venenatis vel, faucibus id, libero. Donec consectetuer mauris id sapien. Cras dolor dolor, tempus non, lacinia at, iaculis quis, pede. Praesent eu dui. Cum sociis natoque penatibus et magnis dis parturient montes, nascetur ridiculus mus. Aenean eget magna. Suspendisse tristique neque venenatis lacus. Etiam bibendum fermentum metus. Aenean sed pede nec ante blandit viverra. Donec tempus, lorem fringilla ornare placerat, orci lacus vestibulum lorem, sit amet ultricies sem magna nec quam. Curabitur vel lectus. Cum sociis natoque penatibus et magnis dis parturient montes, nascetur ridiculus mus. Donec dignissim magna a tortor. Nunc commodo auctor velit. Aliquam nisl. Nulla eu neque pellentesque massa lobortis ultrices. Vivamus rhoncus. Donec est. Nunc ullamcorper, velit in aliquet lobortis, nisi nibh lacinia orci, consectetuer euismod est arcu ac orci. Ut semper pretium neque. Morbi quis urna. Nunc quis	94	2022-10-14 01:37:00
16	Donec felis orci, adipiscing	55	cursus. Nunc mauris elit, dictum eu, eleifend nec, malesuada ut, sem. Nulla interdum. Curabitur dictum. Phasellus in felis. Nulla tempor augue ac ipsum. Phasellus vitae mauris sit amet lorem semper auctor. Mauris vel turpis. Aliquam adipiscing lobortis risus. In mi pede, nonummy ut, molestie in, tempus eu, ligula. Aenean euismod mauris eu elit. Nulla facilisi. Sed neque. Sed eget lacus. Mauris non dui nec urna suscipit nonummy. Fusce fermentum fermentum arcu. Vestibulum ante ipsum primis in faucibus orci luctus et ultrices posuere cubilia Curae Phasellus ornare. Fusce mollis. Duis sit amet diam eu dolor egestas rhoncus. Proin nisl sem, consequat nec, mollis vitae, posuere at, velit. Cras lorem lorem, luctus ut, pellentesque eget, dictum placerat, augue. Sed molestie. Sed id risus quis diam luctus lobortis. Class aptent taciti sociosqu ad litora torquent per conubia nostra, per inceptos hymenaeos. Mauris ut quam vel sapien imperdiet ornare. In faucibus. Morbi vehicula. Pellentesque tincidunt tempus risus. Donec egestas. Duis ac arcu. Nunc mauris. Morbi non sapien molestie orci tincidunt adipiscing. Mauris molestie pharetra nibh. Aliquam ornare, libero at auctor ullamcorper, nisl arcu iaculis enim, sit amet ornare lectus justo eu arcu. Morbi sit amet massa. Quisque porttitor eros nec tellus. Nunc lectus pede, ultrices a, auctor non, feugiat nec, diam. Duis mi enim, condimentum eget, volutpat ornare, facilisis eget, ipsum. Donec sollicitudin adipiscing ligula. Aenean gravida nunc sed pede. Cum sociis natoque penatibus et magnis dis parturient montes, nascetur ridiculus mus. Proin vel arcu eu odio tristique pharetra. Quisque ac libero nec ligula consectetuer rhoncus. Nullam velit dui, semper et, lacinia vitae, sodales at, velit. Pellentesque ultricies dignissim lacus. Aliquam rutrum lorem ac risus. Morbi metus. Vivamus euismod urna. Nullam lobortis quam a felis ullamcorper viverra. Maecenas iaculis aliquet diam. Sed diam lorem, auctor quis, tristique ac, eleifend vitae, erat. Vivamus nisi.	85	2023-03-31 12:47:00
18	ipsum primis in faucibus orci luctus et ultrices	87	ipsum. Suspendisse sagittis. Nullam vitae diam. Proin dolor. Nulla semper tellus id nunc interdum feugiat. Sed nec metus facilisis lorem tristique aliquet. Phasellus fermentum convallis ligula. Donec luctus aliquet odio. Etiam ligula tortor, dictum eu, placerat eget, venenatis a, magna. Lorem ipsum dolor sit amet, consectetuer adipiscing elit. Etiam laoreet, libero et tristique pellentesque, tellus sem mollis dui, in sodales elit erat vitae risus. Duis a mi fringilla mi lacinia mattis. Integer eu lacus. Quisque imperdiet, erat nonummy ultricies ornare, elit elit fermentum risus, at fringilla purus mauris a nunc. In at pede. Cras vulputate velit eu sem. Pellentesque ut ipsum ac mi eleifend egestas. Sed pharetra, felis eget varius ultrices, mauris ipsum porta elit, a feugiat tellus lorem eu metus. In lorem. Donec elementum, lorem ut aliquam iaculis, lacus pede sagittis augue, eu tempor erat neque non quam. Pellentesque habitant morbi tristique senectus et netus et malesuada fames ac turpis egestas. Aliquam fringilla cursus purus. Nullam scelerisque neque sed sem egestas blandit. Nam nulla magna, malesuada vel, convallis in, cursus et, eros. Proin ultrices. Duis volutpat nunc sit amet metus. Aliquam erat volutpat. Nulla facilisis. Suspendisse commodo tincidunt nibh. Phasellus nulla. Integer vulputate, risus a ultricies adipiscing, enim mi tempor lorem, eget mollis lectus pede et risus. Quisque libero lacus, varius et, euismod et, commodo at, libero. Morbi accumsan laoreet ipsum. Curabitur consequat, lectus sit amet luctus vulputate, nisi sem semper erat, in consectetuer ipsum nunc id enim. Curabitur massa. Vestibulum accumsan neque et nunc. Quisque ornare tortor at risus. Nunc ac sem ut dolor dapibus gravida. Aliquam tincidunt, nunc ac mattis ornare, lectus ante dictum mi, ac mattis velit justo nec ante. Maecenas mi	65	2022-08-31 08:42:00
19	rhoncus. Nullam velit	11	Mauris ut quam vel sapien imperdiet ornare. In faucibus. Morbi vehicula. Pellentesque tincidunt tempus risus. Donec egestas. Duis ac arcu. Nunc mauris. Morbi non sapien molestie orci tincidunt adipiscing. Mauris molestie pharetra nibh. Aliquam ornare, libero at auctor ullamcorper, nisl arcu iaculis enim, sit amet ornare lectus justo eu arcu. Morbi sit amet massa. Quisque porttitor eros nec tellus. Nunc lectus pede, ultrices a, auctor non, feugiat nec, diam. Duis mi enim, condimentum eget, volutpat ornare, facilisis eget, ipsum. Donec sollicitudin adipiscing ligula. Aenean gravida nunc sed pede. Cum sociis natoque penatibus et magnis dis parturient montes, nascetur ridiculus mus. Proin vel arcu eu odio tristique pharetra. Quisque ac libero nec ligula consectetuer rhoncus. Nullam velit dui, semper et, lacinia vitae, sodales at, velit. Pellentesque ultricies dignissim lacus. Aliquam rutrum lorem ac risus. Morbi metus. Vivamus euismod urna. Nullam lobortis quam a felis ullamcorper viverra. Maecenas iaculis aliquet diam. Sed diam lorem, auctor quis, tristique ac, eleifend vitae, erat. Vivamus nisi. Mauris nulla. Integer urna. Vivamus molestie dapibus ligula.	86	2022-11-03 10:32:00
20	mauris a	34	Suspendisse tristique neque venenatis lacus. Etiam bibendum fermentum metus. Aenean sed pede nec ante blandit viverra. Donec tempus, lorem fringilla ornare placerat, orci lacus vestibulum lorem, sit amet ultricies sem magna nec quam. Curabitur vel lectus. Cum sociis natoque penatibus et magnis dis parturient montes, nascetur ridiculus mus. Donec dignissim magna a tortor. Nunc commodo auctor velit. Aliquam nisl. Nulla eu neque pellentesque massa lobortis ultrices. Vivamus rhoncus. Donec est. Nunc ullamcorper, velit in aliquet lobortis, nisi nibh lacinia orci, consectetuer euismod est arcu ac orci. Ut semper pretium neque. Morbi quis urna. Nunc quis arcu vel quam dignissim pharetra. Nam ac nulla. In tincidunt congue turpis. In condimentum. Donec at arcu. Vestibulum ante ipsum primis in faucibus orci luctus et ultrices posuere cubilia Curae Donec tincidunt. Donec vitae erat vel pede blandit congue. In scelerisque scelerisque dui. Suspendisse ac metus vitae velit egestas lacinia. Sed congue, elit sed consequat auctor, nunc nulla vulputate dui, nec tempus	17	2022-06-12 05:09:00
21	scelerisque dui.	98	mauris sit amet lorem semper auctor. Mauris vel turpis. Aliquam adipiscing lobortis risus. In mi pede, nonummy ut, molestie in, tempus eu, ligula. Aenean euismod mauris eu elit. Nulla facilisi. Sed neque. Sed eget lacus. Mauris non dui nec urna suscipit nonummy. Fusce fermentum fermentum arcu. Vestibulum ante ipsum primis in faucibus orci luctus et ultrices posuere cubilia Curae Phasellus ornare. Fusce mollis. Duis sit amet diam eu dolor egestas rhoncus. Proin nisl sem, consequat nec, mollis vitae, posuere at, velit. Cras lorem lorem, luctus ut, pellentesque eget, dictum placerat, augue. Sed molestie. Sed id risus quis diam luctus lobortis. Class aptent taciti	27	2022-07-29 03:15:00
22	primis in faucibus orci luctus	60	Cras lorem lorem, luctus ut, pellentesque eget, dictum placerat, augue. Sed molestie. Sed id risus quis diam luctus lobortis. Class aptent taciti sociosqu ad litora torquent per conubia nostra, per inceptos hymenaeos. Mauris ut quam vel sapien imperdiet ornare. In faucibus. Morbi vehicula. Pellentesque tincidunt tempus risus. Donec egestas. Duis ac arcu. Nunc mauris. Morbi non sapien molestie orci tincidunt adipiscing. Mauris molestie pharetra nibh. Aliquam ornare, libero at auctor ullamcorper, nisl arcu iaculis enim, sit amet ornare lectus justo eu arcu. Morbi sit amet massa. Quisque porttitor eros nec tellus. Nunc lectus pede, ultrices a, auctor non, feugiat nec, diam. Duis mi enim, condimentum eget, volutpat ornare, facilisis eget, ipsum. Donec sollicitudin adipiscing ligula. Aenean gravida nunc sed pede. Cum sociis natoque penatibus et magnis dis parturient montes, nascetur ridiculus mus. Proin vel arcu eu odio tristique pharetra. Quisque ac libero nec ligula consectetuer rhoncus. Nullam velit dui, semper et, lacinia vitae, sodales at, velit. Pellentesque ultricies dignissim lacus. Aliquam rutrum lorem ac risus. Morbi metus. Vivamus euismod urna. Nullam lobortis quam a felis ullamcorper viverra. Maecenas iaculis aliquet diam. Sed diam lorem, auctor quis, tristique ac, eleifend vitae, erat. Vivamus nisi. Mauris nulla. Integer urna. Vivamus molestie dapibus ligula. Aliquam erat volutpat. Nulla dignissim. Maecenas ornare egestas ligula. Nullam feugiat placerat velit. Quisque varius. Nam porttitor scelerisque neque. Nullam nisl. Maecenas malesuada fringilla est. Mauris eu turpis. Nulla aliquet. Proin velit. Sed malesuada augue ut lacus. Nulla tincidunt, neque vitae semper egestas, urna justo faucibus lectus, a sollicitudin orci sem eget massa. Suspendisse eleifend. Cras sed leo. Cras vehicula aliquet libero. Integer in magna. Phasellus dolor elit, pellentesque a, facilisis non, bibendum sed, est. Nunc laoreet lectus quis massa. Mauris vestibulum, neque sed dictum eleifend, nunc risus varius	26	2022-08-31 08:48:00
23	porttitor	42	adipiscing lacus. Ut nec urna et arcu imperdiet ullamcorper. Duis at lacus. Quisque purus sapien, gravida non, sollicitudin a, malesuada id, erat. Etiam vestibulum massa rutrum magna. Cras convallis convallis dolor. Quisque tincidunt pede ac urna. Ut tincidunt vehicula risus. Nulla eget metus eu erat semper rutrum. Fusce dolor quam, elementum at, egestas a, scelerisque sed, sapien. Nunc pulvinar arcu et pede. Nunc sed orci lobortis augue scelerisque mollis. Phasellus libero mauris, aliquam eu, accumsan sed, facilisis vitae, orci. Phasellus dapibus quam quis diam. Pellentesque habitant morbi tristique senectus et netus et malesuada fames ac turpis egestas. Fusce aliquet magna a neque. Nullam ut nisi a odio semper cursus. Integer mollis. Integer tincidunt aliquam arcu. Aliquam ultrices iaculis odio. Nam interdum enim non nisi. Aenean eget metus. In nec orci. Donec nibh. Quisque nonummy ipsum non arcu. Vivamus sit amet risus. Donec egestas. Aliquam nec enim. Nunc ut erat. Sed nunc est, mollis non, cursus non, egestas a,	40	2023-04-07 10:20:00
24	Duis elementum, dui quis accumsan convallis, ante lectus convallis	44	orci luctus et ultrices posuere cubilia Curae Phasellus ornare. Fusce mollis. Duis sit amet diam eu dolor egestas rhoncus. Proin nisl sem, consequat nec, mollis vitae, posuere at, velit. Cras lorem lorem, luctus ut, pellentesque eget, dictum placerat, augue. Sed molestie. Sed id risus quis diam luctus lobortis. Class aptent taciti sociosqu ad litora torquent per conubia nostra, per inceptos hymenaeos. Mauris ut quam vel sapien imperdiet ornare. In faucibus. Morbi vehicula. Pellentesque tincidunt tempus risus. Donec egestas. Duis ac arcu. Nunc mauris. Morbi non sapien molestie orci tincidunt adipiscing. Mauris molestie pharetra nibh. Aliquam ornare, libero at auctor ullamcorper, nisl arcu iaculis enim, sit amet ornare lectus justo eu arcu. Morbi sit amet massa. Quisque porttitor eros nec tellus. Nunc lectus pede, ultrices a, auctor non, feugiat nec, diam. Duis mi enim, condimentum eget, volutpat ornare, facilisis eget, ipsum. Donec sollicitudin adipiscing ligula. Aenean gravida nunc sed pede. Cum sociis natoque penatibus et magnis dis parturient montes, nascetur ridiculus mus. Proin vel arcu eu odio tristique pharetra. Quisque ac libero nec ligula consectetuer rhoncus. Nullam velit dui, semper et, lacinia vitae, sodales at, velit. Pellentesque ultricies dignissim lacus. Aliquam rutrum lorem ac risus. Morbi metus. Vivamus euismod urna. Nullam lobortis quam a felis ullamcorper viverra. Maecenas iaculis aliquet diam. Sed diam lorem, auctor quis, tristique ac, eleifend vitae, erat. Vivamus nisi. Mauris nulla. Integer urna. Vivamus molestie dapibus ligula. Aliquam erat volutpat. Nulla dignissim. Maecenas ornare egestas ligula. Nullam feugiat placerat velit. Quisque varius. Nam porttitor scelerisque neque. Nullam nisl. Maecenas malesuada fringilla est. Mauris eu turpis. Nulla aliquet. Proin velit. Sed malesuada augue ut lacus. Nulla tincidunt, neque	93	2022-02-16 07:11:00
25	nisi dictum augue malesuada malesuada.	43	dis parturient montes, nascetur ridiculus mus. Proin vel arcu eu odio tristique pharetra. Quisque ac libero nec ligula consectetuer rhoncus. Nullam velit dui, semper et, lacinia vitae, sodales at, velit. Pellentesque ultricies dignissim lacus. Aliquam rutrum lorem ac risus. Morbi metus. Vivamus euismod urna. Nullam lobortis quam a felis ullamcorper viverra. Maecenas iaculis aliquet diam. Sed diam lorem, auctor quis, tristique ac, eleifend vitae, erat. Vivamus nisi. Mauris nulla. Integer urna. Vivamus molestie dapibus ligula. Aliquam erat volutpat. Nulla dignissim. Maecenas ornare egestas ligula. Nullam feugiat placerat velit. Quisque varius. Nam porttitor scelerisque neque. Nullam nisl. Maecenas malesuada fringilla est. Mauris eu turpis. Nulla aliquet. Proin velit. Sed malesuada augue ut lacus. Nulla tincidunt, neque vitae semper egestas, urna justo faucibus lectus, a sollicitudin orci sem eget massa. Suspendisse eleifend. Cras sed leo. Cras vehicula aliquet libero. Integer in magna. Phasellus dolor elit, pellentesque a, facilisis non, bibendum sed, est. Nunc laoreet lectus quis massa. Mauris vestibulum, neque sed dictum eleifend, nunc risus varius orci, in consequat enim diam vel arcu. Curabitur ut odio vel est tempor bibendum. Donec felis orci, adipiscing non, luctus sit amet, faucibus ut, nulla. Cras eu tellus eu	54	2022-03-31 07:43:00
26	neque. Sed	93	rutrum non, hendrerit id, ante. Nunc mauris sapien, cursus in, hendrerit consectetuer, cursus et, magna. Praesent interdum ligula eu enim. Etiam imperdiet dictum magna. Ut tincidunt orci quis lectus. Nullam suscipit, est ac facilisis facilisis, magna tellus faucibus leo, in lobortis tellus justo sit amet nulla. Donec non justo. Proin non massa non ante bibendum ullamcorper. Duis cursus, diam at pretium aliquet, metus urna convallis erat, eget tincidunt dui augue eu tellus. Phasellus elit pede, malesuada vel, venenatis vel, faucibus id, libero. Donec consectetuer mauris id sapien. Cras dolor dolor, tempus non, lacinia at, iaculis quis, pede. Praesent eu dui. Cum sociis natoque penatibus et magnis dis parturient montes, nascetur ridiculus mus. Aenean eget magna. Suspendisse tristique neque venenatis lacus. Etiam bibendum fermentum metus. Aenean sed pede nec ante blandit viverra. Donec tempus, lorem fringilla ornare placerat, orci lacus vestibulum lorem, sit amet ultricies sem magna nec quam. Curabitur vel lectus. Cum sociis natoque penatibus et magnis dis parturient montes, nascetur ridiculus mus. Donec dignissim magna a tortor. Nunc commodo auctor velit. Aliquam nisl. Nulla eu neque pellentesque massa lobortis ultrices. Vivamus rhoncus.	12	2022-07-24 08:31:00
27	eget	88	Aliquam rutrum lorem ac risus. Morbi metus. Vivamus euismod urna. Nullam lobortis quam a felis ullamcorper viverra. Maecenas iaculis aliquet diam. Sed diam lorem, auctor quis, tristique ac, eleifend vitae, erat. Vivamus nisi. Mauris nulla. Integer urna. Vivamus molestie dapibus ligula. Aliquam erat volutpat. Nulla dignissim. Maecenas ornare egestas ligula. Nullam feugiat placerat velit. Quisque varius. Nam porttitor scelerisque neque. Nullam nisl. Maecenas malesuada fringilla est. Mauris eu turpis. Nulla aliquet. Proin velit. Sed malesuada augue ut lacus. Nulla tincidunt, neque vitae semper egestas, urna justo faucibus lectus, a sollicitudin orci sem eget massa. Suspendisse eleifend. Cras sed leo. Cras vehicula aliquet libero. Integer in magna. Phasellus dolor elit, pellentesque a, facilisis non, bibendum sed, est. Nunc laoreet lectus quis	13	2021-12-23 10:19:00
28	viverra. Donec tempus, lorem fringilla	23	aliquet libero. Integer in magna. Phasellus dolor elit, pellentesque a, facilisis non, bibendum sed, est. Nunc laoreet lectus quis massa. Mauris vestibulum, neque sed dictum eleifend, nunc risus varius orci, in consequat enim diam vel arcu. Curabitur ut odio vel est tempor bibendum. Donec felis orci, adipiscing non, luctus sit amet, faucibus ut, nulla. Cras eu tellus eu augue porttitor interdum. Sed auctor odio a purus. Duis elementum, dui quis accumsan convallis, ante lectus convallis est, vitae sodales nisi magna sed dui. Fusce aliquam, enim nec tempus scelerisque, lorem ipsum sodales purus, in molestie tortor nibh sit amet orci. Ut sagittis lobortis mauris. Suspendisse aliquet molestie tellus. Aenean egestas hendrerit neque. In ornare sagittis felis. Donec tempor, est ac mattis semper, dui lectus rutrum urna, nec luctus felis purus ac tellus. Suspendisse sed dolor. Fusce mi lorem, vehicula et, rutrum eu, ultrices sit amet, risus. Donec nibh enim, gravida sit amet, dapibus id, blandit at, nisi. Cum sociis natoque penatibus et magnis dis parturient montes, nascetur ridiculus mus. Proin vel nisl. Quisque fringilla euismod enim.	66	2023-06-05 09:59:00
35	Phasellus dapibus quam quis diam. Pellentesque habitant morbi tristique senectus	77	sed orci lobortis augue scelerisque mollis. Phasellus libero mauris, aliquam eu, accumsan sed, facilisis vitae, orci. Phasellus dapibus quam quis diam. Pellentesque habitant morbi tristique senectus et netus et malesuada fames ac turpis egestas. Fusce aliquet magna a neque. Nullam ut nisi a odio semper cursus. Integer mollis. Integer tincidunt aliquam arcu. Aliquam ultrices iaculis odio. Nam interdum enim non nisi. Aenean eget metus. In nec orci. Donec nibh. Quisque nonummy ipsum non arcu. Vivamus sit amet risus. Donec egestas. Aliquam nec enim. Nunc ut erat. Sed nunc est, mollis non, cursus non, egestas a, dui. Cras pellentesque. Sed dictum. Proin eget odio. Aliquam vulputate ullamcorper magna. Sed eu eros. Nam consequat dolor vitae dolor. Donec fringilla. Donec feugiat metus sit amet ante. Vivamus non lorem vitae odio sagittis semper. Nam tempor	75	2023-08-19 01:46:00
29	leo. Cras vehicula aliquet libero. Integer in magna.	76	malesuada fringilla est. Mauris eu turpis. Nulla aliquet. Proin velit. Sed malesuada augue ut lacus. Nulla tincidunt, neque vitae semper egestas, urna justo faucibus lectus, a sollicitudin orci sem eget massa. Suspendisse eleifend. Cras sed leo. Cras vehicula aliquet libero. Integer in magna. Phasellus dolor elit, pellentesque a, facilisis non, bibendum sed, est. Nunc laoreet lectus quis massa. Mauris vestibulum, neque sed dictum eleifend, nunc risus varius orci, in consequat enim diam vel arcu. Curabitur ut odio vel est tempor bibendum. Donec felis orci, adipiscing non, luctus sit amet, faucibus ut, nulla. Cras eu tellus eu augue porttitor interdum. Sed auctor odio a purus. Duis elementum, dui quis accumsan convallis, ante lectus convallis est, vitae sodales nisi magna sed dui. Fusce aliquam, enim nec tempus scelerisque, lorem ipsum sodales purus, in molestie tortor nibh sit amet orci. Ut sagittis lobortis mauris. Suspendisse aliquet molestie tellus. Aenean egestas hendrerit neque. In ornare sagittis felis. Donec tempor, est ac mattis semper, dui lectus rutrum urna, nec luctus felis purus ac tellus. Suspendisse sed dolor. Fusce mi lorem, vehicula et, rutrum eu, ultrices sit amet, risus. Donec nibh enim, gravida sit amet, dapibus id, blandit at, nisi. Cum sociis natoque penatibus et magnis dis parturient montes, nascetur ridiculus mus. Proin vel nisl. Quisque fringilla euismod enim. Etiam gravida molestie arcu. Sed eu nibh vulputate mauris sagittis placerat. Cras dictum ultricies ligula. Nullam enim. Sed nulla ante, iaculis nec, eleifend non, dapibus rutrum, justo. Praesent luctus. Curabitur egestas nunc sed libero. Proin sed turpis nec mauris blandit mattis. Cras eget nisi dictum augue	96	2021-12-25 11:07:00
30	libero. Morbi accumsan laoreet ipsum. Curabitur consequat,	89	nec quam. Curabitur vel lectus. Cum sociis natoque penatibus et magnis dis parturient montes, nascetur ridiculus mus. Donec dignissim magna a tortor. Nunc commodo auctor velit. Aliquam nisl. Nulla eu neque pellentesque massa lobortis ultrices. Vivamus rhoncus. Donec est. Nunc ullamcorper, velit in aliquet lobortis, nisi nibh lacinia orci, consectetuer euismod est arcu ac orci. Ut semper pretium neque. Morbi quis urna. Nunc quis arcu vel quam dignissim pharetra. Nam ac nulla. In tincidunt congue turpis. In condimentum. Donec at arcu. Vestibulum ante ipsum primis in faucibus orci luctus et ultrices posuere cubilia Curae Donec tincidunt. Donec vitae erat vel pede blandit congue. In scelerisque scelerisque dui. Suspendisse ac metus vitae velit egestas lacinia. Sed congue, elit sed consequat auctor, nunc nulla vulputate dui, nec tempus mauris erat eget ipsum. Suspendisse sagittis. Nullam vitae diam. Proin dolor. Nulla semper tellus id nunc interdum feugiat. Sed nec metus facilisis lorem tristique aliquet. Phasellus fermentum	24	2023-07-19 09:46:00
31	dictum eu, eleifend nec,	18	quam dignissim pharetra. Nam ac nulla. In tincidunt congue turpis. In condimentum. Donec at arcu. Vestibulum ante ipsum primis in faucibus orci luctus et ultrices posuere cubilia Curae Donec tincidunt. Donec vitae erat vel pede blandit congue. In scelerisque scelerisque dui. Suspendisse ac metus vitae velit egestas lacinia. Sed congue, elit sed consequat auctor, nunc nulla vulputate dui, nec tempus mauris erat eget ipsum. Suspendisse sagittis. Nullam vitae diam. Proin dolor. Nulla semper tellus id nunc interdum feugiat. Sed nec metus facilisis lorem tristique aliquet. Phasellus fermentum convallis ligula. Donec luctus aliquet odio. Etiam ligula tortor, dictum eu, placerat eget, venenatis a, magna. Lorem ipsum dolor sit amet, consectetuer adipiscing elit. Etiam laoreet, libero et tristique pellentesque, tellus sem mollis dui, in sodales elit erat vitae risus. Duis a mi fringilla mi lacinia	37	2023-07-19 02:29:00
32	morbi tristique senectus et netus et	60	Donec fringilla. Donec feugiat metus sit amet ante. Vivamus non lorem vitae odio sagittis semper. Nam tempor diam dictum sapien. Aenean massa. Integer vitae nibh. Donec est mauris, rhoncus id, mollis nec, cursus a, enim. Suspendisse aliquet, sem ut cursus luctus, ipsum leo elementum sem, vitae aliquam eros turpis non enim. Mauris quis turpis vitae purus gravida sagittis. Duis gravida. Praesent eu nulla at sem molestie sodales. Mauris blandit enim consequat purus. Maecenas libero est, congue a, aliquet vel, vulputate eu, odio. Phasellus at augue id ante dictum cursus. Nunc mauris elit, dictum eu, eleifend nec, malesuada ut, sem. Nulla interdum. Curabitur dictum. Phasellus in	50	2021-12-24 06:43:00
33	ipsum primis in faucibus orci luctus et ultrices posuere	43	Etiam bibendum fermentum metus. Aenean sed pede nec ante blandit viverra. Donec tempus, lorem fringilla ornare placerat, orci lacus vestibulum lorem, sit amet ultricies sem magna nec quam. Curabitur vel lectus. Cum sociis natoque penatibus et magnis dis parturient montes, nascetur ridiculus mus. Donec dignissim magna a tortor. Nunc commodo auctor velit. Aliquam nisl. Nulla eu neque pellentesque massa lobortis ultrices. Vivamus rhoncus. Donec est. Nunc ullamcorper, velit in aliquet lobortis, nisi nibh lacinia orci, consectetuer euismod est arcu ac orci. Ut semper pretium neque. Morbi quis urna. Nunc quis arcu vel quam dignissim pharetra. Nam ac nulla. In tincidunt congue turpis. In condimentum. Donec at arcu. Vestibulum ante ipsum primis in faucibus orci luctus et ultrices posuere cubilia Curae Donec tincidunt. Donec vitae erat vel pede blandit congue. In scelerisque scelerisque dui. Suspendisse ac metus vitae velit egestas lacinia. Sed congue, elit sed consequat auctor, nunc nulla vulputate dui, nec tempus mauris erat eget ipsum. Suspendisse sagittis. Nullam vitae diam. Proin dolor. Nulla semper tellus id nunc interdum feugiat. Sed nec metus facilisis lorem tristique aliquet. Phasellus fermentum convallis ligula. Donec luctus aliquet odio. Etiam ligula tortor, dictum eu, placerat eget, venenatis a, magna. Lorem ipsum dolor sit amet, consectetuer adipiscing elit. Etiam laoreet, libero et tristique pellentesque, tellus sem mollis dui, in sodales elit erat vitae risus. Duis a mi	67	2023-08-23 05:51:00
34	Integer mollis. Integer tincidunt aliquam arcu. Aliquam	21	aliquam iaculis, lacus pede sagittis augue, eu tempor erat neque non quam. Pellentesque habitant morbi tristique senectus et netus et malesuada fames ac turpis egestas. Aliquam fringilla cursus purus. Nullam scelerisque neque sed sem egestas blandit. Nam nulla magna, malesuada vel, convallis in, cursus et, eros. Proin ultrices. Duis volutpat nunc sit amet metus. Aliquam erat volutpat. Nulla facilisis. Suspendisse commodo tincidunt nibh. Phasellus nulla. Integer vulputate, risus a ultricies adipiscing, enim mi tempor lorem, eget mollis lectus pede et risus. Quisque libero lacus, varius et, euismod et, commodo at, libero. Morbi accumsan laoreet ipsum. Curabitur consequat, lectus sit amet luctus vulputate, nisi sem semper erat, in consectetuer ipsum nunc id enim. Curabitur massa. Vestibulum accumsan neque et nunc. Quisque ornare tortor at risus. Nunc ac sem ut dolor dapibus gravida. Aliquam tincidunt, nunc ac mattis ornare, lectus ante dictum mi, ac mattis velit justo nec ante. Maecenas mi felis, adipiscing fringilla, porttitor vulputate, posuere	34	2023-04-29 08:28:00
36	pellentesque massa	67	sit amet, dapibus id, blandit at, nisi. Cum sociis natoque penatibus et magnis dis parturient montes, nascetur ridiculus mus. Proin vel nisl. Quisque fringilla euismod enim. Etiam gravida molestie arcu. Sed eu nibh vulputate mauris sagittis placerat. Cras dictum ultricies ligula. Nullam enim. Sed nulla ante, iaculis nec, eleifend non, dapibus rutrum, justo. Praesent luctus. Curabitur egestas nunc sed libero. Proin sed turpis nec mauris blandit mattis. Cras eget nisi dictum augue malesuada malesuada. Integer id magna et ipsum cursus vestibulum. Mauris magna. Duis dignissim tempor arcu. Vestibulum ut eros non enim commodo hendrerit. Donec porttitor tellus non magna. Nam ligula elit, pretium et, rutrum non, hendrerit id, ante. Nunc mauris sapien, cursus in, hendrerit consectetuer, cursus et, magna. Praesent interdum ligula eu enim. Etiam imperdiet dictum magna. Ut tincidunt orci quis lectus. Nullam suscipit, est ac facilisis facilisis, magna tellus faucibus leo, in lobortis tellus justo sit amet nulla. Donec non justo. Proin non massa non ante bibendum ullamcorper. Duis cursus, diam at pretium aliquet, metus urna convallis erat, eget tincidunt dui augue eu tellus. Phasellus elit pede, malesuada vel, venenatis vel,	66	2023-03-08 10:27:00
37	fames ac turpis egestas.	48	hendrerit id, ante. Nunc mauris sapien, cursus in, hendrerit consectetuer, cursus et, magna. Praesent interdum ligula eu enim. Etiam imperdiet dictum magna. Ut tincidunt orci quis lectus. Nullam suscipit, est ac facilisis facilisis, magna tellus faucibus leo, in lobortis tellus justo sit amet nulla. Donec non justo. Proin non massa non ante bibendum ullamcorper. Duis cursus, diam at pretium aliquet, metus urna convallis erat, eget tincidunt dui augue eu tellus. Phasellus elit pede, malesuada vel, venenatis vel, faucibus id, libero. Donec consectetuer mauris id sapien. Cras dolor dolor, tempus non, lacinia at, iaculis quis, pede. Praesent eu dui. Cum sociis natoque penatibus et magnis dis parturient montes, nascetur ridiculus mus. Aenean	76	2022-07-22 09:17:00
38	Fusce dolor quam, elementum at, egestas a, scelerisque	7	elit sed consequat auctor, nunc nulla vulputate dui, nec tempus mauris erat eget ipsum. Suspendisse sagittis. Nullam vitae diam. Proin dolor. Nulla semper tellus id nunc interdum feugiat. Sed nec metus facilisis lorem tristique aliquet. Phasellus fermentum convallis ligula. Donec luctus aliquet odio. Etiam ligula tortor, dictum eu, placerat eget, venenatis a, magna. Lorem ipsum dolor sit amet, consectetuer adipiscing elit. Etiam laoreet, libero et tristique pellentesque, tellus sem mollis dui, in sodales elit erat vitae risus. Duis a mi fringilla mi lacinia mattis. Integer eu lacus. Quisque imperdiet, erat nonummy ultricies ornare, elit elit fermentum risus, at fringilla purus mauris a nunc. In at pede. Cras vulputate velit eu sem. Pellentesque ut ipsum ac mi eleifend egestas. Sed pharetra, felis eget varius ultrices, mauris ipsum porta elit, a feugiat tellus lorem eu metus. In lorem. Donec elementum, lorem ut aliquam iaculis, lacus pede sagittis augue, eu	94	2022-07-16 07:38:00
39	ridiculus mus. Donec dignissim magna a	91	orci lacus vestibulum lorem, sit amet ultricies sem magna nec quam. Curabitur vel lectus. Cum sociis natoque penatibus et magnis dis parturient montes, nascetur ridiculus mus. Donec dignissim magna a tortor. Nunc commodo auctor velit. Aliquam nisl. Nulla eu neque pellentesque massa lobortis ultrices. Vivamus rhoncus. Donec est. Nunc ullamcorper, velit in aliquet lobortis, nisi nibh lacinia orci, consectetuer euismod est arcu ac orci. Ut semper pretium neque. Morbi quis urna. Nunc quis arcu vel quam dignissim pharetra. Nam ac nulla. In tincidunt congue turpis. In condimentum. Donec at arcu. Vestibulum ante ipsum primis in faucibus orci luctus et ultrices posuere cubilia Curae Donec tincidunt. Donec vitae erat vel	84	2023-05-19 03:57:00
40	dapibus quam quis diam. Pellentesque habitant morbi tristique	25	vestibulum lorem, sit amet ultricies sem magna nec quam. Curabitur vel lectus. Cum sociis natoque penatibus et magnis dis parturient montes, nascetur ridiculus mus. Donec dignissim magna a tortor. Nunc commodo auctor velit. Aliquam nisl. Nulla eu neque pellentesque massa lobortis ultrices. Vivamus rhoncus. Donec est. Nunc ullamcorper, velit in aliquet lobortis, nisi nibh lacinia orci, consectetuer euismod est arcu ac orci. Ut semper pretium neque. Morbi quis urna. Nunc quis arcu vel quam dignissim pharetra. Nam ac nulla. In tincidunt congue turpis. In condimentum. Donec at arcu. Vestibulum ante ipsum primis in faucibus orci luctus et ultrices posuere cubilia Curae Donec tincidunt. Donec vitae erat vel pede blandit congue. In scelerisque scelerisque dui. Suspendisse	95	2023-07-13 01:16:00
41	quis, tristique ac, eleifend vitae, erat. Vivamus nisi. Mauris	97	ornare lectus justo eu arcu. Morbi sit amet massa. Quisque porttitor eros nec tellus. Nunc lectus pede, ultrices a, auctor non, feugiat nec, diam. Duis mi enim, condimentum eget, volutpat ornare, facilisis eget, ipsum. Donec sollicitudin adipiscing ligula. Aenean gravida nunc sed pede. Cum sociis natoque penatibus et magnis dis parturient montes, nascetur ridiculus mus. Proin vel arcu eu odio tristique pharetra. Quisque ac libero nec ligula consectetuer rhoncus. Nullam velit dui, semper et, lacinia vitae, sodales at, velit. Pellentesque ultricies dignissim lacus. Aliquam rutrum lorem ac risus. Morbi metus. Vivamus euismod urna. Nullam lobortis quam a felis ullamcorper viverra. Maecenas iaculis aliquet diam. Sed diam lorem, auctor quis, tristique ac, eleifend vitae, erat. Vivamus nisi. Mauris nulla. Integer urna. Vivamus molestie dapibus ligula. Aliquam erat volutpat. Nulla dignissim. Maecenas ornare egestas ligula. Nullam feugiat placerat velit. Quisque varius. Nam porttitor scelerisque neque. Nullam nisl. Maecenas	49	2022-12-31 11:01:00
42	vulputate eu, odio. Phasellus	59	Integer tincidunt aliquam arcu. Aliquam ultrices iaculis odio. Nam interdum enim non nisi. Aenean eget metus. In nec orci. Donec nibh. Quisque nonummy ipsum non arcu. Vivamus sit amet risus. Donec egestas. Aliquam nec enim. Nunc ut erat. Sed nunc est, mollis non, cursus non, egestas a, dui. Cras pellentesque. Sed dictum. Proin eget odio. Aliquam vulputate ullamcorper magna. Sed eu eros. Nam consequat dolor vitae dolor. Donec fringilla. Donec feugiat metus sit amet ante. Vivamus non lorem vitae odio sagittis semper. Nam tempor diam dictum sapien. Aenean massa. Integer vitae nibh. Donec est mauris, rhoncus id, mollis nec, cursus a, enim. Suspendisse aliquet, sem ut cursus luctus, ipsum leo elementum sem, vitae aliquam eros turpis non enim. Mauris quis turpis vitae purus gravida sagittis. Duis gravida. Praesent eu nulla at sem molestie sodales. Mauris blandit enim consequat purus. Maecenas libero est, congue a, aliquet vel, vulputate eu, odio. Phasellus at augue id ante dictum cursus. Nunc mauris elit, dictum eu, eleifend nec, malesuada ut, sem. Nulla interdum. Curabitur dictum. Phasellus in felis. Nulla tempor augue ac ipsum. Phasellus vitae mauris sit amet lorem semper auctor. Mauris vel turpis. Aliquam adipiscing lobortis risus. In mi pede, nonummy ut, molestie in, tempus eu, ligula. Aenean euismod mauris eu elit. Nulla facilisi. Sed neque. Sed eget lacus. Mauris non dui nec urna suscipit nonummy. Fusce fermentum fermentum arcu. Vestibulum ante ipsum primis in	65	2022-07-25 10:59:00
43	lectus sit amet	73	id, erat. Etiam vestibulum massa rutrum magna. Cras convallis convallis dolor. Quisque tincidunt pede ac urna. Ut tincidunt vehicula risus. Nulla eget metus eu erat semper rutrum. Fusce dolor quam, elementum at, egestas a, scelerisque sed, sapien. Nunc pulvinar arcu et pede. Nunc sed orci lobortis augue scelerisque mollis. Phasellus libero mauris, aliquam eu, accumsan sed, facilisis vitae, orci. Phasellus dapibus quam quis diam. Pellentesque habitant morbi tristique senectus et netus et malesuada fames ac turpis egestas. Fusce aliquet magna a neque. Nullam ut nisi a odio semper cursus. Integer mollis. Integer tincidunt aliquam arcu. Aliquam ultrices iaculis odio. Nam interdum enim non nisi. Aenean eget metus. In nec orci. Donec nibh. Quisque nonummy ipsum non arcu. Vivamus sit amet risus. Donec egestas. Aliquam nec enim. Nunc ut erat. Sed nunc est, mollis non, cursus non, egestas a, dui. Cras pellentesque. Sed dictum.	33	2022-02-22 02:30:00
44	nec luctus felis purus	43	diam lorem, auctor quis, tristique ac, eleifend vitae, erat. Vivamus nisi. Mauris nulla. Integer urna. Vivamus molestie dapibus ligula. Aliquam erat volutpat. Nulla dignissim. Maecenas ornare egestas ligula. Nullam feugiat placerat velit. Quisque varius. Nam porttitor scelerisque neque. Nullam nisl. Maecenas malesuada fringilla est. Mauris eu turpis. Nulla aliquet. Proin velit. Sed malesuada augue ut lacus. Nulla tincidunt, neque vitae semper egestas, urna justo faucibus lectus, a sollicitudin orci sem eget massa. Suspendisse eleifend. Cras sed leo. Cras vehicula aliquet libero. Integer in magna. Phasellus dolor elit, pellentesque a, facilisis non, bibendum sed, est. Nunc laoreet lectus quis massa. Mauris vestibulum, neque sed dictum eleifend, nunc risus varius orci, in consequat enim diam vel arcu. Curabitur ut odio vel est tempor bibendum. Donec felis orci, adipiscing non, luctus sit amet, faucibus ut, nulla. Cras eu tellus eu augue porttitor interdum. Sed auctor odio a purus. Duis elementum, dui quis accumsan convallis, ante lectus convallis est, vitae sodales nisi magna sed dui. Fusce aliquam, enim nec tempus scelerisque, lorem ipsum sodales purus, in molestie tortor nibh sit amet orci. Ut sagittis lobortis mauris. Suspendisse aliquet molestie tellus. Aenean egestas hendrerit neque. In ornare sagittis felis. Donec tempor, est ac mattis semper, dui lectus rutrum urna, nec luctus felis purus ac tellus. Suspendisse sed dolor. Fusce mi lorem, vehicula et, rutrum eu, ultrices sit amet, risus. Donec nibh enim, gravida sit amet, dapibus id, blandit at, nisi. Cum sociis	44	2023-01-25 03:02:00
45	auctor, velit eget laoreet posuere, enim nisl elementum purus,	73	rhoncus. Proin nisl sem, consequat nec, mollis vitae, posuere at, velit. Cras lorem lorem, luctus ut, pellentesque eget, dictum placerat, augue. Sed molestie. Sed id risus quis diam luctus lobortis. Class aptent taciti sociosqu ad litora torquent per conubia nostra, per inceptos hymenaeos. Mauris ut quam vel sapien imperdiet ornare. In faucibus. Morbi vehicula. Pellentesque tincidunt tempus risus. Donec egestas. Duis ac arcu. Nunc mauris. Morbi non sapien molestie orci tincidunt adipiscing. Mauris molestie pharetra nibh. Aliquam ornare, libero at auctor ullamcorper, nisl arcu iaculis enim, sit amet ornare lectus justo eu arcu. Morbi sit amet massa. Quisque porttitor eros nec tellus. Nunc lectus pede, ultrices a, auctor non, feugiat nec, diam. Duis mi enim, condimentum eget, volutpat ornare, facilisis eget, ipsum. Donec sollicitudin adipiscing ligula. Aenean gravida nunc sed pede. Cum sociis natoque penatibus et magnis dis parturient montes, nascetur ridiculus mus. Proin vel arcu eu odio tristique pharetra. Quisque ac libero nec ligula consectetuer rhoncus. Nullam velit dui, semper et, lacinia vitae, sodales at, velit. Pellentesque ultricies dignissim lacus. Aliquam rutrum lorem ac risus. Morbi metus. Vivamus euismod urna. Nullam lobortis quam a felis ullamcorper viverra. Maecenas iaculis aliquet diam. Sed diam lorem, auctor quis, tristique ac, eleifend vitae, erat. Vivamus nisi. Mauris nulla. Integer urna. Vivamus molestie dapibus ligula. Aliquam erat volutpat. Nulla dignissim. Maecenas ornare egestas ligula. Nullam feugiat placerat velit. Quisque varius. Nam porttitor scelerisque neque. Nullam nisl. Maecenas malesuada fringilla est. Mauris eu turpis. Nulla aliquet. Proin velit. Sed malesuada augue ut lacus. Nulla tincidunt, neque vitae semper egestas, urna justo faucibus lectus, a sollicitudin orci sem eget massa. Suspendisse eleifend. Cras sed leo. Cras vehicula aliquet libero. Integer in magna. Phasellus dolor elit, pellentesque a, facilisis	4	2021-09-11 06:29:00
46	mauris ut mi. Duis risus odio, auctor	76	rutrum magna. Cras convallis convallis dolor. Quisque tincidunt pede ac urna. Ut tincidunt vehicula risus. Nulla eget metus eu erat semper rutrum. Fusce dolor quam, elementum at, egestas a, scelerisque sed, sapien. Nunc pulvinar arcu et pede. Nunc sed orci lobortis augue scelerisque mollis. Phasellus libero mauris, aliquam eu, accumsan sed, facilisis vitae, orci. Phasellus dapibus quam quis diam. Pellentesque habitant morbi tristique senectus et netus et malesuada fames ac turpis egestas. Fusce aliquet magna a neque. Nullam ut nisi a odio semper cursus. Integer mollis. Integer tincidunt aliquam arcu. Aliquam ultrices iaculis odio. Nam interdum enim non nisi. Aenean eget metus. In nec orci. Donec nibh. Quisque nonummy ipsum non arcu. Vivamus sit	27	2023-01-07 04:42:00
47	ornare lectus justo eu arcu.	13	Etiam vestibulum massa rutrum magna. Cras convallis convallis dolor. Quisque tincidunt pede ac urna. Ut tincidunt vehicula risus. Nulla eget metus eu erat semper rutrum. Fusce dolor quam, elementum at, egestas a, scelerisque sed, sapien. Nunc pulvinar arcu et pede. Nunc sed orci lobortis augue scelerisque mollis. Phasellus libero mauris, aliquam eu, accumsan sed, facilisis vitae, orci. Phasellus dapibus quam quis diam. Pellentesque habitant morbi tristique senectus et netus et malesuada fames ac turpis egestas. Fusce aliquet magna a neque. Nullam ut nisi a odio semper cursus. Integer mollis. Integer tincidunt aliquam arcu. Aliquam ultrices iaculis odio. Nam interdum enim non nisi. Aenean eget metus. In nec orci. Donec nibh. Quisque nonummy ipsum non arcu. Vivamus sit amet risus. Donec egestas. Aliquam nec enim. Nunc ut erat. Sed nunc est, mollis non, cursus non, egestas a, dui. Cras pellentesque. Sed dictum. Proin eget odio. Aliquam vulputate ullamcorper magna. Sed eu eros. Nam consequat dolor vitae dolor. Donec fringilla. Donec feugiat metus sit amet ante. Vivamus non lorem vitae odio sagittis semper. Nam tempor diam dictum sapien. Aenean massa. Integer vitae nibh. Donec est mauris, rhoncus id, mollis nec, cursus a, enim. Suspendisse aliquet, sem ut cursus luctus, ipsum leo elementum sem, vitae aliquam eros turpis non enim. Mauris quis turpis vitae purus gravida sagittis. Duis gravida. Praesent eu nulla at sem molestie sodales. Mauris blandit enim consequat purus. Maecenas libero est, congue a, aliquet vel, vulputate eu, odio. Phasellus at augue id ante dictum cursus. Nunc mauris elit, dictum eu, eleifend nec, malesuada ut, sem. Nulla	34	2021-09-05 05:18:00
48	Duis mi enim, condimentum eget, volutpat ornare,	65	orci lacus vestibulum lorem, sit amet ultricies sem magna nec quam. Curabitur vel lectus. Cum sociis natoque penatibus et magnis dis parturient montes, nascetur ridiculus mus. Donec dignissim magna a tortor. Nunc commodo auctor velit. Aliquam nisl. Nulla eu neque pellentesque massa lobortis ultrices. Vivamus rhoncus. Donec est. Nunc ullamcorper, velit in aliquet lobortis, nisi nibh lacinia orci, consectetuer euismod est arcu ac orci. Ut semper pretium neque. Morbi quis urna. Nunc quis arcu vel quam dignissim pharetra. Nam ac nulla. In tincidunt congue turpis. In condimentum. Donec at arcu. Vestibulum ante ipsum primis in faucibus orci luctus et ultrices posuere cubilia Curae Donec tincidunt. Donec vitae erat vel pede	58	2022-10-19 05:40:00
49	libero lacus,	87	arcu. Sed eu nibh vulputate mauris sagittis placerat. Cras dictum ultricies ligula. Nullam enim. Sed nulla ante, iaculis nec, eleifend non, dapibus rutrum, justo. Praesent luctus. Curabitur egestas nunc sed libero. Proin sed turpis nec mauris blandit mattis. Cras eget nisi dictum augue malesuada malesuada. Integer id magna et ipsum cursus vestibulum. Mauris magna. Duis dignissim tempor arcu. Vestibulum ut eros non enim commodo hendrerit. Donec porttitor tellus non magna. Nam ligula elit, pretium et, rutrum non, hendrerit id, ante. Nunc mauris sapien, cursus in, hendrerit consectetuer, cursus et, magna. Praesent interdum ligula eu enim. Etiam imperdiet dictum magna. Ut tincidunt orci quis lectus. Nullam suscipit, est ac facilisis facilisis, magna tellus faucibus leo, in lobortis tellus justo sit amet nulla. Donec non justo. Proin non massa non ante bibendum ullamcorper. Duis cursus, diam at pretium aliquet, metus urna convallis erat, eget tincidunt dui augue eu tellus. Phasellus elit pede, malesuada vel, venenatis vel, faucibus id, libero. Donec consectetuer mauris id sapien. Cras dolor dolor, tempus non, lacinia at, iaculis quis, pede. Praesent eu dui. Cum sociis natoque penatibus et magnis dis parturient montes, nascetur ridiculus mus. Aenean eget magna. Suspendisse tristique neque venenatis lacus. Etiam bibendum fermentum metus. Aenean sed pede nec	24	2022-01-01 08:20:00
50	mi, ac mattis velit justo nec	95	lectus rutrum urna, nec luctus felis purus ac tellus. Suspendisse sed dolor. Fusce mi lorem, vehicula et, rutrum eu, ultrices sit amet, risus. Donec nibh enim, gravida sit amet, dapibus id, blandit at, nisi. Cum sociis natoque penatibus et magnis dis parturient montes, nascetur ridiculus mus. Proin vel nisl. Quisque fringilla euismod enim. Etiam gravida molestie arcu. Sed eu nibh vulputate mauris sagittis placerat. Cras dictum ultricies ligula. Nullam enim. Sed nulla ante, iaculis nec, eleifend non, dapibus rutrum, justo. Praesent luctus. Curabitur egestas nunc sed libero. Proin sed turpis nec mauris blandit mattis. Cras eget nisi dictum augue malesuada malesuada. Integer id magna et ipsum cursus vestibulum. Mauris magna. Duis dignissim tempor arcu. Vestibulum ut eros non enim commodo hendrerit. Donec porttitor tellus non magna.	75	2023-03-22 05:46:00
51	iaculis aliquet diam. Sed diam lorem, auctor	28	sem, vitae aliquam eros turpis non enim. Mauris quis turpis vitae purus gravida sagittis. Duis gravida. Praesent eu nulla at sem molestie sodales. Mauris blandit enim consequat purus. Maecenas libero est, congue a, aliquet vel, vulputate eu, odio. Phasellus at augue id ante dictum cursus. Nunc mauris elit, dictum eu, eleifend nec, malesuada ut, sem. Nulla interdum. Curabitur dictum. Phasellus in felis. Nulla tempor augue ac ipsum. Phasellus vitae mauris sit amet lorem semper auctor. Mauris vel turpis. Aliquam adipiscing lobortis risus. In mi pede, nonummy ut, molestie in, tempus eu, ligula. Aenean euismod mauris eu elit. Nulla facilisi. Sed neque. Sed eget lacus. Mauris non dui nec urna suscipit nonummy. Fusce fermentum fermentum arcu. Vestibulum ante ipsum primis in faucibus orci luctus et ultrices posuere cubilia Curae Phasellus ornare. Fusce mollis. Duis sit amet diam eu dolor egestas rhoncus. Proin nisl sem, consequat nec, mollis vitae, posuere at, velit. Cras lorem lorem, luctus ut, pellentesque eget, dictum placerat, augue. Sed molestie. Sed id risus quis diam luctus lobortis. Class aptent taciti sociosqu ad litora torquent per conubia nostra, per inceptos hymenaeos. Mauris ut quam vel sapien imperdiet ornare. In faucibus. Morbi vehicula. Pellentesque tincidunt tempus risus. Donec egestas. Duis ac arcu. Nunc mauris. Morbi non sapien molestie orci tincidunt adipiscing. Mauris molestie pharetra nibh. Aliquam ornare, libero at auctor ullamcorper, nisl arcu iaculis enim, sit amet ornare lectus justo eu arcu. Morbi sit amet massa. Quisque porttitor eros nec tellus. Nunc lectus pede, ultrices a, auctor non, feugiat nec, diam. Duis mi enim, condimentum eget, volutpat ornare, facilisis eget, ipsum. Donec sollicitudin adipiscing ligula.	73	2021-11-04 05:23:00
52	urna. Ut tincidunt	9	et netus et malesuada fames ac turpis egestas. Fusce aliquet magna a neque. Nullam ut nisi a odio semper cursus. Integer mollis. Integer tincidunt aliquam arcu. Aliquam ultrices iaculis odio. Nam interdum enim non nisi. Aenean eget metus. In nec orci. Donec nibh. Quisque nonummy ipsum non arcu. Vivamus sit amet risus. Donec egestas. Aliquam nec enim. Nunc ut erat. Sed nunc est, mollis non, cursus non, egestas a, dui. Cras pellentesque. Sed dictum. Proin eget odio. Aliquam vulputate ullamcorper magna. Sed eu eros. Nam consequat dolor vitae dolor. Donec fringilla. Donec feugiat metus sit amet ante. Vivamus non lorem vitae odio sagittis semper. Nam tempor diam dictum sapien. Aenean massa. Integer vitae nibh. Donec est mauris, rhoncus id, mollis nec, cursus a, enim. Suspendisse aliquet, sem ut cursus luctus, ipsum leo elementum sem, vitae aliquam eros turpis non enim. Mauris quis turpis vitae purus gravida sagittis. Duis gravida. Praesent eu nulla at sem molestie sodales. Mauris blandit enim consequat purus. Maecenas libero est, congue a, aliquet vel, vulputate eu, odio. Phasellus at augue id ante dictum cursus. Nunc mauris elit, dictum eu, eleifend nec, malesuada ut, sem. Nulla interdum. Curabitur dictum. Phasellus in felis. Nulla tempor augue ac ipsum. Phasellus vitae mauris sit amet lorem semper auctor. Mauris vel turpis. Aliquam adipiscing lobortis risus. In mi pede, nonummy ut, molestie in, tempus eu, ligula. Aenean euismod mauris eu elit. Nulla facilisi. Sed neque. Sed eget lacus. Mauris non dui nec urna suscipit nonummy. Fusce fermentum fermentum arcu. Vestibulum ante ipsum primis in faucibus orci luctus et ultrices posuere cubilia Curae Phasellus ornare. Fusce mollis. Duis sit amet diam eu dolor egestas rhoncus. Proin nisl sem, consequat nec, mollis vitae, posuere at, velit. Cras lorem lorem, luctus ut, pellentesque eget,	28	2022-02-26 02:22:00
53	cursus. Integer mollis. Integer	65	nibh enim, gravida sit amet, dapibus id, blandit at, nisi. Cum sociis natoque penatibus et magnis dis parturient montes, nascetur ridiculus mus. Proin vel nisl. Quisque fringilla euismod enim. Etiam gravida molestie arcu. Sed eu nibh vulputate mauris sagittis placerat. Cras dictum ultricies ligula. Nullam enim. Sed nulla ante, iaculis nec, eleifend non, dapibus rutrum, justo. Praesent luctus. Curabitur egestas nunc sed libero. Proin sed turpis nec mauris blandit mattis. Cras eget nisi dictum augue malesuada malesuada. Integer id magna et ipsum cursus vestibulum. Mauris magna. Duis dignissim tempor arcu. Vestibulum ut eros non enim commodo hendrerit. Donec porttitor tellus non magna. Nam ligula elit, pretium et, rutrum non, hendrerit id, ante. Nunc mauris sapien, cursus in, hendrerit consectetuer, cursus et, magna. Praesent interdum ligula eu enim. Etiam imperdiet dictum magna. Ut tincidunt orci quis lectus. Nullam suscipit, est ac facilisis facilisis, magna tellus faucibus leo, in lobortis tellus justo sit amet nulla. Donec non justo. Proin non massa non ante bibendum ullamcorper. Duis cursus, diam at pretium aliquet, metus urna convallis erat, eget tincidunt dui augue eu tellus. Phasellus elit pede, malesuada vel, venenatis vel, faucibus id, libero. Donec consectetuer mauris id sapien. Cras	69	2022-06-07 10:35:00
54	mattis velit justo nec	92	sed dolor. Fusce mi lorem, vehicula et, rutrum eu, ultrices sit amet, risus. Donec nibh enim, gravida sit amet, dapibus id, blandit at, nisi. Cum sociis natoque penatibus et magnis dis parturient montes, nascetur ridiculus mus. Proin vel nisl. Quisque fringilla euismod enim. Etiam gravida molestie arcu. Sed eu nibh vulputate mauris sagittis placerat. Cras dictum ultricies ligula. Nullam enim. Sed nulla ante, iaculis nec, eleifend non, dapibus rutrum, justo. Praesent luctus. Curabitur egestas nunc sed libero. Proin sed turpis nec mauris blandit mattis. Cras eget nisi dictum augue malesuada malesuada. Integer id magna et ipsum cursus vestibulum. Mauris magna. Duis dignissim tempor arcu. Vestibulum ut eros non enim commodo hendrerit. Donec porttitor tellus non magna. Nam ligula elit, pretium et, rutrum non, hendrerit id, ante. Nunc mauris sapien, cursus in, hendrerit consectetuer, cursus et, magna. Praesent interdum ligula eu enim. Etiam imperdiet dictum magna. Ut tincidunt orci quis lectus. Nullam suscipit, est ac facilisis facilisis, magna tellus faucibus leo, in lobortis tellus justo sit amet nulla. Donec non justo. Proin non massa non ante bibendum ullamcorper. Duis cursus, diam at pretium aliquet, metus urna convallis erat, eget tincidunt dui augue eu tellus. Phasellus elit pede, malesuada vel,	86	2023-03-20 04:15:00
55	tristique senectus et	10	Etiam vestibulum massa rutrum magna. Cras convallis convallis dolor. Quisque tincidunt pede ac urna. Ut tincidunt vehicula risus. Nulla eget metus eu erat semper rutrum. Fusce dolor quam, elementum at, egestas a, scelerisque sed, sapien. Nunc pulvinar arcu et pede. Nunc sed orci lobortis augue scelerisque mollis. Phasellus libero mauris, aliquam eu, accumsan sed, facilisis vitae, orci. Phasellus dapibus quam quis diam. Pellentesque habitant morbi tristique senectus et netus et malesuada fames ac turpis egestas. Fusce aliquet magna a neque. Nullam ut nisi a odio semper cursus. Integer mollis. Integer tincidunt aliquam arcu. Aliquam ultrices iaculis odio. Nam interdum enim non nisi. Aenean eget metus. In nec orci. Donec nibh. Quisque nonummy ipsum non arcu. Vivamus sit amet risus. Donec egestas. Aliquam nec enim. Nunc ut erat. Sed nunc est, mollis non, cursus non, egestas a, dui. Cras pellentesque. Sed dictum. Proin eget odio. Aliquam vulputate ullamcorper magna. Sed eu eros. Nam consequat dolor vitae dolor. Donec fringilla. Donec feugiat metus sit amet ante. Vivamus non lorem vitae odio sagittis semper. Nam tempor diam dictum sapien. Aenean massa.	50	2022-07-16 10:39:00
56	Cras pellentesque. Sed dictum. Proin eget odio. Aliquam	65	amet nulla. Donec non justo. Proin non massa non ante bibendum ullamcorper. Duis cursus, diam at pretium aliquet, metus urna convallis erat, eget tincidunt dui augue eu tellus. Phasellus elit pede, malesuada vel, venenatis vel, faucibus id, libero. Donec consectetuer mauris id sapien. Cras dolor dolor, tempus non, lacinia at, iaculis quis, pede. Praesent eu dui. Cum sociis natoque penatibus et magnis dis parturient montes, nascetur ridiculus mus. Aenean eget magna. Suspendisse tristique neque venenatis lacus. Etiam bibendum fermentum metus. Aenean sed pede nec ante blandit viverra. Donec tempus, lorem fringilla ornare placerat, orci lacus vestibulum lorem, sit amet ultricies sem	24	2022-10-03 03:03:00
57	diam. Pellentesque habitant morbi tristique senectus et netus et	15	amet ante. Vivamus non lorem vitae odio sagittis semper. Nam tempor diam dictum sapien. Aenean massa. Integer vitae nibh. Donec est mauris, rhoncus id, mollis nec, cursus a, enim. Suspendisse aliquet, sem ut cursus luctus, ipsum leo elementum sem, vitae aliquam eros turpis non enim. Mauris quis turpis vitae purus gravida sagittis. Duis gravida. Praesent eu nulla at sem molestie sodales. Mauris blandit enim consequat purus. Maecenas libero est, congue a, aliquet vel, vulputate eu, odio. Phasellus at augue id ante dictum cursus. Nunc mauris elit, dictum eu, eleifend nec, malesuada ut, sem. Nulla interdum. Curabitur dictum. Phasellus in felis. Nulla tempor augue ac ipsum. Phasellus vitae mauris sit amet lorem semper auctor. Mauris vel turpis. Aliquam adipiscing lobortis risus. In mi pede, nonummy ut, molestie in, tempus eu, ligula. Aenean euismod mauris eu elit. Nulla facilisi. Sed neque. Sed eget lacus. Mauris non dui nec urna suscipit nonummy. Fusce fermentum fermentum arcu. Vestibulum ante ipsum primis in faucibus orci luctus et ultrices posuere	59	2022-06-05 06:20:00
58	turpis egestas. Fusce aliquet magna a neque. Nullam	47	dictum. Phasellus in felis. Nulla tempor augue ac ipsum. Phasellus vitae mauris sit amet lorem semper auctor. Mauris vel turpis. Aliquam adipiscing lobortis risus. In mi pede, nonummy ut, molestie in, tempus eu, ligula. Aenean euismod mauris eu elit. Nulla facilisi. Sed neque. Sed eget lacus. Mauris non dui nec urna suscipit nonummy. Fusce fermentum fermentum arcu. Vestibulum ante ipsum primis in faucibus orci luctus et ultrices posuere cubilia Curae Phasellus ornare. Fusce mollis. Duis sit amet diam eu dolor egestas rhoncus. Proin nisl sem, consequat nec, mollis vitae, posuere at, velit. Cras lorem lorem, luctus ut, pellentesque eget, dictum placerat, augue. Sed molestie. Sed id risus quis diam luctus lobortis. Class aptent taciti sociosqu ad litora torquent per conubia nostra, per inceptos hymenaeos. Mauris ut quam vel sapien imperdiet ornare. In faucibus. Morbi vehicula. Pellentesque tincidunt tempus risus. Donec egestas. Duis ac arcu. Nunc mauris. Morbi non sapien molestie orci tincidunt adipiscing. Mauris molestie pharetra nibh. Aliquam ornare, libero at auctor ullamcorper, nisl arcu iaculis enim, sit amet ornare lectus justo eu arcu. Morbi sit amet massa. Quisque porttitor eros nec tellus. Nunc lectus pede, ultrices a, auctor	3	2022-06-21 12:27:00
59	Maecenas malesuada fringilla est. Mauris	26	magna. Lorem ipsum dolor sit amet, consectetuer adipiscing elit. Etiam laoreet, libero et tristique pellentesque, tellus sem mollis dui, in sodales elit erat vitae risus. Duis a mi fringilla mi lacinia mattis. Integer eu lacus. Quisque imperdiet, erat nonummy ultricies ornare, elit elit fermentum risus, at fringilla purus mauris a nunc. In at pede. Cras vulputate velit eu sem. Pellentesque ut ipsum ac mi eleifend egestas. Sed pharetra, felis eget varius ultrices, mauris ipsum porta elit, a feugiat tellus lorem eu metus. In lorem. Donec elementum, lorem ut aliquam iaculis, lacus pede sagittis augue, eu tempor erat neque non quam. Pellentesque habitant morbi tristique senectus et netus et malesuada fames ac turpis egestas. Aliquam fringilla cursus purus. Nullam scelerisque neque sed sem egestas blandit. Nam nulla magna, malesuada vel, convallis in, cursus et, eros. Proin ultrices. Duis volutpat nunc sit amet metus. Aliquam erat volutpat. Nulla facilisis. Suspendisse commodo tincidunt nibh. Phasellus nulla. Integer vulputate, risus a ultricies adipiscing, enim mi tempor lorem, eget mollis lectus pede et risus. Quisque libero lacus, varius et, euismod et, commodo at, libero. Morbi accumsan laoreet ipsum. Curabitur consequat, lectus sit amet luctus vulputate, nisi sem semper erat, in consectetuer ipsum nunc id enim. Curabitur massa. Vestibulum accumsan neque et nunc. Quisque ornare tortor	16	2022-10-18 02:54:00
60	ipsum dolor sit amet, consectetuer	23	interdum. Sed auctor odio a purus. Duis elementum, dui quis accumsan convallis, ante lectus convallis est, vitae sodales nisi magna sed dui. Fusce aliquam, enim nec tempus scelerisque, lorem ipsum sodales purus, in molestie tortor nibh sit amet orci. Ut sagittis lobortis mauris. Suspendisse aliquet molestie tellus. Aenean egestas hendrerit neque. In ornare sagittis felis. Donec tempor, est ac mattis semper, dui lectus rutrum urna, nec luctus felis purus ac tellus. Suspendisse sed dolor. Fusce mi lorem, vehicula et, rutrum eu, ultrices sit amet, risus. Donec nibh enim, gravida sit amet, dapibus id, blandit at, nisi. Cum sociis natoque penatibus et magnis dis parturient montes, nascetur ridiculus mus. Proin vel nisl. Quisque fringilla euismod enim. Etiam gravida molestie arcu. Sed eu nibh vulputate mauris sagittis placerat. Cras dictum ultricies ligula. Nullam enim. Sed nulla ante, iaculis nec, eleifend non, dapibus rutrum, justo. Praesent luctus. Curabitur egestas nunc sed libero. Proin	67	2022-01-30 10:47:00
61	sagittis augue, eu tempor	6	nisi sem semper erat, in consectetuer ipsum nunc id enim. Curabitur massa. Vestibulum accumsan neque et nunc. Quisque ornare tortor at risus. Nunc ac sem ut dolor dapibus gravida. Aliquam tincidunt, nunc ac mattis ornare, lectus ante dictum mi, ac mattis velit justo nec ante. Maecenas mi felis, adipiscing fringilla, porttitor vulputate, posuere vulputate, lacus. Cras interdum. Nunc sollicitudin commodo ipsum. Suspendisse non leo. Vivamus nibh dolor, nonummy ac, feugiat non, lobortis quis, pede. Suspendisse dui. Fusce diam nunc, ullamcorper eu, euismod ac, fermentum vel, mauris. Integer sem elit, pharetra ut, pharetra sed, hendrerit a, arcu. Sed et libero. Proin mi. Aliquam gravida mauris ut mi. Duis risus odio, auctor vitae, aliquet nec, imperdiet nec, leo. Morbi neque tellus, imperdiet non, vestibulum nec, euismod in, dolor. Fusce feugiat. Lorem ipsum	41	2022-11-07 01:20:00
62	pede blandit congue. In scelerisque scelerisque dui. Suspendisse ac	77	orci sem eget massa. Suspendisse eleifend. Cras sed leo. Cras vehicula aliquet libero. Integer in magna. Phasellus dolor elit, pellentesque a, facilisis non, bibendum sed, est. Nunc laoreet lectus quis massa. Mauris vestibulum, neque sed dictum eleifend, nunc risus varius orci, in consequat enim diam vel arcu. Curabitur ut odio vel est tempor bibendum. Donec felis orci, adipiscing non, luctus sit amet, faucibus ut, nulla. Cras eu tellus eu augue porttitor interdum. Sed auctor odio a purus. Duis elementum, dui quis accumsan convallis, ante lectus convallis est, vitae sodales nisi magna sed dui. Fusce aliquam, enim nec tempus scelerisque, lorem ipsum sodales purus, in molestie tortor nibh sit amet orci. Ut sagittis lobortis mauris. Suspendisse aliquet molestie tellus. Aenean egestas hendrerit neque. In ornare sagittis felis. Donec tempor, est ac mattis semper, dui lectus rutrum urna, nec luctus felis purus ac tellus. Suspendisse sed dolor. Fusce mi lorem, vehicula et, rutrum eu, ultrices sit amet, risus. Donec nibh enim, gravida sit amet, dapibus id, blandit at, nisi. Cum sociis natoque penatibus et magnis dis parturient montes, nascetur ridiculus mus. Proin vel nisl. Quisque fringilla euismod enim. Etiam gravida molestie arcu. Sed	98	2022-12-27 11:32:00
63	ornare. Fusce mollis. Duis sit amet diam	40	enim non nisi. Aenean eget metus. In nec orci. Donec nibh. Quisque nonummy ipsum non arcu. Vivamus sit amet risus. Donec egestas. Aliquam nec enim. Nunc ut erat. Sed nunc est, mollis non, cursus non, egestas a, dui. Cras pellentesque. Sed dictum. Proin eget odio. Aliquam vulputate ullamcorper magna. Sed eu eros. Nam consequat dolor vitae dolor. Donec fringilla. Donec feugiat metus sit amet ante. Vivamus non lorem vitae odio sagittis semper. Nam tempor diam dictum sapien. Aenean massa. Integer vitae nibh. Donec est mauris, rhoncus id, mollis nec, cursus a, enim. Suspendisse aliquet, sem ut cursus luctus, ipsum leo elementum sem, vitae aliquam eros turpis non enim. Mauris quis turpis vitae purus gravida sagittis. Duis gravida. Praesent eu nulla at sem molestie sodales. Mauris blandit enim consequat purus. Maecenas libero est, congue a, aliquet vel, vulputate eu, odio. Phasellus at augue id ante dictum cursus. Nunc mauris elit, dictum eu, eleifend nec, malesuada ut, sem. Nulla interdum. Curabitur dictum. Phasellus in felis. Nulla tempor augue ac ipsum. Phasellus vitae mauris sit amet lorem semper auctor. Mauris vel turpis. Aliquam adipiscing lobortis risus. In mi pede, nonummy ut, molestie in, tempus eu, ligula. Aenean euismod mauris eu elit. Nulla facilisi. Sed neque. Sed eget lacus. Mauris non dui nec urna suscipit nonummy. Fusce fermentum fermentum arcu. Vestibulum ante ipsum primis in faucibus orci luctus	17	2022-03-03 11:21:00
64	vehicula et, rutrum eu,	54	Donec at arcu. Vestibulum ante ipsum primis in faucibus orci luctus et ultrices posuere cubilia Curae Donec tincidunt. Donec vitae erat vel pede blandit congue. In scelerisque scelerisque dui. Suspendisse ac metus vitae velit egestas lacinia. Sed congue, elit sed consequat auctor, nunc nulla vulputate dui, nec tempus mauris erat eget ipsum. Suspendisse sagittis. Nullam vitae diam. Proin dolor. Nulla semper tellus id nunc interdum feugiat. Sed nec metus facilisis lorem tristique aliquet. Phasellus fermentum convallis ligula. Donec luctus aliquet odio. Etiam ligula tortor, dictum eu, placerat eget, venenatis a, magna. Lorem ipsum dolor sit amet, consectetuer adipiscing elit. Etiam laoreet, libero et tristique pellentesque, tellus sem mollis dui, in sodales elit erat vitae risus. Duis a mi fringilla mi lacinia mattis. Integer eu lacus. Quisque imperdiet, erat nonummy ultricies ornare, elit elit fermentum risus, at fringilla purus mauris a nunc. In at pede. Cras vulputate velit eu sem. Pellentesque ut ipsum ac mi eleifend egestas. Sed pharetra, felis eget varius ultrices, mauris ipsum porta elit, a feugiat tellus lorem eu metus. In lorem. Donec elementum, lorem ut	35	2022-07-08 12:42:00
65	hendrerit id,	47	Integer aliquam adipiscing lacus. Ut nec urna et arcu imperdiet ullamcorper. Duis at lacus. Quisque purus sapien, gravida non, sollicitudin a, malesuada id, erat. Etiam vestibulum massa rutrum magna. Cras convallis convallis dolor. Quisque tincidunt pede ac urna. Ut tincidunt vehicula risus. Nulla eget metus eu erat semper rutrum. Fusce dolor quam, elementum at, egestas a, scelerisque sed, sapien. Nunc pulvinar arcu et pede. Nunc sed orci lobortis augue scelerisque mollis. Phasellus libero mauris, aliquam eu, accumsan sed, facilisis vitae, orci. Phasellus dapibus quam quis diam. Pellentesque habitant morbi tristique senectus et netus et malesuada fames ac turpis egestas. Fusce aliquet magna a neque. Nullam ut nisi a odio semper cursus. Integer mollis. Integer tincidunt aliquam arcu. Aliquam ultrices iaculis odio. Nam interdum enim non nisi. Aenean eget metus. In nec orci. Donec nibh. Quisque nonummy ipsum non arcu. Vivamus sit amet risus. Donec egestas. Aliquam nec enim. Nunc ut erat. Sed nunc est, mollis non, cursus non, egestas a, dui. Cras pellentesque. Sed dictum. Proin eget odio. Aliquam vulputate ullamcorper magna. Sed eu eros. Nam consequat dolor vitae dolor. Donec fringilla. Donec feugiat metus sit amet ante. Vivamus non lorem vitae odio sagittis semper. Nam tempor diam dictum sapien. Aenean massa. Integer vitae nibh. Donec est mauris, rhoncus id, mollis nec, cursus a, enim. Suspendisse aliquet, sem ut cursus luctus, ipsum leo elementum sem, vitae aliquam eros turpis non enim. Mauris quis turpis vitae purus gravida sagittis. Duis gravida. Praesent	18	2023-03-31 12:39:00
66	facilisis eget,	49	eleifend non, dapibus rutrum, justo. Praesent luctus. Curabitur egestas nunc sed libero. Proin sed turpis nec mauris blandit mattis. Cras eget nisi dictum augue malesuada malesuada. Integer id magna et ipsum cursus vestibulum. Mauris magna. Duis dignissim tempor arcu. Vestibulum ut eros non enim commodo hendrerit. Donec porttitor tellus non magna. Nam ligula elit, pretium et, rutrum non, hendrerit id, ante. Nunc mauris sapien, cursus in, hendrerit consectetuer, cursus et, magna. Praesent interdum ligula eu enim. Etiam imperdiet dictum magna. Ut tincidunt orci quis lectus. Nullam suscipit, est ac facilisis facilisis, magna tellus faucibus leo, in lobortis tellus justo sit amet nulla. Donec non justo. Proin non massa non ante bibendum ullamcorper. Duis cursus, diam at pretium aliquet, metus urna convallis erat, eget tincidunt dui augue eu tellus. Phasellus elit pede, malesuada vel, venenatis vel, faucibus id, libero. Donec consectetuer mauris id sapien. Cras dolor dolor, tempus non, lacinia at, iaculis quis, pede. Praesent eu dui. Cum sociis natoque penatibus et magnis dis parturient montes, nascetur ridiculus mus. Aenean eget magna. Suspendisse tristique neque venenatis lacus. Etiam bibendum fermentum metus. Aenean sed pede nec ante blandit viverra. Donec tempus, lorem fringilla ornare placerat, orci lacus vestibulum lorem, sit amet ultricies sem magna nec quam. Curabitur vel lectus. Cum sociis natoque penatibus et magnis dis parturient montes, nascetur ridiculus mus. Donec dignissim magna a tortor. Nunc commodo auctor velit. Aliquam nisl. Nulla eu neque pellentesque massa lobortis ultrices. Vivamus rhoncus. Donec est. Nunc ullamcorper, velit in aliquet	8	2022-02-10 01:41:00
67	sodales. Mauris blandit enim consequat purus.	6	libero. Donec consectetuer mauris id sapien. Cras dolor dolor, tempus non, lacinia at, iaculis quis, pede. Praesent eu dui. Cum sociis natoque penatibus et magnis dis parturient montes, nascetur ridiculus mus. Aenean eget magna. Suspendisse tristique neque venenatis lacus. Etiam bibendum fermentum metus. Aenean sed pede nec ante blandit viverra. Donec tempus, lorem fringilla ornare placerat, orci lacus vestibulum lorem, sit amet ultricies sem magna nec quam. Curabitur vel lectus. Cum sociis natoque penatibus et magnis dis parturient montes, nascetur ridiculus mus. Donec dignissim magna a tortor. Nunc commodo auctor velit. Aliquam nisl. Nulla eu neque pellentesque massa lobortis ultrices. Vivamus rhoncus. Donec est. Nunc ullamcorper, velit in aliquet lobortis, nisi nibh lacinia orci, consectetuer euismod est arcu ac orci. Ut semper pretium neque. Morbi quis urna. Nunc quis arcu vel quam dignissim pharetra. Nam ac nulla. In tincidunt congue turpis. In condimentum. Donec at arcu. Vestibulum ante ipsum primis in faucibus orci luctus et ultrices posuere cubilia Curae Donec tincidunt. Donec vitae erat vel pede blandit congue. In scelerisque scelerisque dui. Suspendisse ac metus vitae velit egestas lacinia. Sed congue, elit sed consequat auctor, nunc nulla vulputate dui, nec tempus mauris erat eget ipsum. Suspendisse sagittis. Nullam vitae diam. Proin dolor. Nulla semper tellus id nunc interdum feugiat. Sed nec metus facilisis lorem tristique aliquet. Phasellus	52	2022-08-09 06:33:00
68	egestas a, dui. Cras pellentesque.	51	lorem, auctor quis, tristique ac, eleifend vitae, erat. Vivamus nisi. Mauris nulla. Integer urna. Vivamus molestie dapibus ligula. Aliquam erat volutpat. Nulla dignissim. Maecenas ornare egestas ligula. Nullam feugiat placerat velit. Quisque varius. Nam porttitor scelerisque neque. Nullam nisl. Maecenas malesuada fringilla est. Mauris eu turpis. Nulla aliquet. Proin velit. Sed malesuada augue ut lacus. Nulla tincidunt, neque vitae semper egestas, urna justo faucibus lectus, a sollicitudin orci sem eget massa. Suspendisse eleifend. Cras sed leo. Cras vehicula aliquet libero. Integer in magna. Phasellus dolor elit, pellentesque a, facilisis non, bibendum sed, est. Nunc laoreet lectus quis massa. Mauris vestibulum, neque sed dictum eleifend, nunc risus varius orci, in consequat enim diam vel arcu. Curabitur ut odio vel est tempor bibendum. Donec felis orci, adipiscing non, luctus sit amet, faucibus ut, nulla. Cras eu tellus eu augue porttitor interdum. Sed auctor odio a purus. Duis elementum, dui quis accumsan convallis, ante lectus convallis est, vitae sodales nisi magna sed dui. Fusce aliquam, enim nec tempus scelerisque, lorem ipsum sodales purus, in molestie tortor nibh sit amet orci. Ut sagittis lobortis mauris. Suspendisse aliquet molestie tellus. Aenean egestas hendrerit neque. In ornare sagittis felis. Donec tempor, est ac mattis semper, dui	73	2022-12-20 01:46:00
69	facilisis eget, ipsum. Donec	53	ut eros non enim commodo hendrerit. Donec porttitor tellus non magna. Nam ligula elit, pretium et, rutrum non, hendrerit id, ante. Nunc mauris sapien, cursus in, hendrerit consectetuer, cursus et, magna. Praesent interdum ligula eu enim. Etiam imperdiet dictum magna. Ut tincidunt orci quis lectus. Nullam suscipit, est ac facilisis facilisis, magna tellus faucibus leo, in lobortis tellus justo sit amet nulla. Donec non justo. Proin non massa non ante bibendum ullamcorper. Duis cursus, diam at pretium aliquet, metus urna convallis erat, eget tincidunt dui augue eu tellus. Phasellus elit pede, malesuada vel, venenatis vel, faucibus id, libero. Donec consectetuer mauris id sapien. Cras dolor dolor, tempus non, lacinia at, iaculis quis, pede. Praesent eu dui. Cum sociis natoque penatibus et magnis dis parturient montes, nascetur ridiculus mus. Aenean eget magna. Suspendisse tristique neque venenatis lacus. Etiam bibendum fermentum metus. Aenean sed pede nec ante blandit viverra. Donec tempus, lorem fringilla ornare placerat, orci lacus vestibulum lorem, sit amet ultricies sem magna nec quam. Curabitur vel lectus. Cum sociis natoque penatibus	88	2021-09-14 12:10:00
70	Aliquam tincidunt, nunc ac mattis ornare, lectus ante dictum	50	libero mauris, aliquam eu, accumsan sed, facilisis vitae, orci. Phasellus dapibus quam quis diam. Pellentesque habitant morbi tristique senectus et netus et malesuada fames ac turpis egestas. Fusce aliquet magna a neque. Nullam ut nisi a odio semper cursus. Integer mollis. Integer tincidunt aliquam arcu. Aliquam ultrices iaculis odio. Nam interdum enim non nisi. Aenean eget metus. In nec orci. Donec nibh. Quisque nonummy ipsum non arcu. Vivamus sit amet risus. Donec egestas. Aliquam nec enim. Nunc ut erat. Sed nunc est, mollis non, cursus non, egestas a, dui. Cras pellentesque. Sed dictum. Proin eget odio. Aliquam vulputate ullamcorper magna. Sed eu eros. Nam consequat dolor vitae dolor. Donec fringilla. Donec feugiat metus sit amet	99	2022-04-20 05:10:00
71	nunc sed pede. Cum sociis natoque	90	Donec tempus, lorem fringilla ornare placerat, orci lacus vestibulum lorem, sit amet ultricies sem magna nec quam. Curabitur vel lectus. Cum sociis natoque penatibus et magnis dis parturient montes, nascetur ridiculus mus. Donec dignissim magna a tortor. Nunc commodo auctor velit. Aliquam nisl. Nulla eu neque pellentesque massa lobortis ultrices. Vivamus rhoncus. Donec est. Nunc ullamcorper, velit in aliquet lobortis, nisi nibh lacinia orci, consectetuer euismod est arcu ac orci. Ut semper pretium neque. Morbi quis urna. Nunc quis arcu vel quam dignissim pharetra. Nam ac nulla. In tincidunt congue turpis. In condimentum. Donec at arcu. Vestibulum ante ipsum primis in faucibus orci luctus et ultrices posuere cubilia Curae	99	2022-01-12 11:45:00
72	erat. Vivamus nisi. Mauris nulla. Integer urna. Vivamus molestie dapibus	4	lorem, vehicula et, rutrum eu, ultrices sit amet, risus. Donec nibh enim, gravida sit amet, dapibus id, blandit at, nisi. Cum sociis natoque penatibus et magnis dis parturient montes, nascetur ridiculus mus. Proin vel nisl. Quisque fringilla euismod enim. Etiam gravida molestie arcu. Sed eu nibh vulputate mauris sagittis placerat. Cras dictum ultricies ligula. Nullam enim. Sed nulla ante, iaculis nec, eleifend non, dapibus rutrum, justo. Praesent luctus. Curabitur egestas nunc sed libero. Proin sed turpis nec mauris blandit mattis. Cras eget nisi dictum augue malesuada malesuada. Integer id magna et ipsum cursus vestibulum. Mauris magna. Duis dignissim tempor arcu. Vestibulum ut eros non enim commodo hendrerit. Donec porttitor tellus non magna. Nam ligula elit, pretium et, rutrum non, hendrerit id, ante. Nunc mauris sapien, cursus in, hendrerit consectetuer, cursus et, magna. Praesent interdum ligula eu enim. Etiam imperdiet dictum magna. Ut tincidunt orci quis lectus. Nullam suscipit, est ac facilisis facilisis, magna tellus faucibus leo, in lobortis tellus justo sit amet nulla. Donec non justo. Proin non massa non ante bibendum ullamcorper. Duis cursus, diam at pretium aliquet, metus urna convallis erat, eget tincidunt dui augue eu tellus. Phasellus elit pede, malesuada vel, venenatis vel, faucibus id, libero. Donec consectetuer mauris id sapien. Cras dolor dolor, tempus non, lacinia at, iaculis quis, pede. Praesent eu dui. Cum sociis natoque penatibus et magnis dis parturient montes, nascetur ridiculus mus. Aenean eget magna. Suspendisse tristique neque venenatis lacus. Etiam bibendum fermentum metus. Aenean sed pede nec ante blandit viverra. Donec tempus, lorem fringilla ornare placerat, orci lacus vestibulum lorem, sit amet ultricies sem magna nec quam. Curabitur vel lectus. Cum sociis natoque penatibus et magnis dis parturient montes, nascetur ridiculus mus. Donec dignissim magna a tortor. Nunc commodo auctor velit. Aliquam nisl. Nulla eu neque	71	2022-07-18 07:42:00
73	Fusce fermentum fermentum arcu. Vestibulum	81	et, rutrum eu, ultrices sit amet, risus. Donec nibh enim, gravida sit amet, dapibus id, blandit at, nisi. Cum sociis natoque penatibus et magnis dis parturient montes, nascetur ridiculus mus. Proin vel nisl. Quisque fringilla euismod enim. Etiam gravida molestie arcu. Sed eu nibh vulputate mauris sagittis placerat. Cras dictum ultricies ligula. Nullam enim. Sed nulla ante, iaculis nec, eleifend non, dapibus rutrum, justo. Praesent luctus. Curabitur egestas nunc sed libero. Proin sed turpis nec mauris blandit mattis. Cras eget nisi dictum augue malesuada malesuada. Integer id magna et ipsum cursus vestibulum. Mauris magna. Duis dignissim tempor arcu. Vestibulum ut eros non enim commodo hendrerit. Donec porttitor tellus non magna. Nam ligula elit, pretium et, rutrum non, hendrerit id, ante. Nunc mauris sapien, cursus in, hendrerit consectetuer, cursus et, magna. Praesent interdum ligula eu enim. Etiam imperdiet dictum magna. Ut tincidunt orci quis lectus. Nullam suscipit, est ac facilisis facilisis, magna tellus faucibus leo, in lobortis tellus justo sit amet nulla. Donec non justo. Proin non massa non ante bibendum ullamcorper. Duis cursus, diam at pretium aliquet, metus urna convallis erat, eget tincidunt dui augue eu tellus. Phasellus elit pede, malesuada vel, venenatis vel, faucibus id, libero. Donec consectetuer mauris id sapien. Cras dolor dolor, tempus non, lacinia at, iaculis quis, pede. Praesent eu dui. Cum sociis natoque penatibus et magnis dis parturient montes, nascetur ridiculus mus. Aenean eget magna. Suspendisse tristique neque venenatis lacus. Etiam bibendum fermentum metus. Aenean sed pede nec ante blandit viverra. Donec tempus, lorem fringilla ornare placerat, orci lacus vestibulum lorem, sit amet ultricies sem magna	39	2021-12-07 01:33:00
74	elit elit fermentum risus, at fringilla purus mauris	19	Cras convallis convallis dolor. Quisque tincidunt pede ac urna. Ut tincidunt vehicula risus. Nulla eget metus eu erat semper rutrum. Fusce dolor quam, elementum at, egestas a, scelerisque sed, sapien. Nunc pulvinar arcu et pede. Nunc sed orci lobortis augue scelerisque mollis. Phasellus libero mauris, aliquam eu, accumsan sed, facilisis vitae, orci. Phasellus dapibus quam quis diam. Pellentesque habitant morbi tristique senectus et netus et malesuada fames ac turpis egestas. Fusce aliquet magna a neque. Nullam ut nisi a odio semper cursus. Integer mollis. Integer tincidunt aliquam arcu. Aliquam ultrices iaculis odio. Nam interdum enim non nisi. Aenean eget metus. In nec orci. Donec nibh. Quisque nonummy ipsum non arcu. Vivamus sit amet risus. Donec egestas. Aliquam nec enim. Nunc ut erat. Sed nunc est, mollis non, cursus non, egestas a, dui. Cras pellentesque. Sed dictum. Proin eget odio. Aliquam vulputate ullamcorper magna. Sed eu eros. Nam consequat dolor vitae dolor. Donec fringilla. Donec feugiat metus sit amet ante. Vivamus non lorem vitae odio sagittis semper. Nam tempor diam dictum sapien. Aenean massa. Integer vitae nibh. Donec est mauris, rhoncus id, mollis nec, cursus a, enim. Suspendisse aliquet, sem ut cursus luctus, ipsum leo	60	2021-09-04 07:07:00
75	iaculis aliquet	62	ipsum dolor sit amet, consectetuer adipiscing elit. Curabitur sed tortor. Integer aliquam adipiscing lacus. Ut nec urna et arcu imperdiet ullamcorper. Duis at lacus. Quisque purus sapien, gravida non, sollicitudin a, malesuada id, erat. Etiam vestibulum massa rutrum magna. Cras convallis convallis dolor. Quisque tincidunt pede ac urna. Ut tincidunt vehicula risus. Nulla eget metus eu erat semper rutrum. Fusce dolor quam, elementum at, egestas a, scelerisque sed, sapien. Nunc pulvinar arcu et pede. Nunc sed orci lobortis augue scelerisque mollis. Phasellus libero mauris, aliquam eu, accumsan sed, facilisis vitae, orci. Phasellus dapibus quam quis diam. Pellentesque habitant morbi tristique senectus et netus et malesuada fames ac turpis egestas. Fusce aliquet magna a neque. Nullam ut nisi a odio semper cursus. Integer mollis. Integer tincidunt aliquam arcu. Aliquam ultrices iaculis odio. Nam interdum enim non nisi. Aenean eget metus. In nec orci. Donec nibh. Quisque nonummy ipsum non arcu. Vivamus sit amet risus. Donec egestas. Aliquam nec enim. Nunc ut erat. Sed nunc est, mollis non, cursus non, egestas a, dui. Cras pellentesque. Sed dictum. Proin eget odio. Aliquam vulputate ullamcorper magna. Sed eu eros. Nam consequat dolor vitae dolor. Donec fringilla. Donec feugiat metus sit amet ante. Vivamus non lorem vitae odio sagittis semper. Nam tempor diam dictum sapien. Aenean massa. Integer vitae nibh. Donec est mauris, rhoncus id, mollis nec, cursus a, enim. Suspendisse aliquet, sem ut cursus luctus, ipsum	70	2022-07-16 02:12:00
76	at augue id ante dictum cursus. Nunc mauris elit, dictum	59	in, tempus eu, ligula. Aenean euismod mauris eu elit. Nulla facilisi. Sed neque. Sed eget lacus. Mauris non dui nec urna suscipit nonummy. Fusce fermentum fermentum arcu. Vestibulum ante ipsum primis in faucibus orci luctus et ultrices posuere cubilia Curae Phasellus ornare. Fusce mollis. Duis sit amet diam eu dolor egestas rhoncus. Proin nisl sem, consequat nec, mollis vitae, posuere at, velit. Cras lorem lorem, luctus ut, pellentesque eget, dictum placerat, augue. Sed molestie. Sed id risus quis diam luctus lobortis. Class aptent taciti sociosqu ad litora torquent per conubia nostra, per inceptos hymenaeos. Mauris ut quam vel sapien imperdiet ornare. In faucibus. Morbi vehicula. Pellentesque tincidunt tempus risus. Donec egestas. Duis ac arcu. Nunc mauris. Morbi non sapien molestie orci tincidunt adipiscing. Mauris molestie pharetra nibh. Aliquam ornare, libero at auctor ullamcorper, nisl arcu iaculis enim, sit amet ornare lectus justo eu arcu. Morbi sit amet massa. Quisque porttitor eros nec tellus. Nunc lectus pede, ultrices a, auctor non, feugiat nec, diam. Duis mi enim, condimentum eget, volutpat ornare, facilisis eget, ipsum. Donec sollicitudin adipiscing ligula. Aenean gravida nunc sed pede. Cum sociis natoque penatibus et magnis dis parturient montes, nascetur ridiculus mus. Proin vel arcu eu odio tristique pharetra. Quisque ac libero nec ligula consectetuer rhoncus. Nullam velit dui, semper et, lacinia vitae, sodales at, velit. Pellentesque ultricies dignissim lacus. Aliquam rutrum lorem ac risus. Morbi metus. Vivamus euismod urna. Nullam lobortis quam a felis ullamcorper viverra. Maecenas iaculis aliquet diam. Sed diam lorem, auctor quis, tristique ac, eleifend vitae, erat. Vivamus nisi. Mauris nulla. Integer urna. Vivamus molestie dapibus ligula. Aliquam erat volutpat. Nulla dignissim. Maecenas ornare egestas ligula. Nullam feugiat placerat velit. Quisque varius. Nam porttitor scelerisque neque. Nullam	94	2021-12-01 06:22:00
77	varius ultrices, mauris ipsum porta elit, a feugiat tellus	78	Morbi quis urna. Nunc quis arcu vel quam dignissim pharetra. Nam ac nulla. In tincidunt congue turpis. In condimentum. Donec at arcu. Vestibulum ante ipsum primis in faucibus orci luctus et ultrices posuere cubilia Curae Donec tincidunt. Donec vitae erat vel pede blandit congue. In scelerisque scelerisque dui. Suspendisse ac metus vitae velit egestas lacinia. Sed congue, elit sed consequat auctor, nunc nulla vulputate dui, nec tempus mauris erat eget ipsum. Suspendisse sagittis. Nullam vitae diam. Proin dolor. Nulla semper tellus id nunc interdum feugiat. Sed nec metus facilisis lorem tristique aliquet. Phasellus fermentum convallis ligula. Donec luctus aliquet odio. Etiam ligula tortor, dictum eu, placerat eget, venenatis a, magna. Lorem ipsum dolor sit amet, consectetuer adipiscing elit. Etiam laoreet, libero et	67	2022-01-01 05:24:00
78	Nam interdum enim non nisi. Aenean eget metus.	25	eu turpis. Nulla aliquet. Proin velit. Sed malesuada augue ut lacus. Nulla tincidunt, neque vitae semper egestas, urna justo faucibus lectus, a sollicitudin orci sem eget massa. Suspendisse eleifend. Cras sed leo. Cras vehicula aliquet libero. Integer in magna. Phasellus dolor elit, pellentesque a, facilisis non, bibendum sed, est. Nunc laoreet lectus quis massa. Mauris vestibulum, neque sed dictum eleifend, nunc risus varius orci, in consequat enim diam vel arcu. Curabitur ut odio vel est tempor bibendum. Donec felis orci, adipiscing non, luctus sit amet, faucibus ut, nulla. Cras eu tellus eu augue porttitor interdum. Sed auctor odio a purus. Duis elementum, dui quis accumsan convallis, ante lectus convallis est, vitae sodales nisi magna sed dui. Fusce aliquam, enim nec tempus scelerisque, lorem ipsum sodales purus, in molestie tortor nibh sit amet orci. Ut sagittis lobortis mauris. Suspendisse aliquet molestie tellus. Aenean egestas hendrerit neque. In ornare sagittis felis. Donec tempor, est ac mattis semper, dui lectus rutrum urna, nec luctus felis purus ac tellus. Suspendisse sed dolor. Fusce mi lorem, vehicula et, rutrum eu, ultrices sit amet, risus. Donec nibh enim, gravida sit amet, dapibus id, blandit at, nisi. Cum sociis natoque penatibus et magnis dis parturient montes, nascetur	46	2021-11-08 12:53:00
79	habitant morbi tristique senectus et netus	17	at arcu. Vestibulum ante ipsum primis in faucibus orci luctus et ultrices posuere cubilia Curae Donec tincidunt. Donec vitae erat vel pede blandit congue. In scelerisque scelerisque dui. Suspendisse ac metus vitae velit egestas lacinia. Sed congue, elit sed consequat auctor, nunc nulla vulputate dui, nec tempus mauris erat eget ipsum. Suspendisse sagittis. Nullam vitae diam. Proin dolor. Nulla semper tellus id nunc interdum feugiat. Sed nec metus facilisis lorem tristique aliquet. Phasellus fermentum convallis ligula. Donec luctus aliquet odio. Etiam ligula tortor, dictum eu, placerat eget, venenatis a, magna. Lorem ipsum dolor sit amet, consectetuer adipiscing elit. Etiam laoreet, libero et tristique pellentesque, tellus sem mollis dui, in sodales elit erat vitae risus. Duis a mi fringilla mi lacinia mattis. Integer eu lacus. Quisque imperdiet, erat nonummy ultricies ornare, elit elit fermentum risus, at fringilla purus mauris a nunc. In at pede. Cras vulputate velit	63	2022-06-13 12:27:00
80	Pellentesque ut ipsum ac	38	egestas lacinia. Sed congue, elit sed consequat auctor, nunc nulla vulputate dui, nec tempus mauris erat eget ipsum. Suspendisse sagittis. Nullam vitae diam. Proin dolor. Nulla semper tellus id nunc interdum feugiat. Sed nec metus facilisis lorem tristique aliquet. Phasellus fermentum convallis ligula. Donec luctus aliquet odio. Etiam ligula tortor, dictum eu, placerat eget, venenatis a, magna. Lorem ipsum dolor sit amet, consectetuer adipiscing elit. Etiam laoreet, libero et tristique pellentesque, tellus sem mollis dui, in sodales elit erat vitae risus. Duis a mi fringilla mi lacinia mattis. Integer eu lacus. Quisque imperdiet, erat nonummy ultricies ornare, elit elit fermentum risus, at fringilla purus mauris a nunc. In at pede. Cras vulputate velit eu sem. Pellentesque ut ipsum ac mi eleifend egestas. Sed	53	2022-06-14 03:13:00
81	non	42	dolor sit amet, consectetuer adipiscing elit. Curabitur sed tortor. Integer aliquam adipiscing lacus. Ut nec urna et arcu imperdiet ullamcorper. Duis at lacus. Quisque purus sapien, gravida non, sollicitudin a, malesuada id, erat. Etiam vestibulum massa rutrum magna. Cras convallis convallis dolor. Quisque tincidunt pede ac urna. Ut tincidunt vehicula risus. Nulla eget metus eu erat semper rutrum. Fusce dolor quam, elementum at, egestas a, scelerisque sed, sapien. Nunc pulvinar arcu et pede. Nunc sed orci lobortis augue scelerisque mollis. Phasellus libero mauris, aliquam eu, accumsan sed, facilisis vitae, orci. Phasellus dapibus quam quis diam. Pellentesque habitant morbi tristique senectus et netus et malesuada fames ac turpis egestas. Fusce aliquet magna a neque. Nullam ut nisi a odio semper cursus. Integer mollis. Integer tincidunt aliquam arcu. Aliquam ultrices iaculis odio. Nam interdum enim non nisi. Aenean eget metus. In nec orci. Donec nibh. Quisque nonummy ipsum non arcu. Vivamus sit amet risus. Donec egestas. Aliquam nec enim. Nunc ut erat. Sed nunc est, mollis non, cursus non, egestas a, dui. Cras pellentesque. Sed dictum. Proin eget odio. Aliquam vulputate ullamcorper magna. Sed eu eros. Nam consequat dolor vitae dolor. Donec fringilla. Donec feugiat metus sit amet ante.	52	2023-08-07 05:15:00
82	velit eget laoreet posuere, enim nisl elementum purus, accumsan interdum	61	elit, a feugiat tellus lorem eu metus. In lorem. Donec elementum, lorem ut aliquam iaculis, lacus pede sagittis augue, eu tempor erat neque non quam. Pellentesque habitant morbi tristique senectus et netus et malesuada fames ac turpis egestas. Aliquam fringilla cursus purus. Nullam scelerisque neque sed sem egestas blandit. Nam nulla magna, malesuada vel, convallis in, cursus et, eros. Proin ultrices. Duis volutpat nunc sit amet metus. Aliquam erat volutpat. Nulla facilisis. Suspendisse commodo tincidunt nibh. Phasellus nulla. Integer vulputate, risus a ultricies adipiscing, enim mi tempor lorem, eget mollis lectus pede et risus. Quisque libero lacus, varius et, euismod et, commodo at, libero. Morbi accumsan laoreet ipsum. Curabitur consequat, lectus sit amet luctus vulputate, nisi sem semper erat, in consectetuer ipsum nunc id enim. Curabitur massa. Vestibulum accumsan neque et nunc. Quisque ornare tortor at risus. Nunc ac sem ut dolor	70	2022-11-15 10:49:00
83	Curae Donec tincidunt. Donec vitae	54	enim. Suspendisse aliquet, sem ut cursus luctus, ipsum leo elementum sem, vitae aliquam eros turpis non enim. Mauris quis turpis vitae purus gravida sagittis. Duis gravida. Praesent eu nulla at sem molestie sodales. Mauris blandit enim consequat purus. Maecenas libero est, congue a, aliquet vel, vulputate eu, odio. Phasellus at augue id ante dictum cursus. Nunc mauris elit, dictum eu, eleifend nec, malesuada ut, sem. Nulla interdum. Curabitur dictum. Phasellus in felis. Nulla tempor augue ac ipsum. Phasellus vitae mauris sit amet lorem semper auctor. Mauris vel turpis. Aliquam adipiscing lobortis risus. In mi pede, nonummy ut, molestie in, tempus eu, ligula. Aenean euismod mauris eu elit. Nulla facilisi. Sed neque. Sed eget lacus. Mauris non dui nec urna suscipit nonummy. Fusce fermentum fermentum arcu. Vestibulum ante ipsum primis in faucibus orci luctus et ultrices posuere cubilia Curae Phasellus ornare. Fusce mollis. Duis sit amet diam eu dolor egestas rhoncus. Proin nisl sem, consequat nec, mollis vitae, posuere at, velit. Cras lorem lorem, luctus ut, pellentesque eget, dictum placerat, augue. Sed molestie. Sed id risus quis diam luctus lobortis. Class aptent taciti sociosqu ad litora torquent per conubia nostra, per inceptos hymenaeos. Mauris ut quam vel sapien imperdiet ornare. In faucibus. Morbi vehicula. Pellentesque tincidunt tempus risus. Donec egestas. Duis ac arcu. Nunc mauris. Morbi non sapien molestie orci tincidunt adipiscing. Mauris molestie pharetra nibh. Aliquam ornare, libero at auctor ullamcorper, nisl arcu iaculis enim, sit amet ornare lectus justo eu arcu. Morbi sit amet massa. Quisque porttitor eros nec tellus. Nunc lectus pede, ultrices a, auctor non, feugiat nec, diam. Duis mi enim, condimentum eget, volutpat ornare, facilisis eget, ipsum. Donec sollicitudin	27	2021-09-12 06:10:00
84	Aenean eget magna. Suspendisse tristique neque venenatis lacus.	11	ac orci. Ut semper pretium neque. Morbi quis urna. Nunc quis arcu vel quam dignissim pharetra. Nam ac nulla. In tincidunt congue turpis. In condimentum. Donec at arcu. Vestibulum ante ipsum primis in faucibus orci luctus et ultrices posuere cubilia Curae Donec tincidunt. Donec vitae erat vel pede blandit congue. In scelerisque scelerisque dui. Suspendisse ac metus vitae velit egestas lacinia. Sed congue, elit sed consequat auctor, nunc nulla vulputate dui, nec tempus mauris erat eget ipsum. Suspendisse sagittis. Nullam vitae diam. Proin dolor. Nulla semper tellus id nunc interdum feugiat. Sed nec metus facilisis lorem tristique aliquet. Phasellus fermentum convallis ligula. Donec luctus aliquet odio. Etiam ligula tortor, dictum eu, placerat eget, venenatis a, magna. Lorem ipsum dolor sit amet, consectetuer adipiscing elit. Etiam laoreet, libero et tristique pellentesque, tellus sem mollis dui, in sodales elit erat vitae risus. Duis a mi fringilla mi lacinia mattis. Integer eu lacus. Quisque imperdiet, erat nonummy ultricies ornare, elit elit fermentum risus, at fringilla purus mauris a nunc. In at pede. Cras vulputate velit eu sem. Pellentesque ut ipsum ac mi eleifend egestas. Sed pharetra, felis eget varius ultrices, mauris ipsum porta elit, a feugiat tellus lorem eu metus. In lorem. Donec elementum, lorem ut aliquam iaculis, lacus pede sagittis augue, eu tempor erat neque non quam. Pellentesque habitant morbi tristique senectus et netus et malesuada fames ac turpis egestas. Aliquam fringilla cursus purus. Nullam scelerisque neque sed sem egestas blandit. Nam nulla magna, malesuada vel, convallis in, cursus et, eros. Proin ultrices. Duis volutpat nunc sit amet metus. Aliquam erat volutpat. Nulla facilisis. Suspendisse commodo tincidunt nibh. Phasellus nulla. Integer	3	2023-07-18 12:38:00
85	metus vitae velit egestas lacinia.	37	Vestibulum ut eros non enim commodo hendrerit. Donec porttitor tellus non magna. Nam ligula elit, pretium et, rutrum non, hendrerit id, ante. Nunc mauris sapien, cursus in, hendrerit consectetuer, cursus et, magna. Praesent interdum ligula eu enim. Etiam imperdiet dictum magna. Ut tincidunt orci quis lectus. Nullam suscipit, est ac facilisis facilisis, magna tellus faucibus leo, in lobortis tellus justo sit amet nulla. Donec non justo. Proin non massa non ante bibendum ullamcorper. Duis cursus, diam at pretium aliquet, metus urna convallis erat, eget tincidunt dui augue eu tellus. Phasellus elit pede, malesuada vel, venenatis vel, faucibus id, libero. Donec consectetuer mauris id sapien. Cras dolor dolor, tempus non, lacinia at, iaculis quis, pede. Praesent eu dui. Cum sociis natoque penatibus et magnis dis parturient montes, nascetur ridiculus mus. Aenean eget magna. Suspendisse tristique neque venenatis lacus. Etiam bibendum fermentum metus. Aenean sed pede nec ante blandit viverra. Donec tempus, lorem fringilla ornare placerat, orci lacus vestibulum lorem, sit amet ultricies sem magna nec quam. Curabitur vel lectus. Cum sociis natoque penatibus et magnis dis parturient montes, nascetur ridiculus mus. Donec dignissim magna a tortor. Nunc commodo auctor velit. Aliquam nisl. Nulla eu neque pellentesque massa lobortis	69	2023-06-13 05:43:00
86	eu odio tristique	47	Nulla tincidunt, neque vitae semper egestas, urna justo faucibus lectus, a sollicitudin orci sem eget massa. Suspendisse eleifend. Cras sed leo. Cras vehicula aliquet libero. Integer in magna. Phasellus dolor elit, pellentesque a, facilisis non, bibendum sed, est. Nunc laoreet lectus quis massa. Mauris vestibulum, neque sed dictum eleifend, nunc risus varius orci, in consequat enim diam vel arcu. Curabitur ut odio vel est tempor bibendum. Donec felis orci, adipiscing non, luctus sit amet, faucibus ut, nulla. Cras eu tellus eu augue porttitor interdum. Sed auctor odio a purus. Duis elementum, dui quis accumsan convallis, ante lectus convallis est, vitae sodales nisi magna sed dui. Fusce aliquam, enim nec tempus scelerisque, lorem ipsum sodales purus, in molestie tortor nibh sit amet orci. Ut sagittis lobortis mauris. Suspendisse aliquet molestie tellus. Aenean egestas hendrerit neque. In ornare sagittis felis. Donec tempor, est ac mattis semper, dui lectus rutrum urna, nec luctus felis purus ac tellus. Suspendisse sed dolor. Fusce mi lorem, vehicula et, rutrum eu, ultrices sit amet, risus. Donec nibh enim, gravida sit amet, dapibus id, blandit at, nisi. Cum sociis natoque penatibus et magnis dis parturient montes, nascetur ridiculus mus. Proin vel nisl. Quisque fringilla euismod enim. Etiam gravida molestie arcu. Sed eu nibh vulputate mauris sagittis placerat. Cras dictum ultricies ligula. Nullam enim. Sed nulla ante, iaculis nec, eleifend non, dapibus rutrum, justo. Praesent luctus. Curabitur egestas nunc sed libero.	98	2023-03-01 02:37:00
87	gravida nunc sed pede. Cum	36	ornare placerat, orci lacus vestibulum lorem, sit amet ultricies sem magna nec quam. Curabitur vel lectus. Cum sociis natoque penatibus et magnis dis parturient montes, nascetur ridiculus mus. Donec dignissim magna a tortor. Nunc commodo auctor velit. Aliquam nisl. Nulla eu neque pellentesque massa lobortis ultrices. Vivamus rhoncus. Donec est. Nunc ullamcorper, velit in aliquet lobortis, nisi nibh lacinia orci, consectetuer euismod est arcu ac orci. Ut semper pretium neque. Morbi quis urna. Nunc quis arcu vel quam dignissim pharetra. Nam ac nulla. In tincidunt congue turpis. In condimentum. Donec at arcu. Vestibulum ante ipsum primis in faucibus orci luctus et ultrices posuere cubilia Curae Donec tincidunt. Donec vitae erat vel pede blandit congue. In scelerisque scelerisque dui. Suspendisse ac metus vitae velit egestas lacinia. Sed congue, elit sed consequat auctor, nunc nulla vulputate dui, nec tempus mauris erat eget ipsum. Suspendisse sagittis. Nullam vitae diam. Proin dolor. Nulla semper tellus id nunc interdum feugiat. Sed nec metus facilisis lorem tristique aliquet. Phasellus fermentum convallis ligula. Donec luctus aliquet odio. Etiam ligula tortor, dictum eu, placerat eget, venenatis a, magna. Lorem ipsum dolor sit amet, consectetuer adipiscing elit. Etiam laoreet, libero et tristique pellentesque, tellus sem mollis dui, in sodales elit erat vitae risus. Duis a mi fringilla mi lacinia mattis. Integer eu lacus. Quisque imperdiet, erat nonummy ultricies ornare, elit elit fermentum risus, at fringilla purus mauris a nunc.	33	2023-02-13 02:57:00
88	vel, vulputate eu, odio. Phasellus at augue	4	at, nisi. Cum sociis natoque penatibus et magnis dis parturient montes, nascetur ridiculus mus. Proin vel nisl. Quisque fringilla euismod enim. Etiam gravida molestie arcu. Sed eu nibh vulputate mauris sagittis placerat. Cras dictum ultricies ligula. Nullam enim. Sed nulla ante, iaculis nec, eleifend non, dapibus rutrum, justo. Praesent luctus. Curabitur egestas nunc sed libero. Proin sed turpis nec mauris blandit mattis. Cras eget nisi dictum augue malesuada malesuada. Integer id magna et ipsum cursus vestibulum. Mauris magna. Duis dignissim tempor arcu. Vestibulum ut eros non enim commodo hendrerit. Donec porttitor tellus non magna. Nam ligula elit, pretium et, rutrum non, hendrerit id, ante. Nunc mauris sapien, cursus in, hendrerit consectetuer, cursus et, magna. Praesent interdum ligula eu enim. Etiam imperdiet dictum magna. Ut tincidunt orci quis lectus. Nullam suscipit, est ac facilisis facilisis, magna tellus faucibus leo, in lobortis tellus justo sit amet nulla. Donec non justo. Proin non massa non ante bibendum ullamcorper. Duis cursus, diam at pretium aliquet, metus urna convallis erat, eget tincidunt dui augue eu tellus. Phasellus elit pede, malesuada vel, venenatis vel, faucibus id, libero. Donec consectetuer mauris id sapien. Cras dolor dolor, tempus non, lacinia at, iaculis quis, pede. Praesent eu dui. Cum sociis natoque penatibus et magnis dis parturient montes, nascetur ridiculus mus. Aenean eget magna. Suspendisse tristique neque venenatis lacus. Etiam bibendum fermentum metus. Aenean sed pede nec ante blandit viverra.	66	2022-05-01 04:48:00
89	Phasellus vitae mauris sit amet lorem	4	at, iaculis quis, pede. Praesent eu dui. Cum sociis natoque penatibus et magnis dis parturient montes, nascetur ridiculus mus. Aenean eget magna. Suspendisse tristique neque venenatis lacus. Etiam bibendum fermentum metus. Aenean sed pede nec ante blandit viverra. Donec tempus, lorem fringilla ornare placerat, orci lacus vestibulum lorem, sit amet ultricies sem magna nec quam. Curabitur vel lectus. Cum sociis natoque penatibus et magnis dis parturient montes, nascetur ridiculus mus. Donec dignissim magna a tortor. Nunc commodo auctor velit. Aliquam nisl. Nulla eu neque pellentesque massa lobortis ultrices. Vivamus rhoncus. Donec est. Nunc ullamcorper, velit in aliquet lobortis, nisi nibh lacinia orci, consectetuer euismod est arcu ac orci. Ut semper pretium neque. Morbi quis urna. Nunc quis arcu vel quam dignissim pharetra. Nam ac nulla. In tincidunt congue turpis. In condimentum. Donec at arcu. Vestibulum ante ipsum primis in faucibus orci luctus et ultrices posuere cubilia Curae Donec tincidunt. Donec vitae erat vel pede blandit congue. In scelerisque scelerisque dui. Suspendisse ac metus vitae velit egestas lacinia. Sed congue, elit sed consequat auctor, nunc nulla vulputate dui, nec tempus mauris erat eget ipsum. Suspendisse sagittis. Nullam vitae diam. Proin dolor. Nulla semper tellus id nunc interdum feugiat. Sed nec metus facilisis lorem tristique aliquet. Phasellus fermentum convallis ligula. Donec luctus aliquet odio. Etiam ligula tortor, dictum eu, placerat eget, venenatis a, magna. Lorem ipsum dolor sit amet, consectetuer adipiscing elit. Etiam laoreet,	30	2023-04-09 05:32:00
90	felis ullamcorper viverra. Maecenas iaculis aliquet diam. Sed diam lorem,	3	Pellentesque habitant morbi tristique senectus et netus et malesuada fames ac turpis egestas. Aliquam fringilla cursus purus. Nullam scelerisque neque sed sem egestas blandit. Nam nulla magna, malesuada vel, convallis in, cursus et, eros. Proin ultrices. Duis volutpat nunc sit amet metus. Aliquam erat volutpat. Nulla facilisis. Suspendisse commodo tincidunt nibh. Phasellus nulla. Integer vulputate, risus a ultricies adipiscing, enim mi tempor lorem, eget mollis lectus pede et risus. Quisque libero lacus, varius et, euismod et, commodo at, libero. Morbi accumsan laoreet ipsum. Curabitur consequat, lectus sit amet luctus vulputate, nisi sem semper erat, in consectetuer ipsum nunc id enim. Curabitur massa. Vestibulum accumsan neque et nunc. Quisque ornare tortor at risus. Nunc ac sem ut dolor dapibus gravida. Aliquam tincidunt, nunc ac mattis ornare, lectus ante dictum mi, ac mattis velit justo nec ante. Maecenas mi felis, adipiscing fringilla, porttitor vulputate, posuere vulputate, lacus. Cras interdum. Nunc sollicitudin commodo ipsum. Suspendisse non leo. Vivamus nibh dolor, nonummy ac, feugiat non, lobortis quis, pede. Suspendisse dui. Fusce diam nunc, ullamcorper eu, euismod ac, fermentum vel, mauris. Integer sem elit, pharetra ut, pharetra sed, hendrerit a, arcu. Sed et libero. Proin mi. Aliquam gravida mauris ut mi. Duis risus odio, auctor vitae, aliquet nec, imperdiet nec, leo. Morbi neque tellus, imperdiet non, vestibulum nec, euismod in, dolor. Fusce feugiat. Lorem ipsum dolor sit amet, consectetuer adipiscing elit. Aliquam auctor, velit eget laoreet posuere, enim nisl elementum purus, accumsan interdum libero dui nec	55	2023-07-07 01:43:00
91	posuere vulputate, lacus. Cras	11	sit amet, dapibus id, blandit at, nisi. Cum sociis natoque penatibus et magnis dis parturient montes, nascetur ridiculus mus. Proin vel nisl. Quisque fringilla euismod enim. Etiam gravida molestie arcu. Sed eu nibh vulputate mauris sagittis placerat. Cras dictum ultricies ligula. Nullam enim. Sed nulla ante, iaculis nec, eleifend non, dapibus rutrum, justo. Praesent luctus. Curabitur egestas nunc sed libero. Proin sed turpis nec mauris blandit mattis. Cras eget nisi dictum augue malesuada malesuada. Integer id magna et ipsum cursus vestibulum. Mauris magna. Duis dignissim tempor arcu. Vestibulum ut eros non enim commodo hendrerit. Donec porttitor tellus non magna. Nam ligula elit, pretium et, rutrum non, hendrerit id, ante. Nunc mauris sapien, cursus in, hendrerit consectetuer, cursus et, magna. Praesent interdum ligula eu enim. Etiam imperdiet dictum magna. Ut tincidunt orci quis lectus. Nullam suscipit, est ac facilisis facilisis, magna tellus faucibus leo, in lobortis tellus justo sit amet nulla. Donec non justo. Proin non massa non ante bibendum ullamcorper. Duis cursus, diam at pretium aliquet, metus urna convallis erat, eget tincidunt dui augue eu tellus. Phasellus elit pede, malesuada vel, venenatis vel, faucibus id, libero. Donec consectetuer mauris id sapien. Cras dolor dolor, tempus non, lacinia at, iaculis quis, pede. Praesent eu dui. Cum sociis natoque penatibus et magnis dis parturient montes, nascetur ridiculus mus. Aenean eget magna. Suspendisse tristique neque venenatis lacus. Etiam bibendum fermentum metus. Aenean sed pede nec ante blandit viverra. Donec tempus, lorem fringilla ornare placerat, orci lacus vestibulum lorem, sit amet ultricies sem magna nec quam. Curabitur vel lectus. Cum sociis natoque penatibus et magnis dis parturient montes, nascetur ridiculus mus. Donec dignissim magna a tortor. Nunc commodo auctor velit. Aliquam nisl. Nulla eu neque pellentesque massa lobortis ultrices. Vivamus rhoncus. Donec est. Nunc ullamcorper, velit in	85	2023-08-18 06:13:00
92	ac turpis egestas. Aliquam fringilla	11	cursus vestibulum. Mauris magna. Duis dignissim tempor arcu. Vestibulum ut eros non enim commodo hendrerit. Donec porttitor tellus non magna. Nam ligula elit, pretium et, rutrum non, hendrerit id, ante. Nunc mauris sapien, cursus in, hendrerit consectetuer, cursus et, magna. Praesent interdum ligula eu enim. Etiam imperdiet dictum magna. Ut tincidunt orci quis lectus. Nullam suscipit, est ac facilisis facilisis, magna tellus faucibus leo, in lobortis tellus justo sit amet nulla. Donec non justo. Proin non massa non ante bibendum ullamcorper. Duis cursus, diam at pretium aliquet, metus urna convallis erat, eget tincidunt dui augue eu tellus. Phasellus elit pede, malesuada vel, venenatis vel, faucibus id, libero. Donec consectetuer mauris id sapien. Cras dolor dolor, tempus non, lacinia at, iaculis quis, pede. Praesent eu dui. Cum sociis natoque penatibus et magnis dis parturient montes, nascetur ridiculus mus. Aenean eget magna. Suspendisse tristique neque venenatis lacus. Etiam bibendum fermentum metus. Aenean sed pede nec ante blandit viverra. Donec tempus, lorem fringilla ornare placerat, orci lacus vestibulum lorem, sit amet ultricies sem magna nec quam. Curabitur vel lectus. Cum sociis natoque penatibus et magnis dis parturient montes, nascetur ridiculus mus. Donec dignissim magna a tortor. Nunc commodo	26	2022-05-29 02:40:00
93	bibendum. Donec	87	tempus mauris erat eget ipsum. Suspendisse sagittis. Nullam vitae diam. Proin dolor. Nulla semper tellus id nunc interdum feugiat. Sed nec metus facilisis lorem tristique aliquet. Phasellus fermentum convallis ligula. Donec luctus aliquet odio. Etiam ligula tortor, dictum eu, placerat eget, venenatis a, magna. Lorem ipsum dolor sit amet, consectetuer adipiscing elit. Etiam laoreet, libero et tristique pellentesque, tellus sem mollis dui, in sodales elit erat vitae risus. Duis a mi fringilla mi lacinia mattis. Integer eu lacus. Quisque imperdiet, erat nonummy ultricies ornare, elit elit fermentum risus, at fringilla purus mauris a nunc. In at pede. Cras vulputate velit eu sem. Pellentesque ut ipsum ac mi eleifend egestas. Sed pharetra, felis eget varius ultrices, mauris ipsum porta elit, a feugiat tellus lorem eu metus. In lorem. Donec elementum, lorem ut aliquam iaculis, lacus pede sagittis augue, eu tempor erat neque non quam. Pellentesque habitant	91	2023-01-04 12:52:00
94	Sed nulla ante,	92	arcu vel quam dignissim pharetra. Nam ac nulla. In tincidunt congue turpis. In condimentum. Donec at arcu. Vestibulum ante ipsum primis in faucibus orci luctus et ultrices posuere cubilia Curae Donec tincidunt. Donec vitae erat vel pede blandit congue. In scelerisque scelerisque dui. Suspendisse ac metus vitae velit egestas lacinia. Sed congue, elit sed consequat auctor, nunc nulla vulputate dui, nec tempus mauris erat eget ipsum. Suspendisse sagittis. Nullam vitae diam. Proin dolor. Nulla semper tellus id nunc interdum feugiat. Sed nec metus facilisis lorem tristique aliquet. Phasellus fermentum convallis ligula. Donec luctus aliquet odio. Etiam ligula tortor, dictum eu, placerat eget, venenatis a, magna. Lorem ipsum dolor sit amet, consectetuer adipiscing elit. Etiam laoreet, libero et tristique pellentesque, tellus sem mollis dui, in sodales elit erat vitae risus. Duis a mi fringilla mi lacinia mattis. Integer eu lacus. Quisque imperdiet, erat nonummy ultricies ornare, elit elit fermentum risus, at fringilla purus mauris a nunc. In at pede. Cras vulputate velit eu sem. Pellentesque ut ipsum ac mi eleifend egestas. Sed pharetra, felis eget varius ultrices, mauris ipsum porta elit, a feugiat tellus lorem eu metus. In lorem. Donec elementum, lorem ut aliquam iaculis, lacus pede sagittis augue, eu tempor erat neque non quam. Pellentesque habitant morbi tristique senectus et netus et malesuada fames ac turpis egestas. Aliquam fringilla	8	2021-10-22 02:25:00
95	velit	38	eleifend vitae, erat. Vivamus nisi. Mauris nulla. Integer urna. Vivamus molestie dapibus ligula. Aliquam erat volutpat. Nulla dignissim. Maecenas ornare egestas ligula. Nullam feugiat placerat velit. Quisque varius. Nam porttitor scelerisque neque. Nullam nisl. Maecenas malesuada fringilla est. Mauris eu turpis. Nulla aliquet. Proin velit. Sed malesuada augue ut lacus. Nulla tincidunt, neque vitae semper egestas, urna justo faucibus lectus, a sollicitudin orci sem eget massa. Suspendisse eleifend. Cras sed leo. Cras vehicula aliquet libero. Integer in magna. Phasellus dolor elit, pellentesque a, facilisis non, bibendum sed, est. Nunc laoreet lectus quis massa. Mauris vestibulum, neque sed dictum eleifend, nunc	28	2021-11-10 07:11:00
96	sem eget	79	magna. Cras convallis convallis dolor. Quisque tincidunt pede ac urna. Ut tincidunt vehicula risus. Nulla eget metus eu erat semper rutrum. Fusce dolor quam, elementum at, egestas a, scelerisque sed, sapien. Nunc pulvinar arcu et pede. Nunc sed orci lobortis augue scelerisque mollis. Phasellus libero mauris, aliquam eu, accumsan sed, facilisis vitae, orci. Phasellus dapibus quam quis diam. Pellentesque habitant morbi tristique senectus et netus et malesuada fames ac turpis egestas. Fusce aliquet magna a neque. Nullam ut nisi a odio semper cursus. Integer mollis. Integer tincidunt aliquam arcu. Aliquam ultrices iaculis odio. Nam interdum enim non nisi. Aenean eget metus. In nec orci. Donec nibh. Quisque nonummy ipsum non arcu. Vivamus sit amet risus. Donec egestas. Aliquam nec enim. Nunc ut erat. Sed nunc est, mollis non, cursus non, egestas a, dui. Cras pellentesque. Sed dictum. Proin eget odio. Aliquam vulputate ullamcorper magna. Sed eu eros. Nam consequat dolor vitae dolor. Donec fringilla. Donec feugiat metus sit amet ante. Vivamus non lorem vitae odio sagittis semper. Nam tempor diam dictum sapien. Aenean massa. Integer vitae nibh. Donec est mauris, rhoncus id, mollis nec, cursus a, enim. Suspendisse aliquet, sem ut cursus luctus, ipsum leo elementum sem, vitae aliquam eros turpis non enim. Mauris quis turpis vitae purus gravida sagittis. Duis gravida. Praesent eu nulla at sem molestie sodales. Mauris blandit enim consequat purus. Maecenas libero est, congue a, aliquet vel, vulputate eu, odio. Phasellus at augue id ante dictum cursus. Nunc mauris elit, dictum eu, eleifend nec, malesuada ut, sem. Nulla interdum. Curabitur dictum. Phasellus in felis. Nulla tempor augue ac ipsum. Phasellus vitae mauris sit amet lorem semper auctor. Mauris vel turpis. Aliquam adipiscing lobortis risus. In mi pede, nonummy ut, molestie in,	52	2023-02-25 10:58:00
97	lorem fringilla ornare placerat, orci lacus vestibulum lorem, sit amet	17	sem, consequat nec, mollis vitae, posuere at, velit. Cras lorem lorem, luctus ut, pellentesque eget, dictum placerat, augue. Sed molestie. Sed id risus quis diam luctus lobortis. Class aptent taciti sociosqu ad litora torquent per conubia nostra, per inceptos hymenaeos. Mauris ut quam vel sapien imperdiet ornare. In faucibus. Morbi vehicula. Pellentesque tincidunt tempus risus. Donec egestas. Duis ac arcu. Nunc mauris. Morbi non sapien molestie orci tincidunt adipiscing. Mauris molestie pharetra nibh. Aliquam ornare, libero at auctor ullamcorper, nisl arcu iaculis enim, sit amet ornare lectus justo eu arcu. Morbi sit amet massa. Quisque porttitor eros nec tellus. Nunc lectus pede, ultrices a, auctor non, feugiat nec, diam. Duis mi enim, condimentum eget, volutpat ornare, facilisis eget, ipsum. Donec sollicitudin adipiscing ligula. Aenean gravida nunc sed pede. Cum sociis natoque penatibus et magnis dis parturient montes, nascetur ridiculus mus. Proin vel arcu eu odio tristique pharetra. Quisque ac libero nec ligula consectetuer rhoncus. Nullam velit dui, semper et, lacinia vitae, sodales at, velit. Pellentesque ultricies dignissim lacus. Aliquam rutrum lorem ac risus. Morbi metus. Vivamus euismod urna. Nullam lobortis quam a felis ullamcorper viverra. Maecenas iaculis aliquet diam. Sed diam lorem, auctor quis, tristique ac, eleifend vitae, erat. Vivamus nisi. Mauris nulla. Integer urna. Vivamus molestie dapibus ligula. Aliquam erat volutpat. Nulla dignissim. Maecenas ornare egestas ligula. Nullam feugiat placerat velit. Quisque varius. Nam porttitor scelerisque neque. Nullam nisl. Maecenas malesuada fringilla est. Mauris eu turpis. Nulla aliquet. Proin velit. Sed malesuada augue ut lacus. Nulla tincidunt, neque vitae semper egestas, urna	71	2023-01-24 03:14:00
98	et ultrices posuere cubilia Curae	26	Donec at arcu. Vestibulum ante ipsum primis in faucibus orci luctus et ultrices posuere cubilia Curae Donec tincidunt. Donec vitae erat vel pede blandit congue. In scelerisque scelerisque dui. Suspendisse ac metus vitae velit egestas lacinia. Sed congue, elit sed consequat auctor, nunc nulla vulputate dui, nec tempus mauris erat eget ipsum. Suspendisse sagittis. Nullam vitae diam. Proin dolor. Nulla semper tellus id nunc interdum feugiat. Sed nec metus facilisis lorem tristique aliquet. Phasellus fermentum convallis ligula. Donec luctus aliquet odio. Etiam ligula tortor, dictum eu, placerat eget, venenatis a, magna. Lorem ipsum dolor sit amet, consectetuer adipiscing elit. Etiam laoreet, libero et tristique pellentesque, tellus sem mollis dui, in sodales elit erat vitae risus. Duis a mi fringilla mi lacinia mattis. Integer eu lacus. Quisque imperdiet, erat nonummy ultricies ornare, elit elit fermentum risus, at fringilla purus mauris a nunc. In at pede. Cras vulputate velit eu sem. Pellentesque ut ipsum ac mi eleifend egestas. Sed pharetra, felis eget varius ultrices, mauris ipsum porta elit, a feugiat tellus lorem eu metus. In lorem. Donec elementum, lorem ut aliquam iaculis, lacus pede sagittis augue, eu tempor erat neque non quam. Pellentesque habitant morbi tristique senectus et netus et	69	2021-10-08 04:53:00
99	non enim. Mauris quis turpis	85	neque. In ornare sagittis felis. Donec tempor, est ac mattis semper, dui lectus rutrum urna, nec luctus felis purus ac tellus. Suspendisse sed dolor. Fusce mi lorem, vehicula et, rutrum eu, ultrices sit amet, risus. Donec nibh enim, gravida sit amet, dapibus id, blandit at, nisi. Cum sociis natoque penatibus et magnis dis parturient montes, nascetur ridiculus mus. Proin vel nisl. Quisque fringilla euismod enim. Etiam gravida molestie arcu. Sed eu nibh vulputate mauris sagittis placerat. Cras dictum ultricies ligula. Nullam enim. Sed nulla ante, iaculis nec, eleifend non, dapibus rutrum, justo. Praesent luctus. Curabitur egestas nunc sed libero. Proin sed turpis nec mauris blandit mattis. Cras eget nisi dictum augue malesuada malesuada. Integer id magna et ipsum cursus vestibulum. Mauris magna.	87	2022-12-10 03:50:00
100	vestibulum lorem, sit amet ultricies sem	92	Class aptent taciti sociosqu ad litora torquent per conubia nostra, per inceptos hymenaeos. Mauris ut quam vel sapien imperdiet ornare. In faucibus. Morbi vehicula. Pellentesque tincidunt tempus risus. Donec egestas. Duis ac arcu. Nunc mauris. Morbi non sapien molestie orci tincidunt adipiscing. Mauris molestie pharetra nibh. Aliquam ornare, libero at auctor ullamcorper, nisl arcu iaculis enim, sit amet ornare lectus justo eu arcu. Morbi sit amet massa. Quisque porttitor eros nec tellus. Nunc lectus pede, ultrices a, auctor non, feugiat nec, diam. Duis mi enim, condimentum eget, volutpat ornare, facilisis eget, ipsum. Donec sollicitudin adipiscing ligula. Aenean gravida nunc sed pede. Cum sociis natoque penatibus et magnis dis parturient montes, nascetur ridiculus mus. Proin vel arcu eu odio tristique pharetra. Quisque ac libero nec ligula consectetuer rhoncus. Nullam velit dui, semper et, lacinia vitae, sodales at, velit. Pellentesque ultricies dignissim lacus. Aliquam rutrum lorem ac risus. Morbi metus. Vivamus euismod urna. Nullam lobortis quam a felis ullamcorper viverra. Maecenas iaculis	22	2022-06-01 04:02:00
\.


--
-- TOC entry 2892 (class 0 OID 92625)
-- Dependencies: 203
-- Data for Name: users; Type: TABLE DATA; Schema: public; Owner: postgres
--

COPY public.users (id, name, email, phone, created_at) FROM stdin;
1	Dale Wilcox	iaculis.enim.sit@google.org	(337) 941-2309	2022-01-19 07:44:00
2	Naida Burt	cursus.non@google.net	(477) 581-6704	2021-12-09 11:39:00
3	Lev Combs	nullam.nisl.maecenas@hotmail.couk	(863) 467-1931	2023-06-17 10:52:00
4	Hedwig Hicks	convallis.ligula.donec@icloud.couk	(854) 976-6324	2023-02-16 12:07:00
5	Cora Clarke	magna.lorem@outlook.edu	(349) 867-6891	2022-01-29 06:31:00
6	Yvette Petty	metus.sit.amet@outlook.couk	(347) 311-0744	2023-04-12 09:26:00
7	Alexa Knox	turpis.egestas@aol.com	(941) 624-7183	2023-08-17 05:53:00
8	Hyacinth Graves	adipiscing@outlook.couk	(874) 564-5074	2022-12-01 12:59:00
9	Hyatt Gray	proin.nisl@aol.couk	(538) 189-1323	2023-06-14 10:12:00
10	Latifah Benson	tellus@protonmail.ca	(877) 378-8942	2022-02-06 01:02:00
11	Lewis Gilbert	auctor.vitae.aliquet@yahoo.net	(556) 917-1478	2022-07-26 02:41:00
12	Savannah Richardson	lectus.pede@icloud.ca	(401) 472-5458	2021-09-23 07:16:00
13	Octavius Merrill	eleifend.nunc@outlook.couk	(507) 838-6228	2022-07-05 02:59:00
14	Naomi Rosa	maecenas.libero.est@outlook.net	(854) 227-5023	2021-10-17 10:03:00
15	Cairo Morris	bibendum.sed.est@icloud.org	(811) 755-0827	2022-03-10 04:21:00
16	Trevor Douglas	nec.enim.nunc@outlook.net	(749) 846-5369	2022-03-31 11:41:00
17	Walter Christian	velit.quisque@google.edu	(786) 548-0776	2022-06-29 07:07:00
18	Vernon Russo	magna.duis@protonmail.net	(675) 201-8603	2023-03-12 07:44:00
19	Desiree Mayer	natoque.penatibus@aol.ca	(187) 836-1420	2023-05-10 11:47:00
20	Elton Wilder	neque@icloud.couk	(728) 562-5210	2023-02-28 06:56:00
21	Anne Valencia	aliquam.gravida.mauris@icloud.couk	(226) 163-1376	2023-01-09 11:35:00
22	Idona Gibbs	donec.egestas.aliquam@protonmail.com	(838) 526-1510	2022-07-06 09:21:00
23	Alan Campos	molestie.orci@hotmail.ca	(831) 732-7260	2022-03-11 12:47:00
24	Ramona Ball	nec.metus@protonmail.edu	(228) 751-3957	2022-07-04 11:52:00
25	Hamish James	neque@yahoo.net	(204) 868-7647	2023-03-27 10:11:00
26	Amir Craft	neque.tellus.imperdiet@hotmail.org	(568) 734-9638	2023-09-01 04:09:00
27	Magee Lucas	nulla.integer@yahoo.org	(452) 312-0935	2022-10-16 10:56:00
28	Malcolm Davenport	dictum.ultricies@hotmail.ca	(956) 934-4259	2021-10-05 12:26:00
29	Gavin Schwartz	eleifend@yahoo.edu	(375) 472-7121	2022-08-08 09:20:00
30	Naida Gallegos	amet.consectetuer@hotmail.ca	(956) 328-1217	2021-10-06 01:46:00
31	Naomi Cannon	congue@outlook.edu	(553) 289-7940	2022-09-22 12:02:00
32	Cameran O'brien	nascetur@icloud.ca	(608) 161-5148	2023-01-06 07:26:00
33	Astra Blankenship	vel@protonmail.couk	(461) 769-3642	2023-01-31 12:28:00
34	Stella Mclean	amet.risus.donec@icloud.ca	(282) 896-5872	2023-07-13 03:41:00
35	Christopher Mccray	dui.nec@hotmail.couk	(957) 356-9683	2021-09-28 01:04:00
36	Serina Potts	tristique.pharetra@outlook.org	(728) 337-6974	2022-02-24 09:23:00
37	Todd Marquez	maecenas.malesuada@protonmail.net	(335) 327-8476	2023-01-09 10:06:00
38	Alvin Rollins	sem.ut@outlook.org	(847) 861-1448	2022-03-13 01:08:00
39	Maxwell Mckay	ante.ipsum@google.org	(254) 484-7574	2022-06-23 02:34:00
40	Chantale Santana	id.risus@hotmail.edu	(796) 778-8710	2023-03-01 08:33:00
41	Roanna Cross	risus.varius@yahoo.net	(265) 815-1454	2023-06-04 02:05:00
42	Zoe Harmon	nibh.enim.gravida@protonmail.couk	(301) 662-4667	2022-06-26 01:43:00
43	Ulric Ramirez	ante@outlook.org	(423) 913-0326	2021-10-26 07:32:00
44	Buffy Aguirre	sapien@google.ca	(897) 221-8178	2022-07-06 08:18:00
45	Evangeline Curtis	sed.malesuada@google.org	(621) 434-8849	2022-12-15 06:54:00
46	Noelani Mendoza	metus.in@outlook.ca	(345) 569-7068	2022-08-06 03:44:00
47	Kyle Mann	luctus.aliquet@hotmail.couk	(377) 258-5232	2022-11-24 02:33:00
48	Constance Cunningham	sed.et.libero@hotmail.ca	(601) 575-7162	2023-06-30 08:56:00
49	Dominique Nixon	cum.sociis@yahoo.com	(288) 174-9667	2021-09-21 06:05:00
50	Oscar Black	facilisis.magna@yahoo.couk	(461) 558-5813	2023-01-24 03:11:00
51	Kay Cross	vitae@yahoo.couk	(444) 682-5761	2023-07-04 11:14:00
52	Ariana Castaneda	egestas.nunc@yahoo.edu	(891) 622-2713	2022-12-17 02:52:00
53	Brendan Kaufman	ipsum@icloud.couk	(237) 244-4162	2022-12-23 12:14:00
54	Idola Mckinney	cras@aol.org	(533) 225-3432	2022-06-21 12:55:00
55	Sigourney Quinn	sapien.cras.dolor@outlook.edu	(845) 767-6360	2023-04-09 02:54:00
56	Amethyst Rodriguez	nullam.nisl.maecenas@yahoo.com	(778) 177-6194	2022-04-10 01:22:00
57	Macon Baird	adipiscing@yahoo.couk	(954) 573-3967	2023-05-21 04:23:00
58	Chastity Poole	vitae.aliquet@icloud.edu	(436) 974-5284	2022-09-21 01:23:00
59	Wayne Randall	orci.quis@aol.net	(132) 855-4957	2023-08-27 02:48:00
60	Baker Ferrell	mauris@icloud.com	(655) 642-5651	2021-09-05 07:11:00
61	Zeus Gray	etiam.ligula@protonmail.ca	(227) 256-0245	2021-09-03 02:46:00
62	Myles Cunningham	metus.aliquam.erat@icloud.net	(454) 904-5248	2022-02-25 04:11:00
63	Zena Durham	consectetuer.ipsum@aol.com	(339) 636-1471	2023-05-21 10:03:00
64	Tiger Waller	primis@aol.ca	(708) 332-3846	2023-05-30 02:49:00
65	Len Hansen	enim.nec.tempus@protonmail.couk	(514) 531-0476	2023-01-03 04:54:00
66	Quon Riggs	ultricies@hotmail.org	(343) 426-0538	2023-01-11 08:27:00
67	Whoopi Hobbs	adipiscing.ligula.aenean@hotmail.org	(417) 564-2874	2021-10-30 02:14:00
68	Quinlan Nicholson	suspendisse.commodo@icloud.org	(572) 434-5167	2022-09-02 01:31:00
69	Priscilla Pratt	lacus@outlook.edu	(477) 872-9585	2022-05-02 09:58:00
70	Jerry Kidd	ligula.nullam.feugiat@google.couk	(184) 526-5954	2022-12-13 05:38:00
71	Kristen Mcdaniel	nascetur@yahoo.net	(674) 494-6682	2023-06-27 11:50:00
72	Driscoll Emerson	phasellus.elit.pede@protonmail.com	(856) 577-6830	2022-09-07 04:12:00
73	Ferris Williams	aliquam.nec@icloud.net	(343) 903-3562	2023-01-24 09:35:00
74	Mira Adkins	dictum.placerat@google.ca	(688) 673-6031	2022-04-07 12:07:00
75	Vivian Guzman	est.nunc@outlook.ca	(550) 664-4452	2022-03-05 08:12:00
76	Ursula Guthrie	phasellus@hotmail.ca	(872) 850-8148	2023-08-25 12:06:00
77	Quynn Page	dapibus.id@icloud.org	(194) 707-7396	2023-01-09 01:39:00
78	Oleg Fisher	lorem.luctus@hotmail.net	(356) 649-9938	2022-01-30 11:46:00
79	Ashton Hays	pede.cras@google.couk	(839) 338-6899	2022-02-23 02:13:00
80	Ross Robbins	nunc.sollicitudin.commodo@yahoo.org	(637) 264-1461	2023-06-08 10:47:00
81	Valentine Burns	arcu.vestibulum@yahoo.edu	(739) 477-4344	2022-06-20 06:20:00
82	Jonas Frank	luctus.curabitur@aol.couk	(210) 740-5721	2022-03-17 10:33:00
83	Yasir Bruce	amet.consectetuer.adipiscing@hotmail.ca	(771) 504-2375	2023-02-04 03:42:00
84	Remedios Bender	aptent@hotmail.org	(765) 897-1696	2022-10-30 07:02:00
85	Melyssa Woodward	fringilla.est@icloud.edu	(213) 156-8264	2022-11-12 06:20:00
86	Zorita Hahn	odio.vel.est@google.net	(825) 951-7853	2021-09-15 11:12:00
87	Yuli Owen	lorem.lorem@outlook.net	(717) 762-4145	2022-05-31 06:11:00
88	Dane Ashley	nibh@yahoo.com	(528) 517-6738	2022-11-02 09:14:00
89	Jemima Black	urna.et@hotmail.org	(183) 965-4081	2022-06-26 11:35:00
90	Mark Valenzuela	integer.tincidunt@google.edu	(533) 874-0840	2022-09-05 06:59:00
91	Ryder Warren	enim.mauris.quis@hotmail.couk	(371) 766-7666	2023-03-14 09:53:00
92	Adena Wood	tellus@outlook.couk	(632) 156-2646	2022-08-19 10:42:00
93	Phelan Dunlap	ac.tellus@yahoo.net	(513) 516-8938	2023-06-26 12:56:00
94	Ulric Yates	mattis.ornare@yahoo.net	(832) 497-3475	2023-02-20 07:42:00
95	Clinton Cross	nunc@icloud.couk	(304) 758-2640	2023-01-22 11:01:00
96	Octavia Quinn	sed.pharetra@yahoo.ca	(652) 398-6582	2022-05-07 03:01:00
97	Micah Watson	nonummy.ut.molestie@hotmail.org	(555) 227-8838	2022-06-22 01:15:00
98	Tatiana Aguirre	sagittis.placerat@yahoo.edu	(164) 162-3323	2021-12-12 07:27:00
99	Carter Rollins	nunc.risus.varius@protonmail.org	(319) 336-6780	2022-01-07 10:35:00
100	Demetrius Carlson	ipsum.primis.in@aol.org	(655) 171-1552	2022-06-13 05:59:00
\.


--
-- TOC entry 2905 (class 0 OID 0)
-- Dependencies: 208
-- Name: images_id_seq; Type: SEQUENCE SET; Schema: public; Owner: postgres
--

SELECT pg_catalog.setval('public.images_id_seq', 100, true);


--
-- TOC entry 2742 (class 2606 OID 92643)
-- Name: bookmarks bookmarks_pkey; Type: CONSTRAINT; Schema: public; Owner: postgres
--

ALTER TABLE ONLY public.bookmarks
    ADD CONSTRAINT bookmarks_pkey PRIMARY KEY (user_id, publication_id);


--
-- TOC entry 2730 (class 2606 OID 93770)
-- Name: comment_statuses comment_statuses_name_unique; Type: CONSTRAINT; Schema: public; Owner: postgres
--

ALTER TABLE ONLY public.comment_statuses
    ADD CONSTRAINT comment_statuses_name_unique UNIQUE (name);


--
-- TOC entry 2732 (class 2606 OID 92624)
-- Name: comment_statuses comment_statuses_pkey; Type: CONSTRAINT; Schema: public; Owner: postgres
--

ALTER TABLE ONLY public.comment_statuses
    ADD CONSTRAINT comment_statuses_pkey PRIMARY KEY (id);


--
-- TOC entry 2724 (class 2606 OID 92518)
-- Name: comments comments_pkey; Type: CONSTRAINT; Schema: public; Owner: postgres
--

ALTER TABLE ONLY public.comments
    ADD CONSTRAINT comments_pkey PRIMARY KEY (id);


--
-- TOC entry 2718 (class 2606 OID 92508)
-- Name: hubs hubs_name_key; Type: CONSTRAINT; Schema: public; Owner: postgres
--

ALTER TABLE ONLY public.hubs
    ADD CONSTRAINT hubs_name_key UNIQUE (name);


--
-- TOC entry 2720 (class 2606 OID 92506)
-- Name: hubs hubs_pkey; Type: CONSTRAINT; Schema: public; Owner: postgres
--

ALTER TABLE ONLY public.hubs
    ADD CONSTRAINT hubs_pkey PRIMARY KEY (id);


--
-- TOC entry 2722 (class 2606 OID 92513)
-- Name: hubs_publications hubs_publications_pkey; Type: CONSTRAINT; Schema: public; Owner: postgres
--

ALTER TABLE ONLY public.hubs_publications
    ADD CONSTRAINT hubs_publications_pkey PRIMARY KEY (hub_id, publication_id);


--
-- TOC entry 2750 (class 2606 OID 93791)
-- Name: images images_pkey; Type: CONSTRAINT; Schema: public; Owner: postgres
--

ALTER TABLE ONLY public.images
    ADD CONSTRAINT images_pkey PRIMARY KEY (id);


--
-- TOC entry 2752 (class 2606 OID 93793)
-- Name: images images_url_key; Type: CONSTRAINT; Schema: public; Owner: postgres
--

ALTER TABLE ONLY public.images
    ADD CONSTRAINT images_url_key UNIQUE (url);


--
-- TOC entry 2746 (class 2606 OID 93772)
-- Name: notification_types notification_types_name_unique; Type: CONSTRAINT; Schema: public; Owner: postgres
--

ALTER TABLE ONLY public.notification_types
    ADD CONSTRAINT notification_types_name_unique UNIQUE (name);


--
-- TOC entry 2748 (class 2606 OID 92663)
-- Name: notification_types notification_types_pkey; Type: CONSTRAINT; Schema: public; Owner: postgres
--

ALTER TABLE ONLY public.notification_types
    ADD CONSTRAINT notification_types_pkey PRIMARY KEY (id);


--
-- TOC entry 2744 (class 2606 OID 92658)
-- Name: notifications notifications_pkey; Type: CONSTRAINT; Schema: public; Owner: postgres
--

ALTER TABLE ONLY public.notifications
    ADD CONSTRAINT notifications_pkey PRIMARY KEY (user_id, notification_type_id);


--
-- TOC entry 2740 (class 2606 OID 92638)
-- Name: profiles profiles_pkey; Type: CONSTRAINT; Schema: public; Owner: postgres
--

ALTER TABLE ONLY public.profiles
    ADD CONSTRAINT profiles_pkey PRIMARY KEY (user_id);


--
-- TOC entry 2726 (class 2606 OID 92617)
-- Name: publications publications_pkey; Type: CONSTRAINT; Schema: public; Owner: postgres
--

ALTER TABLE ONLY public.publications
    ADD CONSTRAINT publications_pkey PRIMARY KEY (id);


--
-- TOC entry 2728 (class 2606 OID 92619)
-- Name: publications publications_title_key; Type: CONSTRAINT; Schema: public; Owner: postgres
--

ALTER TABLE ONLY public.publications
    ADD CONSTRAINT publications_title_key UNIQUE (title);


--
-- TOC entry 2734 (class 2606 OID 92631)
-- Name: users users_email_key; Type: CONSTRAINT; Schema: public; Owner: postgres
--

ALTER TABLE ONLY public.users
    ADD CONSTRAINT users_email_key UNIQUE (email);


--
-- TOC entry 2736 (class 2606 OID 92633)
-- Name: users users_phone_key; Type: CONSTRAINT; Schema: public; Owner: postgres
--

ALTER TABLE ONLY public.users
    ADD CONSTRAINT users_phone_key UNIQUE (phone);


--
-- TOC entry 2738 (class 2606 OID 92629)
-- Name: users users_pkey; Type: CONSTRAINT; Schema: public; Owner: postgres
--

ALTER TABLE ONLY public.users
    ADD CONSTRAINT users_pkey PRIMARY KEY (id);


--
-- TOC entry 2762 (class 2606 OID 93817)
-- Name: bookmarks bookmarks_publication_id_fk; Type: FK CONSTRAINT; Schema: public; Owner: postgres
--

ALTER TABLE ONLY public.bookmarks
    ADD CONSTRAINT bookmarks_publication_id_fk FOREIGN KEY (publication_id) REFERENCES public.publications(id);


--
-- TOC entry 2761 (class 2606 OID 93812)
-- Name: bookmarks bookmarks_user_id_fk; Type: FK CONSTRAINT; Schema: public; Owner: postgres
--

ALTER TABLE ONLY public.bookmarks
    ADD CONSTRAINT bookmarks_user_id_fk FOREIGN KEY (user_id) REFERENCES public.users(id);


--
-- TOC entry 2756 (class 2606 OID 93827)
-- Name: comments comments_publication_id_fk; Type: FK CONSTRAINT; Schema: public; Owner: postgres
--

ALTER TABLE ONLY public.comments
    ADD CONSTRAINT comments_publication_id_fk FOREIGN KEY (publication_id) REFERENCES public.publications(id);


--
-- TOC entry 2757 (class 2606 OID 93832)
-- Name: comments comments_status_id_fk; Type: FK CONSTRAINT; Schema: public; Owner: postgres
--

ALTER TABLE ONLY public.comments
    ADD CONSTRAINT comments_status_id_fk FOREIGN KEY (status_id) REFERENCES public.comment_statuses(id);


--
-- TOC entry 2755 (class 2606 OID 93822)
-- Name: comments comments_user_id_fk; Type: FK CONSTRAINT; Schema: public; Owner: postgres
--

ALTER TABLE ONLY public.comments
    ADD CONSTRAINT comments_user_id_fk FOREIGN KEY (user_id) REFERENCES public.users(id);


--
-- TOC entry 2753 (class 2606 OID 93837)
-- Name: hubs_publications hubs_publications_hub_id_fk; Type: FK CONSTRAINT; Schema: public; Owner: postgres
--

ALTER TABLE ONLY public.hubs_publications
    ADD CONSTRAINT hubs_publications_hub_id_fk FOREIGN KEY (hub_id) REFERENCES public.hubs(id);


--
-- TOC entry 2754 (class 2606 OID 93842)
-- Name: hubs_publications hubs_publications_publication_id_fk; Type: FK CONSTRAINT; Schema: public; Owner: postgres
--

ALTER TABLE ONLY public.hubs_publications
    ADD CONSTRAINT hubs_publications_publication_id_fk FOREIGN KEY (publication_id) REFERENCES public.publications(id);


--
-- TOC entry 2765 (class 2606 OID 93847)
-- Name: images images_owner_id_fk; Type: FK CONSTRAINT; Schema: public; Owner: postgres
--

ALTER TABLE ONLY public.images
    ADD CONSTRAINT images_owner_id_fk FOREIGN KEY (owner_id) REFERENCES public.users(id);


--
-- TOC entry 2758 (class 2606 OID 93862)
-- Name: publications notifications_author_id_fk; Type: FK CONSTRAINT; Schema: public; Owner: postgres
--

ALTER TABLE ONLY public.publications
    ADD CONSTRAINT notifications_author_id_fk FOREIGN KEY (author_id) REFERENCES public.users(id);


--
-- TOC entry 2759 (class 2606 OID 93867)
-- Name: publications notifications_cover_image_id_fk; Type: FK CONSTRAINT; Schema: public; Owner: postgres
--

ALTER TABLE ONLY public.publications
    ADD CONSTRAINT notifications_cover_image_id_fk FOREIGN KEY (cover_image_id) REFERENCES public.images(id);


--
-- TOC entry 2764 (class 2606 OID 93857)
-- Name: notifications notifications_notification_type_id_fk; Type: FK CONSTRAINT; Schema: public; Owner: postgres
--

ALTER TABLE ONLY public.notifications
    ADD CONSTRAINT notifications_notification_type_id_fk FOREIGN KEY (notification_type_id) REFERENCES public.notification_types(id);


--
-- TOC entry 2763 (class 2606 OID 93852)
-- Name: notifications notifications_user_id_fk; Type: FK CONSTRAINT; Schema: public; Owner: postgres
--

ALTER TABLE ONLY public.notifications
    ADD CONSTRAINT notifications_user_id_fk FOREIGN KEY (user_id) REFERENCES public.users(id);


--
-- TOC entry 2760 (class 2606 OID 93796)
-- Name: profiles profiles_avatar_image_id_fk; Type: FK CONSTRAINT; Schema: public; Owner: postgres
--

ALTER TABLE ONLY public.profiles
    ADD CONSTRAINT profiles_avatar_image_id_fk FOREIGN KEY (avatar_image_id) REFERENCES public.images(id);


-- Completed on 2022-09-14 13:59:41

--
-- PostgreSQL database dump complete
--

